{
  "model_path": "agents/credit_appraisal/models/trained/LogisticRegression_20251108-071529.joblib",
  "promoted_at": "2025-11-08T07:15:40.391104+00:00",
  "metrics": {
    "AUC": 0.9339715827064812,
    "Accuracy": 0.8434782608695652,
    "Precision": 0.8198198198198198,
    "Recall": 0.8504672897196262,
    "F1": 0.8348623853211009
  },
  "report": {
    "timestamp": "20251108-071529",
    "model_choice": "LogisticRegression",
    "metrics": {
      "AUC": 0.9339715827064812,
      "Accuracy": 0.8434782608695652,
      "Precision": 0.8198198198198198,
      "Recall": 0.8504672897196262,
      "F1": 0.8348623853211009
    },
    "model_path": "agents/credit_appraisal/models/trained/LogisticRegression_20251108-071529.joblib",
    "features": [
      "application_id",
      "age",
      "income",
      "employment_length",
      "loan_amount",
      "loan_duration_months",
      "collateral_value",
      "collateral_type",
      "co_loaners",
      "credit_score",
      "existing_debt",
      "assets_owned",
      "current_loans",
      "customer_type",
      "DTI",
      "LTV",
      "CCR",
      "ITI",
      "CWI",
      "currency_code",
      "session_flagged",
      "created_at",
      "employment_years",
      "debt_to_income",
      "credit_history_length",
      "num_delinquencies",
      "requested_amount",
      "loan_term_months"
    ],
    "threshold": 0.6165
  }
}