{
  "timestamp": "20251106-193036",
  "model_choice": "LogisticRegression",
  "metrics": {
    "AUC": 0.890625,
    "Accuracy": 0.775,
    "Precision": 0.7586206896551724,
    "Recall": 0.9166666666666666,
    "F1": 0.8301886792452831
  },
  "model_path": "agents/credit_appraisal/models/trained/LogisticRegression_20251106-193036.joblib",
  "features": [
    "age",
    "income",
    "employment_length",
    "loan_amount",
    "loan_duration_months",
    "collateral_value",
    "co_loaners",
    "credit_score",
    "existing_debt",
    "assets_owned",
    "current_loans",
    "DTI",
    "LTV",
    "CCR",
    "ITI",
    "CWI",
    "employment_years",
    "debt_to_income",
    "credit_history_length",
    "num_delinquencies",
    "requested_amount",
    "loan_term_months"
  ],
  "threshold": 0.60305
}