{
  "timestamp": "20251106-061729",
  "model_choice": "GradientBoostingRegressor",
  "trained_model_path": "/home/dzoan/AI-AIGENTbythePeoplesANDBOX/HUGKAG/agents/asset_appraisal/models/trained/GradientBoostingRegressor_asset_20251106-061729.joblib",
  "features": [
    "confidence",
    "loan_amount"
  ],
  "metrics_new": {
    "MAE": 403474.0429391737,
    "RMSE": 495456.89780175296,
    "MAPE%": 112.60529271455499,
    "R2": -0.020373038953501954
  },
  "metrics_prod": null,
  "holdout_rows": 30,
  "source_file": "./.tmp_runs/reviewed_appraisal.20251106-061723.csv",
  "preds_csv": "./.tmp_runs/training_preds_20251106-061729.csv"
}