{
  "timestamp": "20251108-092205",
  "model_choice": "RandomForestRegressor",
  "trained_model_path": "/home/dzoan/AI-AIGENTbythePeoplesANDBOX/HUGKAG/agents/asset_appraisal/models/trained/RandomForestRegressor_asset_20251108-092205.joblib",
  "features": [
    "confidence",
    "loan_amount"
  ],
  "metrics_new": {
    "MAE": 412266.7689997078,
    "RMSE": 489431.83321945125,
    "MAPE%": 118.1933837290543,
    "R2": 0.004292811350565584
  },
  "metrics_prod": null,
  "holdout_rows": 30,
  "source_file": "./.tmp_runs/reviewed_appraisal.20251108-092151.csv",
  "preds_csv": "./.tmp_runs/training_preds_20251108-092205.csv"
}