{
  "timestamp": "20251109-024228",
  "model_choice": "RandomForestRegressor",
  "trained_model_path": "/home/dzoan/AI-AIGENTbythePeoplesANDBOX/HUGKAG/agents/asset_appraisal/models/trained/RandomForestRegressor_asset_20251109-024228.joblib",
  "features": [
    "confidence",
    "loan_amount"
  ],
  "metrics_new": {
    "MAE": 208583.01722605518,
    "RMSE": 325917.30301966873,
    "MAPE%": 140.71365436426439,
    "R2": 0.47209680085630434
  },
  "metrics_prod": null,
  "holdout_rows": 30,
  "source_file": "./.tmp_runs/reviewed_appraisal.20251109-024132.csv",
  "preds_csv": "./.tmp_runs/training_preds_20251109-024228.csv"
}