{
  "timestamp": "20251106-113402",
  "model_choice": "GradientBoostingRegressor",
  "trained_model_path": "/home/dzoan/AI-AIGENTbythePeoplesANDBOX/HUGKAG/agents/asset_appraisal/models/trained/GradientBoostingRegressor_asset_20251106-113402.joblib",
  "features": [
    "confidence",
    "loan_amount"
  ],
  "metrics_new": {
    "MAE": 402517.54394498956,
    "RMSE": 495733.52765361115,
    "MAPE%": 112.00518142488507,
    "R2": -0.02151277257289852
  },
  "metrics_prod": null,
  "holdout_rows": 30,
  "source_file": "./.tmp_runs/reviewed_appraisal.20251106-113355.csv",
  "preds_csv": "./.tmp_runs/training_preds_20251106-113402.csv"
}