{
  "timestamp": "20251106-110408",
  "model_choice": "GradientBoostingRegressor",
  "trained_model_path": "/home/dzoan/AI-AIGENTbythePeoplesANDBOX/HUGKAG/agents/asset_appraisal/models/trained/GradientBoostingRegressor_asset_20251106-110408.joblib",
  "features": [
    "confidence",
    "loan_amount"
  ],
  "metrics_new": {
    "MAE": 406149.62719360925,
    "RMSE": 497138.0431118403,
    "MAPE%": 113.02847474252422,
    "R2": -0.027309285592810983
  },
  "metrics_prod": null,
  "holdout_rows": 30,
  "source_file": "./.tmp_runs/reviewed_appraisal.20251106-110359.csv",
  "preds_csv": "./.tmp_runs/training_preds_20251106-110408.csv"
}