{
  "timestamp": "20251107-104724",
  "model_choice": "GradientBoostingRegressor",
  "trained_model_path": "/home/dzoan/AI-AIGENTbythePeoplesANDBOX/HUGKAG/agents/asset_appraisal/models/trained/GradientBoostingRegressor_asset_20251107-104724.joblib",
  "features": [
    "confidence",
    "loan_amount"
  ],
  "metrics_new": {
    "MAE": 212040.78071743896,
    "RMSE": 339403.9227748371,
    "MAPE%": 134.42182670361242,
    "R2": 0.42750305543301226
  },
  "metrics_prod": null,
  "holdout_rows": 30,
  "source_file": "./.tmp_runs/reviewed_appraisal.20251107-104655.csv",
  "preds_csv": "./.tmp_runs/training_preds_20251107-104724.csv"
}