{
  "timestamp": "20251118-093906",
  "model_choice": "LinearRegression",
  "trained_model_path": "/home/dzoan/AI-AIGENTbythePeoplesANDBOX/HUGKAG/agents/asset_appraisal/models/trained/LinearRegression_asset_20251118-093906.joblib",
  "features": [
    "confidence",
    "loan_amount"
  ],
  "metrics_new": {
    "MAE": 219950.39821606077,
    "RMSE": 311854.33229297615,
    "MAPE%": 133.37920546139608,
    "R2": 0.5166708134172858
  },
  "metrics_prod": null,
  "holdout_rows": 30,
  "source_file": "./.tmp_runs/reviewed_appraisal.20251118-093857.csv",
  "preds_csv": "./.tmp_runs/training_preds_20251118-093906.csv"
}