{
  "timestamp": "20251106-070257",
  "model_choice": "GradientBoostingRegressor",
  "trained_model_path": "/home/dzoan/AI-AIGENTbythePeoplesANDBOX/HUGKAG/agents/asset_appraisal/models/trained/GradientBoostingRegressor_asset_20251106-070257.joblib",
  "features": [
    "confidence",
    "loan_amount"
  ],
  "metrics_new": {
    "MAE": 400844.25201368163,
    "RMSE": 491521.06220149697,
    "MAPE%": 112.01324075967338,
    "R2": -0.004226047292503976
  },
  "metrics_prod": null,
  "holdout_rows": 30,
  "source_file": "./.tmp_runs/reviewed_appraisal.20251106-070144.csv",
  "preds_csv": "./.tmp_runs/training_preds_20251106-070257.csv"
}