{
  "timestamp": "20251107-111832",
  "model_choice": "GradientBoostingRegressor",
  "trained_model_path": "/home/dzoan/AI-AIGENTbythePeoplesANDBOX/HUGKAG/agents/asset_appraisal/models/trained/GradientBoostingRegressor_asset_20251107-111832.joblib",
  "features": [
    "confidence",
    "loan_amount"
  ],
  "metrics_new": {
    "MAE": 214838.16188694938,
    "RMSE": 340053.36506763817,
    "MAPE%": 135.10687426928055,
    "R2": 0.42531003748213325
  },
  "metrics_prod": null,
  "holdout_rows": 30,
  "source_file": "./.tmp_runs/reviewed_appraisal.20251107-111805.csv",
  "preds_csv": "./.tmp_runs/training_preds_20251107-111832.csv"
}