{
  "timestamp": "20251107-113929",
  "model_choice": "GradientBoostingRegressor",
  "trained_model_path": "/home/dzoan/AI-AIGENTbythePeoplesANDBOX/HUGKAG/agents/asset_appraisal/models/trained/GradientBoostingRegressor_asset_20251107-113929.joblib",
  "features": [
    "confidence",
    "loan_amount"
  ],
  "metrics_new": {
    "MAE": 405157.50035482744,
    "RMSE": 496914.35495167255,
    "MAPE%": 112.74108480765126,
    "R2": -0.026385014242306548
  },
  "metrics_prod": null,
  "holdout_rows": 30,
  "source_file": "./.tmp_runs/reviewed_appraisal.20251107-113924.csv",
  "preds_csv": "./.tmp_runs/training_preds_20251107-113929.csv"
}