application_id,asset_id,asset_type,age_years,market_value,condition_score,legal_penalty,employment_years,credit_history_years,delinquencies,current_loans,loan_amount,customer_type,city,lat,lon,depreciation_rate,market_segment,DTI,LTV,evidence_files,geohash,ai_adjusted,confidence,market_delta,decision,rule_reasons,ltv_ai,fmv,why
APP_0001,A0001,House,34,759172,0.1999999999999999,0.9573891686271097,15,21,0,4,46055,bank,Can Tho,10.0452,105.7469,3.00766282751892,High,0.5193571892754305,0.0606647768885048,[],"10.045,105.747",127266.71604186394,55.0,-83.24,denied,"{'min_emp_years': True, 'min_credit_hist': True, 'max_delinquencies': True, 'amount_min': True, 'amount_max': True, 'max_dti': False}",0.3618778061724353,127266.71604186394,"Condition, comps, and features (placeholder)"
APP_0002,A0002,Land,11,1661269,0.6200000000000001,0.9968063731687872,10,11,2,2,13450,bank,Hue,16.4637,107.5909,39.00562034454976,High,0.4756512267182365,0.05,[],"16.464,107.591",970229.0303214996,63.9,-41.6,denied,"{'min_emp_years': True, 'min_credit_hist': True, 'max_delinquencies': True, 'amount_min': True, 'amount_max': True, 'max_dti': False}",0.0138627062061244,970229.0303214996,"Condition, comps, and features (placeholder)"
APP_0003,A0003,Land,36,69336,0.15,0.9718952018599376,15,24,2,1,19863,bank,Hanoi,21.0285,105.8542,17.792078306927017,Mass,0.6332384782728779,0.2864745586708203,[],"21.029,105.854",8591.88402881048,55.0,-87.61,denied,"{'min_emp_years': True, 'min_credit_hist': True, 'max_delinquencies': True, 'amount_min': True, 'amount_max': True, 'max_dti': False}",2.3118328801220995,8591.88402881048,"Condition, comps, and features (placeholder)"
APP_0004,A0004,Car,12,1797513,0.45,0.9691659911388704,28,19,5,2,123185,bank,Hanoi,21.0285,105.8542,14.640995532756596,High,0.604783724638867,0.068530797830113,[],"21.029,105.854",736903.4220612918,60.0,-59.0,denied,"{'min_emp_years': True, 'min_credit_hist': True, 'max_delinquencies': False, 'amount_min': True, 'amount_max': True, 'max_dti': False}",0.1671657320513218,736903.4220612918,"Condition, comps, and features (placeholder)"
APP_0005,A0005,Car,17,1108512,0.4899999999999999,0.9864842854338688,2,16,1,4,39689,non-bank,Can Tho,10.0452,105.7469,35.76410384996988,High,0.8932357046988467,0.05,[],"10.045,105.747",490284.0267441363,61.1,-55.77,denied,"{'min_emp_years': True, 'min_credit_hist': True, 'max_delinquencies': True, 'amount_min': True, 'amount_max': True, 'max_dti': False}",0.0809510362056164,490284.0267441363,"Condition, comps, and features (placeholder)"
APP_0006,A0006,Factory,26,323485,0.35,0.977649653262645,29,22,2,1,53943,bank,HCMC,10.7769,106.7009,34.386416117443495,Mass,0.8995086228405597,0.1667558001143793,[],"10.777,106.701",98225.63985542725,58.2,-69.64,denied,"{'min_emp_years': True, 'min_credit_hist': True, 'max_delinquencies': True, 'amount_min': True, 'amount_max': True, 'max_dti': False}",0.5491743304436159,98225.63985542725,"Condition, comps, and features (placeholder)"
APP_0007,A0007,House,5,639249,0.5900000000000001,0.9968069993419232,13,12,2,7,171004,bank,Hue,16.4637,107.5909,23.23542722734785,High,0.4889904922402948,0.2675076535121682,[],"16.464,107.591",377550.44649105903,63.3,-40.94,denied,"{'min_emp_years': True, 'min_credit_hist': True, 'max_delinquencies': True, 'amount_min': True, 'amount_max': True, 'max_dti': False}",0.4529302020148707,377550.44649105903,"Condition, comps, and features (placeholder)"
APP_0008,A0008,Land,22,1130370,0.4700000000000001,0.9890150746954696,23,18,0,3,176038,bank,Hanoi,21.0285,105.8542,1.3507235142727336,High,0.1309192239167343,0.155734847881667,[],"21.029,105.854",467639.7273441057,60.7,-58.63,approved,"{'min_emp_years': True, 'min_credit_hist': True, 'max_delinquencies': True, 'amount_min': True, 'amount_max': True, 'max_dti': True}",0.3764393607014167,467639.7273441057,"Condition, comps, and features (placeholder)"
APP_0009,A0009,Apartment,20,665599,0.42,0.973968478206227,12,7,0,6,169415,bank,HCMC,10.7769,106.7009,16.158297870625084,High,0.6686668041234106,0.2545301300032001,[],"10.777,106.701",257299.33347034533,59.5,-61.34,denied,"{'min_emp_years': True, 'min_credit_hist': True, 'max_delinquencies': True, 'amount_min': True, 'amount_max': True, 'max_dti': False}",0.6584354406014258,257299.33347034533,"Condition, comps, and features (placeholder)"
APP_0010,A0010,House,31,261722,0.13,0.9688179736740412,9,24,2,5,58196,bank,HCMC,10.7769,106.7009,2.679071135991551,Mass,0.8801644664841008,0.2223580745982378,[],"10.777,106.701",29419.412438329076,55.0,-88.76,denied,"{'min_emp_years': True, 'min_credit_hist': True, 'max_delinquencies': True, 'amount_min': True, 'amount_max': True, 'max_dti': False}",1.978149635788761,29419.412438329076,"Condition, comps, and features (placeholder)"
APP_0011,A0011,Car,39,1348678,0.1599999999999999,0.999331577246216,23,15,0,2,127740,non-bank,HCMC,10.7769,106.7009,7.82556337548117,High,0.3205774294846673,0.0947149727362647,[],"10.777,106.701",186963.55787465823,55.0,-86.14,approved,"{'min_emp_years': True, 'min_credit_hist': True, 'max_delinquencies': True, 'amount_min': True, 'amount_max': True, 'max_dti': True}",0.6832347514783487,186963.55787465823,"Condition, comps, and features (placeholder)"
APP_0012,A0012,Factory,26,1360868,0.4499999999999999,0.9858880118001822,20,19,0,1,126046,non-bank,Hue,16.4637,107.5909,21.304735937788344,High,0.4420275529619377,0.0926217678716819,[],"16.464,107.591",525261.2394388348,60.3,-61.4,approved,"{'min_emp_years': True, 'min_credit_hist': True, 'max_delinquencies': True, 'amount_min': True, 'amount_max': True, 'max_dti': True}",0.2399682111222632,525261.2394388348,"Condition, comps, and features (placeholder)"
APP_0013,A0013,Land,16,281804,0.4299999999999999,0.997559733000192,4,11,2,5,45197,non-bank,Can Tho,10.0452,105.7469,8.609462029912507,Mass,0.4110603860931375,0.1603845225759748,[],"10.045,105.747",111209.61737816152,60.1,-60.54,approved,"{'min_emp_years': True, 'min_credit_hist': True, 'max_delinquencies': True, 'amount_min': True, 'amount_max': True, 'max_dti': True}",0.4064126922252628,111209.61737816152,"Condition, comps, and features (placeholder)"
APP_0014,A0014,Land,16,598405,0.5699999999999998,0.955923928860852,21,21,1,2,115172,non-bank,Can Tho,10.0452,105.7469,39.286528640920494,High,0.0937062813733899,0.192464969376927,[],"10.045,105.747",299972.3529960485,62.2,-49.87,approved,"{'min_emp_years': True, 'min_credit_hist': True, 'max_delinquencies': True, 'amount_min': True, 'amount_max': True, 'max_dti': True}",0.3839420494911981,299972.3529960485,"Condition, comps, and features (placeholder)"
APP_0015,A0015,Land,17,525552,0.4799999999999998,0.9925266839595392,22,1,3,1,109798,non-bank,Hue,16.4637,107.5909,35.63424012937061,High,0.6214247665399282,0.2089193838097847,[],"16.464,107.591",229097.4293686069,61.0,-56.41,denied,"{'min_emp_years': True, 'min_credit_hist': False, 'max_delinquencies': False, 'amount_min': True, 'amount_max': True, 'max_dti': False}",0.4792633435591292,229097.4293686069,"Condition, comps, and features (placeholder)"
APP_0016,A0016,Land,32,1335874,0.15,0.9818536941995604,11,2,0,7,85271,non-bank,HCMC,10.7769,106.7009,6.822855404690542,High,0.3503370408081976,0.0638316188502808,[],"10.777,106.701",170577.84848616295,55.0,-87.23,denied,"{'min_emp_years': True, 'min_credit_hist': False, 'max_delinquencies': True, 'amount_min': True, 'amount_max': True, 'max_dti': True}",0.4998949204527988,170577.84848616295,"Condition, comps, and features (placeholder)"
APP_0017,A0017,Car,13,1474076,0.6,0.9560960839167556,27,12,1,3,152815,bank,Can Tho,10.0452,105.7469,8.127316466993529,High,0.719344293436777,0.1036683318906216,[],"10.045,105.747",790650.001248574,62.8,-46.36,denied,"{'min_emp_years': True, 'min_credit_hist': True, 'max_delinquencies': True, 'amount_min': True, 'amount_max': True, 'max_dti': False}",0.193277682613898,790650.001248574,"Condition, comps, and features (placeholder)"
APP_0018,A0018,House,7,1467639,0.76,0.979412899998461,19,18,2,0,138747,bank,Da Nang,16.0544,108.2022,30.694370321342657,High,0.7573020639896881,0.0945375531721356,[],"16.054,108.202",1085833.39437813,66.4,-26.01,denied,"{'min_emp_years': True, 'min_credit_hist': True, 'max_delinquencies': True, 'amount_min': True, 'amount_max': True, 'max_dti': False}",0.1277792714042121,1085833.39437813,"Condition, comps, and features (placeholder)"
APP_0019,A0019,Factory,14,1880584,0.38,0.9843048182552724,10,20,5,3,111204,bank,Da Nang,16.0544,108.2022,18.769216376037857,High,0.7480461686081686,0.0591326949500793,[],"16.054,108.202",654167.3931507554,58.9,-65.21,denied,"{'min_emp_years': True, 'min_credit_hist': True, 'max_delinquencies': False, 'amount_min': True, 'amount_max': True, 'max_dti': False}",0.1699931870104271,654167.3931507554,"Condition, comps, and features (placeholder)"
APP_0020,A0020,Car,1,1548862,0.74,0.95061513429443,0,11,3,3,147896,bank,Hue,16.4637,107.5909,15.75936717199956,High,0.4041660983338981,0.0954868800448329,[],"16.464,107.591",1084107.251883725,65.6,-30.01,denied,"{'min_emp_years': False, 'min_credit_hist': True, 'max_delinquencies': False, 'amount_min': True, 'amount_max': True, 'max_dti': True}",0.1364219266525693,1084107.251883725,"Condition, comps, and features (placeholder)"
APP_0021,A0021,Car,5,675324,0.47,0.9727158980920872,20,16,5,6,154990,bank,Hue,16.4637,107.5909,5.290441848959548,High,0.3233138299047646,0.2295046525815756,[],"16.464,107.591",301023.68775050924,60.5,-55.43,denied,"{'min_emp_years': True, 'min_credit_hist': True, 'max_delinquencies': False, 'amount_min': True, 'amount_max': True, 'max_dti': True}",0.5148764243711509,301023.68775050924,"Condition, comps, and features (placeholder)"
APP_0022,A0022,Apartment,4,260094,0.67,0.991269975559816,6,13,2,5,117718,non-bank,Can Tho,10.0452,105.7469,15.875713706450975,Mass,0.6864976627169966,0.4525979069105785,[],"10.045,105.747",174365.43152888116,64.8,-32.96,denied,"{'min_emp_years': True, 'min_credit_hist': True, 'max_delinquencies': True, 'amount_min': True, 'amount_max': True, 'max_dti': False}",0.6751223506162785,174365.43152888116,"Condition, comps, and features (placeholder)"
APP_0023,A0023,House,31,1248553,0.25,0.9647679512672044,22,24,2,1,60858,bank,Da Nang,16.0544,108.2022,23.49713722905279,High,0.7311810187663146,0.05,[],"16.054,108.202",263648.9279590339,56.0,-78.88,denied,"{'min_emp_years': True, 'min_credit_hist': True, 'max_delinquencies': True, 'amount_min': True, 'amount_max': True, 'max_dti': False}",0.2308296888256499,263648.9279590339,"Condition, comps, and features (placeholder)"
APP_0024,A0024,Factory,29,1836223,0.29,0.9729274040899276,15,16,2,1,154100,bank,Hue,16.4637,107.5909,25.03263826371269,High,0.4675688294326612,0.0839222687004792,[],"16.464,107.591",442965.5702427783,56.9,-75.88,denied,"{'min_emp_years': True, 'min_credit_hist': True, 'max_delinquencies': True, 'amount_min': True, 'amount_max': True, 'max_dti': False}",0.3478825677479666,442965.5702427783,"Condition, comps, and features (placeholder)"
APP_0025,A0025,Land,28,1951552,0.1,0.9721157063533946,14,10,5,4,146346,bank,Hue,16.4637,107.5909,22.96471654505961,High,0.8090763666058576,0.0749895467812284,[],"16.464,107.591",163153.5541830227,55.0,-91.64,denied,"{'min_emp_years': True, 'min_credit_hist': True, 'max_delinquencies': False, 'amount_min': True, 'amount_max': True, 'max_dti': False}",0.8969832176369981,163153.5541830227,"Condition, comps, and features (placeholder)"
APP_0026,A0026,Land,19,498917,0.37,0.9650963695721244,4,24,5,0,196849,bank,HCMC,10.7769,106.7009,13.922758976801042,Mass,0.1723223916667745,0.3945526009336222,[],"10.777,106.701",164455.90016049868,58.4,-67.04,denied,"{'min_emp_years': True, 'min_credit_hist': True, 'max_delinquencies': False, 'amount_min': True, 'amount_max': True, 'max_dti': True}",1.1969713449495438,164455.90016049868,"Condition, comps, and features (placeholder)"
APP_0027,A0027,Car,28,511088,0.1299999999999999,0.9959220947757778,21,2,5,2,38459,bank,HCMC,10.7769,106.7009,5.300374729907009,High,0.7972084627101161,0.0752492721410011,[],"10.777,106.701",58044.76093745959,55.0,-88.64,denied,"{'min_emp_years': True, 'min_credit_hist': False, 'max_delinquencies': False, 'amount_min': True, 'amount_max': True, 'max_dti': False}",0.6625748711660249,58044.76093745959,"Condition, comps, and features (placeholder)"
APP_0028,A0028,Factory,7,122954,0.6299999999999999,0.9890647017715758,4,24,4,1,89661,non-bank,Hue,16.4637,107.5909,21.84412471694801,Mass,0.1316809480260991,0.7292239374074857,[],"16.464,107.591",73932.47202263928,63.9,-39.87,denied,"{'min_emp_years': True, 'min_credit_hist': True, 'max_delinquencies': False, 'amount_min': True, 'amount_max': True, 'max_dti': True}",1.2127418108317058,73932.47202263928,"Condition, comps, and features (placeholder)"
APP_0029,A0029,Car,36,325461,0.13,0.9555294205498056,12,3,3,0,185603,bank,Hanoi,21.0285,105.8542,30.08641748194567,Mass,0.1804966937464218,0.5702772375184738,[],"21.029,105.854",34364.12546194241,55.0,-89.44,denied,"{'min_emp_years': True, 'min_credit_hist': True, 'max_delinquencies': False, 'amount_min': True, 'amount_max': True, 'max_dti': True}",5.401068629130448,34364.12546194241,"Condition, comps, and features (placeholder)"
APP_0030,A0030,Car,20,1131962,0.2399999999999999,0.9998517328918788,25,7,3,7,107770,non-bank,HCMC,10.7769,106.7009,30.53350548009676,High,0.5037640112828663,0.095206376185773,[],"10.777,106.701",249356.8909324321,56.3,-77.97,denied,"{'min_emp_years': True, 'min_credit_hist': True, 'max_delinquencies': False, 'amount_min': True, 'amount_max': True, 'max_dti': False}",0.4321917858255711,249356.8909324321,"Condition, comps, and features (placeholder)"
APP_0031,A0031,Car,37,1116266,0.1,0.9939600012153872,27,20,5,0,189098,bank,Hue,16.4637,107.5909,10.159428790262147,High,0.1073907081593027,0.1694022750849708,[],"16.464,107.591",94309.5191509191,55.0,-91.55,denied,"{'min_emp_years': True, 'min_credit_hist': True, 'max_delinquencies': False, 'amount_min': True, 'amount_max': True, 'max_dti': True}",2.00507861457119,94309.5191509191,"Condition, comps, and features (placeholder)"
APP_0032,A0032,Apartment,6,773298,0.83,0.964195421893202,29,18,1,0,12369,bank,Can Tho,10.0452,105.7469,7.337249463043582,High,0.0948860361900938,0.05,[],"10.045,105.747",618299.6538657651,67.6,-20.04,approved,"{'min_emp_years': True, 'min_credit_hist': True, 'max_delinquencies': True, 'amount_min': True, 'amount_max': True, 'max_dti': True}",0.0200048632126282,618299.6538657651,"Condition, comps, and features (placeholder)"
APP_0033,A0033,House,20,654413,0.29,0.9918448289830468,28,24,2,7,16682,bank,Da Nang,16.0544,108.2022,35.788876805835,High,0.0504409325408496,0.05,[],"16.054,108.202",174491.14142312526,57.2,-73.34,approved,"{'min_emp_years': True, 'min_credit_hist': True, 'max_delinquencies': True, 'amount_min': True, 'amount_max': True, 'max_dti': True}",0.0956037072366192,174491.14142312526,"Condition, comps, and features (placeholder)"
APP_0034,A0034,Car,28,1668089,0.1599999999999999,0.9553209765935692,16,18,5,1,161245,non-bank,HCMC,10.7769,106.7009,37.33764572179288,High,0.4208691607401236,0.0966645065101442,[],"10.777,106.701",223659.39101870728,55.0,-86.59,denied,"{'min_emp_years': True, 'min_credit_hist': True, 'max_delinquencies': False, 'amount_min': True, 'amount_max': True, 'max_dti': True}",0.7209399939147343,223659.39101870728,"Condition, comps, and features (placeholder)"
APP_0035,A0035,Factory,20,947066,0.32,0.999955236523712,6,15,2,6,78101,non-bank,Da Nang,16.0544,108.2022,16.22265344974193,High,0.7084302990983954,0.0824662695102558,[],"16.054,108.202",272742.79853766697,57.9,-71.2,denied,"{'min_emp_years': True, 'min_credit_hist': True, 'max_delinquencies': True, 'amount_min': True, 'amount_max': True, 'max_dti': False}",0.2863540317791889,272742.79853766697,"Condition, comps, and features (placeholder)"
APP_0036,A0036,House,18,1626090,0.59,0.9832842368053268,25,8,1,0,108843,bank,Hue,16.4637,107.5909,34.15307023229207,High,0.0796125977379283,0.0669354094791801,[],"16.464,107.591",884207.6838992585,63.0,-45.62,approved,"{'min_emp_years': True, 'min_credit_hist': True, 'max_delinquencies': True, 'amount_min': True, 'amount_max': True, 'max_dti': True}",0.1230966457111233,884207.6838992585,"Condition, comps, and features (placeholder)"
APP_0037,A0037,Factory,7,1928263,0.6799999999999999,0.9825062507779398,24,0,3,1,91321,non-bank,Da Nang,16.0544,108.2022,7.013432381746343,High,0.6044189654959771,0.05,[],"16.054,108.202",1243190.881712476,64.8,-35.53,denied,"{'min_emp_years': True, 'min_credit_hist': False, 'max_delinquencies': False, 'amount_min': True, 'amount_max': True, 'max_dti': False}",0.0734569416035345,1243190.881712476,"Condition, comps, and features (placeholder)"
APP_0038,A0038,Factory,15,668420,0.6499999999999999,0.9545220363492066,29,3,1,0,87512,bank,Hanoi,21.0285,105.8542,27.586613043037023,High,0.7496582198037586,0.1309236707459382,[],"21.029,105.854",383610.4987463426,63.8,-42.61,denied,"{'min_emp_years': True, 'min_credit_hist': True, 'max_delinquencies': True, 'amount_min': True, 'amount_max': True, 'max_dti': False}",0.2281272287541487,383610.4987463426,"Condition, comps, and features (placeholder)"
APP_0039,A0039,Apartment,10,445339,0.4,0.9948516699448312,19,7,5,5,188500,non-bank,Da Nang,16.0544,108.2022,34.24512268115429,Mass,0.1928007212911904,0.4232730571542129,[],"16.054,108.202",173408.30140518706,59.4,-61.06,denied,"{'min_emp_years': True, 'min_credit_hist': True, 'max_delinquencies': False, 'amount_min': True, 'amount_max': True, 'max_dti': True}",1.0870298507771528,173408.30140518706,"Condition, comps, and features (placeholder)"
APP_0040,A0040,Land,12,1908153,0.39,0.9514499751602234,4,1,5,4,27873,bank,Da Nang,16.0544,108.2022,3.1611811005019863,High,0.1748341745981936,0.05,[],"16.054,108.202",665566.7448240687,58.6,-65.12,denied,"{'min_emp_years': True, 'min_credit_hist': False, 'max_delinquencies': False, 'amount_min': True, 'amount_max': True, 'max_dti': True}",0.04187859477169,665566.7448240687,"Condition, comps, and features (placeholder)"
APP_0041,A0041,House,27,1287920,0.3199999999999999,0.9620414029020572,15,12,1,3,156721,bank,Hue,16.4637,107.5909,33.37873109058888,High,0.7816808275774557,0.1216853531275234,[],"16.464,107.591",353253.082999118,57.3,-72.57,denied,"{'min_emp_years': True, 'min_credit_hist': True, 'max_delinquencies': True, 'amount_min': True, 'amount_max': True, 'max_dti': False}",0.4436507635529718,353253.082999118,"Condition, comps, and features (placeholder)"
APP_0042,A0042,Land,25,617289,0.3199999999999999,0.9571510937583316,13,19,3,1,179034,non-bank,Can Tho,10.0452,105.7469,28.611196706482577,High,0.7496559184575805,0.2900327075324523,[],"10.045,105.747",165434.87562419623,57.3,-73.2,denied,"{'min_emp_years': True, 'min_credit_hist': True, 'max_delinquencies': False, 'amount_min': True, 'amount_max': True, 'max_dti': False}",1.0822022824660968,165434.87562419623,"Condition, comps, and features (placeholder)"
APP_0043,A0043,Land,24,1262626,0.27,0.988838397034611,25,24,5,0,134908,bank,Can Tho,10.0452,105.7469,33.855464192317655,High,0.5081005013245589,0.1068471582242089,[],"10.045,105.747",296651.4574068673,56.7,-76.51,denied,"{'min_emp_years': True, 'min_credit_hist': True, 'max_delinquencies': False, 'amount_min': True, 'amount_max': True, 'max_dti': False}",0.4547693821539842,296651.4574068673,"Condition, comps, and features (placeholder)"
APP_0044,A0044,Apartment,15,1054361,0.3799999999999999,0.9599102113606448,11,12,4,4,85051,bank,Hue,16.4637,107.5909,35.380397453385804,High,0.7463198973998832,0.0806659199268561,[],"16.464,107.591",366422.80844553845,58.5,-65.25,denied,"{'min_emp_years': True, 'min_credit_hist': True, 'max_delinquencies': False, 'amount_min': True, 'amount_max': True, 'max_dti': False}",0.2321116427244489,366422.80844553845,"Condition, comps, and features (placeholder)"
APP_0045,A0045,House,38,1815787,0.16,0.9955319113565444,9,21,1,1,40402,bank,HCMC,10.7769,106.7009,39.1540793465424,High,0.1288426658108205,0.05,[],"10.777,106.701",258135.83330932495,55.0,-85.78,approved,"{'min_emp_years': True, 'min_credit_hist': True, 'max_delinquencies': True, 'amount_min': True, 'amount_max': True, 'max_dti': True}",0.1565144965812869,258135.83330932495,"Condition, comps, and features (placeholder)"
APP_0046,A0046,Factory,4,549131,0.65,0.9828134519663744,2,24,3,4,139690,bank,Da Nang,16.0544,108.2022,37.7841836334296,High,0.3853092902479412,0.2543837444981252,[],"16.054,108.202",343784.6535616429,64.2,-37.39,denied,"{'min_emp_years': True, 'min_credit_hist': True, 'max_delinquencies': False, 'amount_min': True, 'amount_max': True, 'max_dti': True}",0.4063299468222267,343784.6535616429,"Condition, comps, and features (placeholder)"
APP_0047,A0047,Car,14,1983196,0.4199999999999999,0.9518081355247348,25,21,3,5,99071,non-bank,Hanoi,21.0285,105.8542,33.0143411625659,High,0.677127922690417,0.05,[],"21.029,105.854",737305.1872369273,59.2,-62.82,denied,"{'min_emp_years': True, 'min_credit_hist': True, 'max_delinquencies': False, 'amount_min': True, 'amount_max': True, 'max_dti': False}",0.1343690532970091,737305.1872369273,"Condition, comps, and features (placeholder)"
APP_0048,A0048,Factory,5,1875284,0.5700000000000001,0.950271491706435,22,11,3,6,38381,non-bank,Can Tho,10.0452,105.7469,37.86472269491299,High,0.2688341654253688,0.05,[],"10.045,105.747",990362.5745425718,62.2,-47.19,denied,"{'min_emp_years': True, 'min_credit_hist': True, 'max_delinquencies': False, 'amount_min': True, 'amount_max': True, 'max_dti': True}",0.0387544935426577,990362.5745425718,"Condition, comps, and features (placeholder)"
APP_0049,A0049,Land,14,402368,0.63,0.95258289585072,1,8,0,3,78333,non-bank,Can Tho,10.0452,105.7469,16.354247355561146,Mass,0.6894795772685198,0.1946799944329569,[],"10.045,105.747",224568.95165020644,63.4,-44.19,denied,"{'min_emp_years': False, 'min_credit_hist': True, 'max_delinquencies': True, 'amount_min': True, 'amount_max': True, 'max_dti': False}",0.348814915972949,224568.95165020644,"Condition, comps, and features (placeholder)"
APP_0050,A0050,Land,38,370985,0.19,0.9802962588823864,13,24,1,0,192694,bank,Can Tho,10.0452,105.7469,12.77141892801974,Mass,0.4785518137321917,0.5194118360580616,[],"10.045,105.747",58733.54602763935,55.0,-84.17,denied,"{'min_emp_years': True, 'min_credit_hist': True, 'max_delinquencies': True, 'amount_min': True, 'amount_max': True, 'max_dti': False}",3.280816722854097,58733.54602763935,"Condition, comps, and features (placeholder)"
APP_0051,A0051,Land,15,1089655,0.3899999999999999,0.9900740905429708,14,6,5,2,60423,bank,HCMC,10.7769,106.7009,24.254781726718868,High,0.6877260897559981,0.055451496115743,[],"10.777,106.701",396975.0600206515,59.2,-63.57,denied,"{'min_emp_years': True, 'min_credit_hist': True, 'max_delinquencies': False, 'amount_min': True, 'amount_max': True, 'max_dti': False}",0.1522085543531542,396975.0600206515,"Condition, comps, and features (placeholder)"
APP_0052,A0052,House,36,137575,0.1,0.9619276410313694,14,10,1,6,43903,bank,HCMC,10.7769,106.7009,27.280356121918025,Mass,0.4449776921787301,0.3191204797383245,[],"10.777,106.701",11811.094672928992,55.0,-91.41,approved,"{'min_emp_years': True, 'min_credit_hist': True, 'max_delinquencies': True, 'amount_min': True, 'amount_max': True, 'max_dti': True}",3.7170983059365024,11811.094672928992,"Condition, comps, and features (placeholder)"
APP_0053,A0053,Apartment,20,632656,0.4299999999999999,0.9924704421461537,27,1,1,4,139575,bank,Can Tho,10.0452,105.7469,19.8189505191108,High,0.3627186891885449,0.2206175235831162,[],"10.045,105.747",250284.18161030216,60.0,-60.44,denied,"{'min_emp_years': True, 'min_credit_hist': False, 'max_delinquencies': True, 'amount_min': True, 'amount_max': True, 'max_dti': True}",0.5576660862144347,250284.18161030216,"Condition, comps, and features (placeholder)"
APP_0054,A0054,Car,28,898439,0.2699999999999999,0.9528615970076628,4,19,1,4,47912,bank,Da Nang,16.0544,108.2022,4.999802310615653,High,0.2363108340068374,0.0533280500957772,[],"16.054,108.202",198783.6383261912,56.2,-77.87,approved,"{'min_emp_years': True, 'min_credit_hist': True, 'max_delinquencies': True, 'amount_min': True, 'amount_max': True, 'max_dti': True}",0.2410258731726173,198783.6383261912,"Condition, comps, and features (placeholder)"
APP_0055,A0055,Car,18,1940277,0.5,0.9900481926820838,9,16,1,3,184782,non-bank,Hue,16.4637,107.5909,5.95473492711176,High,0.2271224402197627,0.095234855641746,[],"16.464,107.591",874040.3204044402,61.4,-54.95,approved,"{'min_emp_years': True, 'min_credit_hist': True, 'max_delinquencies': True, 'amount_min': True, 'amount_max': True, 'max_dti': True}",0.211411299554804,874040.3204044402,"Condition, comps, and features (placeholder)"
APP_0056,A0056,House,11,1985132,0.75,0.996389771508614,5,2,0,1,173206,non-bank,Da Nang,16.0544,108.2022,38.26099751948833,High,0.6887671889856867,0.0872516286070649,[],"16.054,108.202",1443939.335088188,66.4,-27.26,denied,"{'min_emp_years': True, 'min_credit_hist': False, 'max_delinquencies': True, 'amount_min': True, 'amount_max': True, 'max_dti': False}",0.1199537929267793,1443939.335088188,"Condition, comps, and features (placeholder)"
APP_0057,A0057,Car,30,345502,0.1,0.988605419955219,7,5,2,7,196870,non-bank,Da Nang,16.0544,108.2022,32.74006361613904,Mass,0.1510737958288664,0.5698085684019195,[],"16.054,108.202",29033.03773345629,55.0,-91.6,approved,"{'min_emp_years': True, 'min_credit_hist': True, 'max_delinquencies': True, 'amount_min': True, 'amount_max': True, 'max_dti': True}",6.780895675037696,29033.03773345629,"Condition, comps, and features (placeholder)"
APP_0058,A0058,House,38,1788770,0.1,0.9849060391989318,27,13,5,6,183390,bank,Hue,16.4637,107.5909,30.530205155824163,High,0.1230849975943033,0.1025229627062171,[],"16.464,107.591",154242.9963958508,55.0,-91.38,denied,"{'min_emp_years': True, 'min_credit_hist': True, 'max_delinquencies': False, 'amount_min': True, 'amount_max': True, 'max_dti': True}",1.1889680846794888,154242.9963958508,"Condition, comps, and features (placeholder)"
APP_0059,A0059,Land,11,227311,0.5700000000000001,0.9918990109327692,28,13,0,7,56315,bank,Can Tho,10.0452,105.7469,30.024496966711524,Mass,0.1998476602688106,0.247744279863271,[],"10.045,105.747",121449.17637933482,62.8,-46.57,approved,"{'min_emp_years': True, 'min_credit_hist': True, 'max_delinquencies': True, 'amount_min': True, 'amount_max': True, 'max_dti': True}",0.4636919053621698,121449.17637933482,"Condition, comps, and features (placeholder)"
APP_0060,A0060,Land,31,1509785,0.15,0.9520075649773532,1,20,1,6,50308,bank,HCMC,10.7769,106.7009,17.150693930289094,High,0.1990445347358336,0.05,[],"10.777,106.701",186924.3427306878,55.0,-87.62,denied,"{'min_emp_years': False, 'min_credit_hist': True, 'max_delinquencies': True, 'amount_min': True, 'amount_max': True, 'max_dti': True}",0.2691356260242761,186924.3427306878,"Condition, comps, and features (placeholder)"
APP_0061,A0061,Factory,11,1699003,0.72,0.9600891055359528,18,6,0,2,75101,bank,Can Tho,10.0452,105.7469,23.349502971872305,High,0.7496414793858648,0.05,[],"10.045,105.747",1109864.5816978014,65.3,-34.68,denied,"{'min_emp_years': True, 'min_credit_hist': True, 'max_delinquencies': True, 'amount_min': True, 'amount_max': True, 'max_dti': False}",0.0676668138063431,1109864.5816978014,"Condition, comps, and features (placeholder)"
APP_0062,A0062,Land,28,1787045,0.2299999999999999,0.9562461839652822,6,23,3,2,99262,bank,HCMC,10.7769,106.7009,38.02983520289624,High,0.3887306299530805,0.0555453276218561,[],"10.777,106.701",344771.7416778107,55.4,-80.71,denied,"{'min_emp_years': True, 'min_credit_hist': True, 'max_delinquencies': False, 'amount_min': True, 'amount_max': True, 'max_dti': True}",0.287906426196496,344771.7416778107,"Condition, comps, and features (placeholder)"
APP_0063,A0063,Apartment,31,485664,0.3,0.9752265495096492,5,11,1,1,177199,bank,Da Nang,16.0544,108.2022,25.05543446161713,Mass,0.8918301887564101,0.3648592442511695,[],"16.054,108.202",124399.55693606788,57.1,-74.39,denied,"{'min_emp_years': True, 'min_credit_hist': True, 'max_delinquencies': True, 'amount_min': True, 'amount_max': True, 'max_dti': False}",1.424434333725699,124399.55693606788,"Condition, comps, and features (placeholder)"
APP_0064,A0064,Factory,18,1792220,0.23,0.9872594064164422,8,20,4,7,149364,bank,Can Tho,10.0452,105.7469,19.04988205129451,High,0.1666295691220205,0.0833402149289707,[],"10.045,105.747",370332.5009698546,55.9,-79.34,denied,"{'min_emp_years': True, 'min_credit_hist': True, 'max_delinquencies': False, 'amount_min': True, 'amount_max': True, 'max_dti': True}",0.4033240388268227,370332.5009698546,"Condition, comps, and features (placeholder)"
APP_0065,A0065,Car,29,276162,0.15,0.98150059222882,5,5,3,4,132442,non-bank,Can Tho,10.0452,105.7469,35.93312388385136,Mass,0.6055088518395969,0.4795808257472063,[],"10.045,105.747",34762.56861017798,55.0,-87.41,denied,"{'min_emp_years': True, 'min_credit_hist': True, 'max_delinquencies': False, 'amount_min': True, 'amount_max': True, 'max_dti': False}",3.8099025847365855,34762.56861017798,"Condition, comps, and features (placeholder)"
APP_0066,A0066,Apartment,11,1061773,0.4900000000000001,0.9925565549880968,14,0,4,3,176889,bank,Can Tho,10.0452,105.7469,6.661657848457613,High,0.431420081121063,0.1665977567709859,[],"10.045,105.747",502634.21987488575,61.2,-52.66,denied,"{'min_emp_years': True, 'min_credit_hist': False, 'max_delinquencies': False, 'amount_min': True, 'amount_max': True, 'max_dti': True}",0.3519239100832225,502634.21987488575,"Condition, comps, and features (placeholder)"
APP_0067,A0067,Factory,4,965613,0.56,0.9577606496220544,29,1,3,7,132718,non-bank,HCMC,10.7769,106.7009,37.92152534139584,High,0.3839804501925128,0.1374442970423969,[],"10.777,106.701",517695.4740775079,62.1,-46.39,denied,"{'min_emp_years': True, 'min_credit_hist': False, 'max_delinquencies': False, 'amount_min': True, 'amount_max': True, 'max_dti': True}",0.2563630679532073,517695.4740775079,"Condition, comps, and features (placeholder)"
APP_0068,A0068,Apartment,4,666061,0.7000000000000001,0.986731054596758,17,9,2,4,82020,bank,Can Tho,10.0452,105.7469,3.0063252392775186,High,0.79382156919597,0.1231418743928859,[],"10.045,105.747",464380.6788890889,65.3,-30.28,denied,"{'min_emp_years': True, 'min_credit_hist': True, 'max_delinquencies': True, 'amount_min': True, 'amount_max': True, 'max_dti': False}",0.1766223353568708,464380.6788890889,"Condition, comps, and features (placeholder)"
APP_0069,A0069,House,18,93122,0.18,0.9596520745434453,21,23,5,7,88470,bank,Can Tho,10.0452,105.7469,36.03547433680498,Mass,0.8792562989541397,0.9500440282639978,[],"10.045,105.747",15077.079452013377,55.0,-83.81,denied,"{'min_emp_years': True, 'min_credit_hist': True, 'max_delinquencies': False, 'amount_min': True, 'amount_max': True, 'max_dti': False}",5.867847303025641,15077.079452013377,"Condition, comps, and features (placeholder)"
APP_0070,A0070,Car,36,1555424,0.1,0.96353793756589,14,1,2,7,108233,bank,Can Tho,10.0452,105.7469,6.25700193608989,High,0.791930114958052,0.0695842419816075,[],"10.045,105.747",127390.35280504136,55.0,-91.81,denied,"{'min_emp_years': True, 'min_credit_hist': False, 'max_delinquencies': True, 'amount_min': True, 'amount_max': True, 'max_dti': False}",0.849616926374638,127390.35280504136,"Condition, comps, and features (placeholder)"
APP_0071,A0071,Land,5,704388,0.65,0.9854952348640652,0,9,5,0,26866,bank,Hanoi,21.0285,105.8542,3.893874242895312,High,0.213455577179863,0.05,[],"21.029,105.854",439930.8823377283,64.3,-37.54,denied,"{'min_emp_years': False, 'min_credit_hist': True, 'max_delinquencies': False, 'amount_min': True, 'amount_max': True, 'max_dti': True}",0.0610686839197057,439930.8823377283,"Condition, comps, and features (placeholder)"
APP_0072,A0072,House,18,1340239,0.33,0.999010239244934,2,2,5,2,150926,bank,Hue,16.4637,107.5909,0.8171727765362902,High,0.2376782330275939,0.1126112581412718,[],"16.464,107.591",414137.68152450287,58.1,-69.1,denied,"{'min_emp_years': True, 'min_credit_hist': False, 'max_delinquencies': False, 'amount_min': True, 'amount_max': True, 'max_dti': True}",0.3644343577827035,414137.68152450287,"Condition, comps, and features (placeholder)"
APP_0073,A0073,Car,28,849928,0.1399999999999999,0.9805771802988534,8,23,3,5,134027,bank,Can Tho,10.0452,105.7469,7.918964789056259,High,0.6076627972308039,0.1576921809847422,[],"10.045,105.747",100343.768204324,55.0,-88.19,denied,"{'min_emp_years': True, 'min_credit_hist': True, 'max_delinquencies': False, 'amount_min': True, 'amount_max': True, 'max_dti': False}",1.335678362477766,100343.768204324,"Condition, comps, and features (placeholder)"
APP_0074,A0074,House,8,778632,0.4599999999999999,0.9527250157495648,7,16,4,6,148915,non-bank,Hue,16.4637,107.5909,8.820898369146846,High,0.2957210443924629,0.1912520934151177,[],"16.464,107.591",337416.3369586789,60.0,-56.67,denied,"{'min_emp_years': True, 'min_credit_hist': True, 'max_delinquencies': False, 'amount_min': True, 'amount_max': True, 'max_dti': True}",0.4413390333801075,337416.3369586789,"Condition, comps, and features (placeholder)"
APP_0075,A0075,Land,29,1778277,0.3400000000000001,0.9808154484963766,25,19,1,1,111449,bank,HCMC,10.7769,106.7009,14.300668960178095,High,0.6745163611634929,0.0626724632889026,[],"10.777,106.701",517168.3188169135,58.0,-70.92,denied,"{'min_emp_years': True, 'min_credit_hist': True, 'max_delinquencies': True, 'amount_min': True, 'amount_max': True, 'max_dti': False}",0.2154985058925368,517168.3188169135,"Condition, comps, and features (placeholder)"
APP_0076,A0076,Car,12,234210,0.5,0.9521175275790084,25,17,4,2,158762,bank,Hue,16.4637,107.5909,8.840145816874845,Mass,0.531457553188198,0.6778617480039281,[],"16.464,107.591",104807.85968311138,60.8,-55.25,denied,"{'min_emp_years': True, 'min_credit_hist': True, 'max_delinquencies': False, 'amount_min': True, 'amount_max': True, 'max_dti': False}",1.5147909754098596,104807.85968311138,"Condition, comps, and features (placeholder)"
APP_0077,A0077,Apartment,32,1486403,0.1,0.9942072855683408,25,16,4,4,190452,bank,Hanoi,21.0285,105.8542,34.61791166347412,High,0.5182724532168425,0.1281294507613345,[],"21.029,105.854",129380.75017502542,55.0,-91.3,denied,"{'min_emp_years': True, 'min_credit_hist': True, 'max_delinquencies': False, 'amount_min': True, 'amount_max': True, 'max_dti': False}",1.4720273281949423,129380.75017502542,"Condition, comps, and features (placeholder)"
APP_0078,A0078,Apartment,23,1506239,0.11,0.985478914255031,19,19,5,6,118287,bank,Da Nang,16.0544,108.2022,18.557278562094503,High,0.7542648861129679,0.0785313618887839,[],"16.054,108.202",148838.19864531426,55.0,-90.12,denied,"{'min_emp_years': True, 'min_credit_hist': True, 'max_delinquencies': False, 'amount_min': True, 'amount_max': True, 'max_dti': False}",0.7947354985253574,148838.19864531426,"Condition, comps, and features (placeholder)"
APP_0079,A0079,Car,22,790983,0.51,0.9586563923211252,16,0,1,0,94432,bank,Hue,16.4637,107.5909,19.431085192383424,High,0.6539528559812762,0.1193856252283551,[],"16.464,107.591",344183.7046710559,61.1,-56.49,denied,"{'min_emp_years': True, 'min_credit_hist': False, 'max_delinquencies': True, 'amount_min': True, 'amount_max': True, 'max_dti': False}",0.2743651100224247,344183.7046710559,"Condition, comps, and features (placeholder)"
APP_0080,A0080,Land,7,561798,0.5399999999999999,0.95458605029121,19,21,4,4,29876,bank,Da Nang,16.0544,108.2022,5.6971142350977,High,0.0725911002476979,0.053179256601127,[],"16.054,108.202",279457.87060565024,61.6,-50.26,denied,"{'min_emp_years': True, 'min_credit_hist': True, 'max_delinquencies': False, 'amount_min': True, 'amount_max': True, 'max_dti': True}",0.1069069907934665,279457.87060565024,"Condition, comps, and features (placeholder)"
APP_0081,A0081,Factory,19,60348,0.46,0.959176661444016,12,18,2,2,157948,non-bank,Hue,16.4637,107.5909,21.48802537625937,Mass,0.0920402665741133,1.5,[],"16.464,107.591",24097.272874516017,60.1,-60.07,approved,"{'min_emp_years': True, 'min_credit_hist': True, 'max_delinquencies': True, 'amount_min': True, 'amount_max': True, 'max_dti': True}",6.554600631469685,24097.272874516017,"Condition, comps, and features (placeholder)"
APP_0082,A0082,Car,34,1876785,0.2399999999999999,0.9990013589777096,20,18,1,1,181754,non-bank,HCMC,10.7769,106.7009,24.596420155985864,High,0.5613246845876134,0.0968432718718446,[],"10.777,106.701",390131.43208710855,56.3,-79.21,denied,"{'min_emp_years': True, 'min_credit_hist': True, 'max_delinquencies': True, 'amount_min': True, 'amount_max': True, 'max_dti': False}",0.4658788937555227,390131.43208710855,"Condition, comps, and features (placeholder)"
APP_0083,A0083,House,1,1898076,0.8099999999999999,0.9729280321229244,23,9,1,4,142903,non-bank,Hue,16.4637,107.5909,14.417469150515604,High,0.4632632642789341,0.0752883446184452,[],"16.464,107.591",1532991.1182629478,67.3,-19.23,denied,"{'min_emp_years': True, 'min_credit_hist': True, 'max_delinquencies': True, 'amount_min': True, 'amount_max': True, 'max_dti': False}",0.0932184135299656,1532991.1182629478,"Condition, comps, and features (placeholder)"
APP_0084,A0084,Factory,30,519892,0.16,0.9892040474170704,22,20,3,3,174458,bank,Hue,16.4637,107.5909,29.34146729996616,High,0.2711569570415427,0.3355658482915682,[],"16.464,107.591",69941.98080428675,55.0,-86.55,denied,"{'min_emp_years': True, 'min_credit_hist': True, 'max_delinquencies': False, 'amount_min': True, 'amount_max': True, 'max_dti': True}",2.494324552920117,69941.98080428675,"Condition, comps, and features (placeholder)"
APP_0085,A0085,Land,20,112226,0.3999999999999999,0.9818204171053888,18,9,1,5,173627,bank,Hue,16.4637,107.5909,34.409263561841726,Mass,0.4058576742175814,1.5,[],"16.464,107.591",39666.880126824966,59.2,-64.65,approved,"{'min_emp_years': True, 'min_credit_hist': True, 'max_delinquencies': True, 'amount_min': True, 'amount_max': True, 'max_dti': True}",4.377127705654464,39666.880126824966,"Condition, comps, and features (placeholder)"
APP_0086,A0086,Land,29,289377,0.36,0.9786206574979318,1,1,0,2,161638,non-bank,HCMC,10.7769,106.7009,20.88490903905017,Mass,0.6942237709229314,0.5585723813571914,[],"10.777,106.701",88909.2969678604,58.4,-69.28,denied,"{'min_emp_years': False, 'min_credit_hist': False, 'max_delinquencies': True, 'amount_min': True, 'amount_max': True, 'max_dti': False}",1.8180101014456356,88909.2969678604,"Condition, comps, and features (placeholder)"
APP_0087,A0087,House,26,181903,0.2,0.9572565127332524,21,22,2,6,105547,bank,HCMC,10.7769,106.7009,23.324425256204595,Mass,0.7526197619592405,0.5802378190574097,[],"10.777,106.701",31813.154803305457,55.0,-82.51,denied,"{'min_emp_years': True, 'min_credit_hist': True, 'max_delinquencies': True, 'amount_min': True, 'amount_max': True, 'max_dti': False}",3.317715600749959,31813.154803305457,"Condition, comps, and features (placeholder)"
APP_0088,A0088,Apartment,17,1670669,0.5099999999999999,0.9973012226779048,10,5,3,0,28973,bank,HCMC,10.7769,106.7009,30.697202378845056,High,0.5270396077065376,0.05,[],"10.777,106.701",816389.3580269986,61.7,-51.13,denied,"{'min_emp_years': True, 'min_credit_hist': True, 'max_delinquencies': False, 'amount_min': True, 'amount_max': True, 'max_dti': False}",0.0354891936244982,816389.3580269986,"Condition, comps, and features (placeholder)"
APP_0089,A0089,Land,13,1789227,0.51,0.965067131625736,22,2,1,6,10616,bank,Da Nang,16.0544,108.2022,25.29952759539488,High,0.3775640587285375,0.05,[],"16.054,108.202",823388.4198528545,61.2,-53.98,denied,"{'min_emp_years': True, 'min_credit_hist': False, 'max_delinquencies': True, 'amount_min': True, 'amount_max': True, 'max_dti': True}",0.012893064493058,823388.4198528545,"Condition, comps, and features (placeholder)"
APP_0090,A0090,Factory,25,348904,0.25,0.9789008607903772,16,15,5,0,48835,non-bank,Da Nang,16.0544,108.2022,25.3443020069501,Mass,0.280092247270841,0.1399668676770687,[],"16.054,108.202",74712.40567288877,56.2,-78.59,denied,"{'min_emp_years': True, 'min_credit_hist': True, 'max_delinquencies': False, 'amount_min': True, 'amount_max': True, 'max_dti': True}",0.6536397745484587,74712.40567288877,"Condition, comps, and features (placeholder)"
APP_0091,A0091,Car,6,1506141,0.5299999999999999,0.9849887972294532,26,5,4,5,91894,bank,HCMC,10.7769,106.7009,26.900177423498185,High,0.4936307001538654,0.0610128799362078,[],"10.777,106.701",777937.4835417364,61.9,-48.35,denied,"{'min_emp_years': True, 'min_credit_hist': True, 'max_delinquencies': False, 'amount_min': True, 'amount_max': True, 'max_dti': False}",0.1181251732229584,777937.4835417364,"Condition, comps, and features (placeholder)"
APP_0092,A0092,Factory,23,399573,0.33,0.9824616577622656,10,21,3,2,151284,non-bank,Da Nang,16.0544,108.2022,24.82143681092284,Mass,0.3175371757797238,0.3786141706271445,[],"16.054,108.202",114648.65263489504,57.8,-71.31,denied,"{'min_emp_years': True, 'min_credit_hist': True, 'max_delinquencies': False, 'amount_min': True, 'amount_max': True, 'max_dti': True}",1.3195445085758857,114648.65263489504,"Condition, comps, and features (placeholder)"
APP_0093,A0093,Factory,4,766057,0.5800000000000001,0.997029720484776,27,11,5,3,96603,non-bank,HCMC,10.7769,106.7009,12.57026618176218,High,0.5294808664901395,0.1261041932910997,[],"10.777,106.701",442816.1286891277,63.1,-42.2,denied,"{'min_emp_years': True, 'min_credit_hist': True, 'max_delinquencies': False, 'amount_min': True, 'amount_max': True, 'max_dti': False}",0.2181560104551174,442816.1286891277,"Condition, comps, and features (placeholder)"
APP_0094,A0094,Apartment,26,1218796,0.38,0.9574219494960028,25,0,2,0,14396,bank,HCMC,10.7769,106.7009,28.124941017148583,High,0.625154525133192,0.05,[],"10.777,106.701",405066.70596370834,58.5,-66.77,denied,"{'min_emp_years': True, 'min_credit_hist': False, 'max_delinquencies': True, 'amount_min': True, 'amount_max': True, 'max_dti': False}",0.0355398253869075,405066.70596370834,"Condition, comps, and features (placeholder)"
APP_0095,A0095,Factory,25,1453857,0.35,0.9754176369223472,9,23,0,5,49965,non-bank,Hue,16.4637,107.5909,2.045682931386384,High,0.1061673292814856,0.05,[],"16.464,107.591",434298.5638049227,58.1,-70.13,approved,"{'min_emp_years': True, 'min_credit_hist': True, 'max_delinquencies': True, 'amount_min': True, 'amount_max': True, 'max_dti': True}",0.1150475828477369,434298.5638049227,"Condition, comps, and features (placeholder)"
APP_0096,A0096,Apartment,4,1755395,0.89,0.9702017195370384,14,12,0,1,196052,bank,Can Tho,10.0452,105.7469,3.346079218472886,High,0.0509073452693351,0.1116854041398089,[],"10.045,105.747",1529995.678157687,68.9,-12.84,approved,"{'min_emp_years': True, 'min_credit_hist': True, 'max_delinquencies': True, 'amount_min': True, 'amount_max': True, 'max_dti': True}",0.1281389240498195,1529995.678157687,"Condition, comps, and features (placeholder)"
APP_0097,A0097,Apartment,30,137330,0.1,0.9737084364741307,15,6,5,5,197724,bank,HCMC,10.7769,106.7009,20.763582867996856,Mass,0.2304355680146315,1.4397728100196607,[],"10.777,106.701",11934.454627603567,55.0,-91.31,denied,"{'min_emp_years': True, 'min_credit_hist': True, 'max_delinquencies': False, 'amount_min': True, 'amount_max': True, 'max_dti': True}",16.567493544504167,11934.454627603567,"Condition, comps, and features (placeholder)"
APP_0098,A0098,Land,17,433047,0.2599999999999999,0.9559608763098872,23,16,5,5,81657,bank,Can Tho,10.0452,105.7469,26.865551799812447,Mass,0.8103347730609639,0.1885638279447727,[],"10.045,105.747",98484.88792664115,56.0,-77.26,denied,"{'min_emp_years': True, 'min_credit_hist': True, 'max_delinquencies': False, 'amount_min': True, 'amount_max': True, 'max_dti': False}",0.829132283328831,98484.88792664115,"Condition, comps, and features (placeholder)"
APP_0099,A0099,Land,31,596991,0.1,0.9567047304936382,20,13,4,6,162947,non-bank,Da Nang,16.0544,108.2022,18.58260840679987,High,0.5993471487442753,0.2729471633575716,[],"16.054,108.202",48547.24966978085,55.0,-91.87,denied,"{'min_emp_years': True, 'min_credit_hist': True, 'max_delinquencies': False, 'amount_min': True, 'amount_max': True, 'max_dti': False}",3.356462026342749,48547.24966978085,"Condition, comps, and features (placeholder)"
APP_0100,A0100,House,2,655131,0.8099999999999999,0.9639037772890628,25,0,0,5,146669,bank,Hanoi,21.0285,105.8542,6.057580449055022,High,0.1961662991464694,0.2238773619321937,[],"21.029,105.854",521578.00701926975,67.2,-20.39,denied,"{'min_emp_years': True, 'min_credit_hist': False, 'max_delinquencies': True, 'amount_min': True, 'amount_max': True, 'max_dti': True}",0.2812024242321653,521578.00701926975,"Condition, comps, and features (placeholder)"
APP_0101,A0101,Factory,7,1996154,0.75,0.9652352301880416,11,18,1,2,186941,bank,HCMC,10.7769,106.7009,13.89650637759592,High,0.806724367550076,0.0936505900847329,[],"10.777,106.701",1422381.0468596937,66.0,-28.74,denied,"{'min_emp_years': True, 'min_credit_hist': True, 'max_delinquencies': True, 'amount_min': True, 'amount_max': True, 'max_dti': False}",0.1314282135667688,1422381.0468596937,"Condition, comps, and features (placeholder)"
APP_0102,A0102,House,20,1565939,0.4499999999999999,0.9713951606840676,15,10,0,5,178638,bank,Hanoi,21.0285,105.8542,7.824326882116905,High,0.449462549244239,0.1140772405566244,[],"21.029,105.854",634545.8730765077,60.1,-59.48,approved,"{'min_emp_years': True, 'min_credit_hist': True, 'max_delinquencies': True, 'amount_min': True, 'amount_max': True, 'max_dti': True}",0.281521017753844,634545.8730765077,"Condition, comps, and features (placeholder)"
APP_0103,A0103,Factory,8,674813,0.6599999999999999,0.9805493773518316,12,17,0,6,129460,bank,Hanoi,21.0285,105.8542,18.6911089573704,High,0.4546779931768615,0.1918457409682386,[],"21.029,105.854",419245.1790778447,64.4,-37.87,denied,"{'min_emp_years': True, 'min_credit_hist': True, 'max_delinquencies': True, 'amount_min': True, 'amount_max': True, 'max_dti': False}",0.3087930558551804,419245.1790778447,"Condition, comps, and features (placeholder)"
APP_0104,A0104,House,13,1945061,0.6299999999999999,0.9817314558709132,27,22,1,2,84979,bank,HCMC,10.7769,106.7009,14.683294829295178,High,0.8452106522662569,0.05,[],"10.777,106.701",1181047.5741863814,63.8,-39.28,denied,"{'min_emp_years': True, 'min_credit_hist': True, 'max_delinquencies': True, 'amount_min': True, 'amount_max': True, 'max_dti': False}",0.0719522243280857,1181047.5741863814,"Condition, comps, and features (placeholder)"
APP_0105,A0105,Land,26,1023648,0.3299999999999999,0.9705905448292784,9,15,3,0,129065,bank,Da Nang,16.0544,108.2022,28.47377543270153,High,0.100563688355839,0.1260833802244521,[],"16.054,108.202",285246.2154065894,57.7,-72.13,denied,"{'min_emp_years': True, 'min_credit_hist': True, 'max_delinquencies': False, 'amount_min': True, 'amount_max': True, 'max_dti': True}",0.4524687551630825,285246.2154065894,"Condition, comps, and features (placeholder)"
APP_0106,A0106,Land,6,1026445,0.67,0.9704391554714348,17,16,0,7,70635,bank,Hue,16.4637,107.5909,10.604273507588369,High,0.2329015334344107,0.0688151824988187,[],"16.464,107.591",647366.9620677262,64.5,-36.93,approved,"{'min_emp_years': True, 'min_credit_hist': True, 'max_delinquencies': True, 'amount_min': True, 'amount_max': True, 'max_dti': True}",0.1091112215155186,647366.9620677262,"Condition, comps, and features (placeholder)"
APP_0107,A0107,Land,27,895712,0.1799999999999999,0.960881426334848,3,6,5,1,76137,non-bank,Hanoi,21.0285,105.8542,31.903816274971263,High,0.5479056263815141,0.0850016523168161,[],"21.029,105.854",134006.7898594137,55.0,-85.04,denied,"{'min_emp_years': True, 'min_credit_hist': True, 'max_delinquencies': False, 'amount_min': True, 'amount_max': True, 'max_dti': False}",0.5681577782728413,134006.7898594137,"Condition, comps, and features (placeholder)"
APP_0108,A0108,Land,5,330600,0.68,0.9794153124204504,25,5,2,4,125660,bank,Can Tho,10.0452,105.7469,12.208074847260075,Mass,0.2161635331447035,0.3800967937084089,[],"10.045,105.747",214675.8876157512,64.8,-35.06,approved,"{'min_emp_years': True, 'min_credit_hist': True, 'max_delinquencies': True, 'amount_min': True, 'amount_max': True, 'max_dti': True}",0.585347527361429,214675.8876157512,"Condition, comps, and features (placeholder)"
APP_0109,A0109,Car,7,1872026,0.7799999999999999,0.965852045565862,11,10,1,1,118565,non-bank,HCMC,10.7769,106.7009,5.571237266964236,High,0.6275979578276142,0.0633351246189956,[],"10.777,106.701",1388176.116000706,66.6,-25.85,denied,"{'min_emp_years': True, 'min_credit_hist': True, 'max_delinquencies': True, 'amount_min': True, 'amount_max': True, 'max_dti': False}",0.0854106324358772,1388176.116000706,"Condition, comps, and features (placeholder)"
APP_0110,A0110,Land,23,77175,0.36,0.9518029917138682,10,21,3,1,120387,bank,Hanoi,21.0285,105.8542,34.715886507938244,Mass,0.2319784459362121,1.5,[],"21.029,105.854",23402.889129125964,58.0,-69.68,denied,"{'min_emp_years': True, 'min_credit_hist': True, 'max_delinquencies': False, 'amount_min': True, 'amount_max': True, 'max_dti': True}",5.144108461812643,23402.889129125964,"Condition, comps, and features (placeholder)"
APP_0111,A0111,Apartment,31,389843,0.1,0.970920002207843,17,13,4,6,83088,bank,Hue,16.4637,107.5909,15.424810378323206,Mass,0.1342834250089922,0.2131319531195891,[],"16.464,107.591",33138.23238013335,55.0,-91.5,denied,"{'min_emp_years': True, 'min_credit_hist': True, 'max_delinquencies': False, 'amount_min': True, 'amount_max': True, 'max_dti': True}",2.50731538866907,33138.23238013335,"Condition, comps, and features (placeholder)"
APP_0112,A0112,Land,7,497829,0.7799999999999999,0.9737066337545084,14,8,1,1,87736,bank,Hue,16.4637,107.5909,36.196170070802616,Mass,0.2259373856947137,0.1762372220180021,[],"16.464,107.591",364863.3462109233,66.7,-26.71,approved,"{'min_emp_years': True, 'min_credit_hist': True, 'max_delinquencies': True, 'amount_min': True, 'amount_max': True, 'max_dti': True}",0.2404626304920221,364863.3462109233,"Condition, comps, and features (placeholder)"
APP_0113,A0113,Car,12,594630,0.61,0.9612796434102104,25,19,0,5,11936,bank,Hue,16.4637,107.5909,10.971374869142924,High,0.4093239291312529,0.05,[],"16.464,107.591",327758.71661460504,63.1,-44.88,approved,"{'min_emp_years': True, 'min_credit_hist': True, 'max_delinquencies': True, 'amount_min': True, 'amount_max': True, 'max_dti': True}",0.0364170330030762,327758.71661460504,"Condition, comps, and features (placeholder)"
APP_0114,A0114,Car,37,307053,0.11,0.9786228966561058,15,21,0,5,124337,non-bank,Hanoi,21.0285,105.8542,36.62027124705919,Mass,0.1997175542971179,0.4049366070352675,[],"21.029,105.854",28095.730502829567,55.0,-90.85,approved,"{'min_emp_years': True, 'min_credit_hist': True, 'max_delinquencies': True, 'amount_min': True, 'amount_max': True, 'max_dti': True}",4.4254766747381,28095.730502829567,"Condition, comps, and features (placeholder)"
APP_0115,A0115,Car,39,85024,0.1,0.978288595021596,15,22,5,0,119399,bank,Hanoi,21.0285,105.8542,2.562407091974961,Mass,0.1644882211848452,1.4042976100865638,[],"21.029,105.854",7070.130807764875,55.0,-91.68,denied,"{'min_emp_years': True, 'min_credit_hist': True, 'max_delinquencies': False, 'amount_min': True, 'amount_max': True, 'max_dti': True}",16.887806356972675,7070.130807764875,"Condition, comps, and features (placeholder)"
APP_0116,A0116,Car,23,1371434,0.51,0.9851001090555186,3,7,0,1,187722,bank,HCMC,10.7769,106.7009,34.50368279848791,High,0.7812396032860998,0.136880083183004,[],"10.777,106.701",621969.2270809021,61.5,-54.65,denied,"{'min_emp_years': True, 'min_credit_hist': True, 'max_delinquencies': True, 'amount_min': True, 'amount_max': True, 'max_dti': False}",0.3018187907479581,621969.2270809021,"Condition, comps, and features (placeholder)"
APP_0117,A0117,House,18,1940154,0.31,0.9823974241100604,0,17,3,6,105813,bank,Da Nang,16.0544,108.2022,1.644790163636789,High,0.3223376230577116,0.0545384541639478,[],"16.054,108.202",553813.7439636637,57.4,-71.46,denied,"{'min_emp_years': False, 'min_credit_hist': True, 'max_delinquencies': False, 'amount_min': True, 'amount_max': True, 'max_dti': True}",0.1910624305613883,553813.7439636637,"Condition, comps, and features (placeholder)"
APP_0118,A0118,House,14,287573,0.5,0.9826216528260516,11,14,2,4,98851,non-bank,Can Tho,10.0452,105.7469,7.964632956596129,Mass,0.3566448835405155,0.3437422845677445,[],"10.045,105.747",135339.51492331357,61.2,-52.94,approved,"{'min_emp_years': True, 'min_credit_hist': True, 'max_delinquencies': True, 'amount_min': True, 'amount_max': True, 'max_dti': True}",0.7303927463905218,135339.51492331357,"Condition, comps, and features (placeholder)"
APP_0119,A0119,Apartment,24,628243,0.32,0.965810707591202,29,11,4,0,22859,bank,HCMC,10.7769,106.7009,16.252719821345842,High,0.0969798480760434,0.05,[],"10.777,106.701",179407.92522405088,57.4,-71.44,denied,"{'min_emp_years': True, 'min_credit_hist': True, 'max_delinquencies': False, 'amount_min': True, 'amount_max': True, 'max_dti': True}",0.1274135463717831,179407.92522405088,"Condition, comps, and features (placeholder)"
APP_0120,A0120,House,24,1037343,0.31,0.9893716110992976,27,9,0,7,47381,bank,Hanoi,21.0285,105.8542,8.69503581481812,High,0.353764179976746,0.05,[],"21.029,105.854",288378.8568800519,57.5,-72.2,approved,"{'min_emp_years': True, 'min_credit_hist': True, 'max_delinquencies': True, 'amount_min': True, 'amount_max': True, 'max_dti': True}",0.1643012269089742,288378.8568800519,"Condition, comps, and features (placeholder)"
APP_0121,A0121,Car,12,1858629,0.45,0.977457219179984,18,2,5,2,74227,non-bank,Can Tho,10.0452,105.7469,8.195406440676567,High,0.2750861007233427,0.05,[],"10.045,105.747",768476.9312089371,60.2,-58.65,denied,"{'min_emp_years': True, 'min_credit_hist': False, 'max_delinquencies': False, 'amount_min': True, 'amount_max': True, 'max_dti': True}",0.0965897569406918,768476.9312089371,"Condition, comps, and features (placeholder)"
APP_0122,A0122,Land,1,1403811,0.78,0.9715709097589944,18,6,4,0,81669,non-bank,Hanoi,21.0285,105.8542,2.1589174873067885,High,0.5689123072405203,0.0581766348888846,[],"21.029,105.854",1058524.2881831946,66.7,-24.6,denied,"{'min_emp_years': True, 'min_credit_hist': True, 'max_delinquencies': False, 'amount_min': True, 'amount_max': True, 'max_dti': False}",0.0771536382411906,1058524.2881831946,"Condition, comps, and features (placeholder)"
APP_0123,A0123,Land,6,1544066,0.5700000000000001,0.9813006240470528,11,13,2,7,78910,non-bank,Hanoi,21.0285,105.8542,29.86466584643252,High,0.2245817530215457,0.0511053283991746,[],"21.029,105.854",837750.1706485827,62.6,-45.74,approved,"{'min_emp_years': True, 'min_credit_hist': True, 'max_delinquencies': True, 'amount_min': True, 'amount_max': True, 'max_dti': True}",0.0941927590881995,837750.1706485827,"Condition, comps, and features (placeholder)"
APP_0124,A0124,Car,38,1183177,0.19,0.9680328667225128,5,22,1,0,84880,bank,Da Nang,16.0544,108.2022,16.396964185667628,High,0.8051106351034145,0.0717390551033361,[],"16.054,108.202",184974.707038748,55.0,-84.37,denied,"{'min_emp_years': True, 'min_credit_hist': True, 'max_delinquencies': True, 'amount_min': True, 'amount_max': True, 'max_dti': False}",0.4588735474100228,184974.707038748,"Condition, comps, and features (placeholder)"
APP_0125,A0125,Factory,17,863219,0.2899999999999999,0.975636962230338,0,21,5,4,156094,bank,Da Nang,16.0544,108.2022,36.19803209742395,High,0.8402166277816219,0.1808278084703881,[],"16.054,108.202",223474.68209538492,56.9,-74.11,denied,"{'min_emp_years': False, 'min_credit_hist': True, 'max_delinquencies': False, 'amount_min': True, 'amount_max': True, 'max_dti': False}",0.69848628281469,223474.68209538492,"Condition, comps, and features (placeholder)"
APP_0126,A0126,Car,19,439562,0.36,0.9868352844241112,10,4,1,7,34910,bank,Hue,16.4637,107.5909,15.353371999035147,Mass,0.1348563986002716,0.0794199680591133,[],"16.464,107.591",141323.98990294378,58.5,-67.85,approved,"{'min_emp_years': True, 'min_credit_hist': True, 'max_delinquencies': True, 'amount_min': True, 'amount_max': True, 'max_dti': True}",0.2470210473393436,141323.98990294378,"Condition, comps, and features (placeholder)"
APP_0127,A0127,House,19,1735413,0.4,0.9943201443361854,9,16,2,4,73129,non-bank,Can Tho,10.0452,105.7469,33.14834783628845,High,0.1412925128452906,0.05,[],"10.045,105.747",643390.8491771489,59.4,-62.93,approved,"{'min_emp_years': True, 'min_credit_hist': True, 'max_delinquencies': True, 'amount_min': True, 'amount_max': True, 'max_dti': True}",0.1136618590294325,643390.8491771489,"Condition, comps, and features (placeholder)"
APP_0128,A0128,Land,31,1618042,0.16,0.9960528598647596,5,2,2,4,40945,bank,Can Tho,10.0452,105.7469,17.40197554110232,High,0.1480274723943397,0.05,[],"10.045,105.747",219185.12916145613,55.0,-86.45,denied,"{'min_emp_years': True, 'min_credit_hist': False, 'max_delinquencies': True, 'amount_min': True, 'amount_max': True, 'max_dti': True}",0.1868055563652728,219185.12916145613,"Condition, comps, and features (placeholder)"
APP_0129,A0129,Car,3,98947,0.7999999999999999,0.9751816462591548,7,16,1,3,68481,non-bank,HCMC,10.7769,106.7009,17.10277943864601,Mass,0.5766338678637652,0.6920977897258128,[],"10.777,106.701",77555.8459637287,67.1,-21.62,denied,"{'min_emp_years': True, 'min_credit_hist': True, 'max_delinquencies': True, 'amount_min': True, 'amount_max': True, 'max_dti': False}",0.8829895303060349,77555.8459637287,"Condition, comps, and features (placeholder)"
APP_0130,A0130,Land,4,1445043,0.79,0.9760137557370284,0,8,2,1,140066,bank,Can Tho,10.0452,105.7469,21.360593880750912,High,0.1536736195781794,0.0969286035086845,[],"10.045,105.747",1091917.6248879093,66.9,-24.44,denied,"{'min_emp_years': False, 'min_credit_hist': True, 'max_delinquencies': True, 'amount_min': True, 'amount_max': True, 'max_dti': True}",0.1282752442194331,1091917.6248879093,"Condition, comps, and features (placeholder)"
APP_0131,A0131,Car,11,214556,0.66,0.9899935205381918,18,11,0,4,18885,bank,Hue,16.4637,107.5909,19.09472897947509,Mass,0.7745249702407264,0.0880189787281642,[],"16.464,107.591",132479.52435563982,64.5,-38.25,denied,"{'min_emp_years': True, 'min_credit_hist': True, 'max_delinquencies': True, 'amount_min': True, 'amount_max': True, 'max_dti': False}",0.1425503306405556,132479.52435563982,"Condition, comps, and features (placeholder)"
APP_0132,A0132,Car,19,1491018,0.41,0.96572253458721,27,17,0,7,74500,non-bank,Hanoi,21.0285,105.8542,9.443064399736478,High,0.6911307876972086,0.05,[],"21.029,105.854",534278.4875339854,59.2,-64.17,denied,"{'min_emp_years': True, 'min_credit_hist': True, 'max_delinquencies': True, 'amount_min': True, 'amount_max': True, 'max_dti': False}",0.139440388745319,534278.4875339854,"Condition, comps, and features (placeholder)"
APP_0133,A0133,House,27,1660609,0.41,0.9918691181172534,20,10,1,0,14500,bank,Can Tho,10.0452,105.7469,8.030211339517335,High,0.7468375295023205,0.05,[],"10.045,105.747",601670.8137082389,59.6,-63.77,denied,"{'min_emp_years': True, 'min_credit_hist': True, 'max_delinquencies': True, 'amount_min': True, 'amount_max': True, 'max_dti': False}",0.024099556883328,601670.8137082389,"Condition, comps, and features (placeholder)"
APP_0134,A0134,Car,20,305562,0.39,0.9747070823258712,13,20,0,7,191430,non-bank,Hanoi,21.0285,105.8542,20.31387137698284,Mass,0.4971514478531177,0.6264849686806605,[],"21.029,105.854",104539.53936686993,58.9,-65.79,denied,"{'min_emp_years': True, 'min_credit_hist': True, 'max_delinquencies': True, 'amount_min': True, 'amount_max': True, 'max_dti': False}",1.8311731729388785,104539.53936686993,"Condition, comps, and features (placeholder)"
APP_0135,A0135,Land,18,895979,0.45,0.9557928362167634,12,13,2,3,148179,bank,Da Nang,16.0544,108.2022,16.016262339095512,High,0.8971756297912804,0.1653822243601691,[],"16.054,108.202",350683.64178147,59.8,-60.86,denied,"{'min_emp_years': True, 'min_credit_hist': True, 'max_delinquencies': True, 'amount_min': True, 'amount_max': True, 'max_dti': False}",0.4225432336884946,350683.64178147,"Condition, comps, and features (placeholder)"
APP_0136,A0136,Apartment,37,291319,0.1,0.9536029573536472,9,24,5,4,56283,bank,Hue,16.4637,107.5909,2.7505505723959267,Mass,0.087548837502537,0.1932005808066071,[],"16.464,107.591",24321.622877161044,55.0,-91.65,denied,"{'min_emp_years': True, 'min_credit_hist': True, 'max_delinquencies': False, 'amount_min': True, 'amount_max': True, 'max_dti': True}",2.314113670961157,24321.622877161044,"Condition, comps, and features (placeholder)"
APP_0137,A0137,Land,7,1156200,0.83,0.9920996605519732,4,15,0,1,47657,bank,HCMC,10.7769,106.7009,35.21065645995509,High,0.3910752195581963,0.05,[],"10.777,106.701",937117.0586577128,68.0,-18.95,approved,"{'min_emp_years': True, 'min_credit_hist': True, 'max_delinquencies': True, 'amount_min': True, 'amount_max': True, 'max_dti': True}",0.0508549060757274,937117.0586577128,"Condition, comps, and features (placeholder)"
APP_0138,A0138,House,23,1858746,0.42,0.952778395845344,17,7,0,4,28795,bank,HCMC,10.7769,106.7009,35.31585736399558,High,0.3253461685969907,0.05,[],"10.777,106.701",691184.209858107,59.2,-62.81,approved,"{'min_emp_years': True, 'min_credit_hist': True, 'max_delinquencies': True, 'amount_min': True, 'amount_max': True, 'max_dti': True}",0.0416603845824419,691184.209858107,"Condition, comps, and features (placeholder)"
APP_0139,A0139,Apartment,22,207695,0.53,0.9640305718066828,16,19,0,1,99847,bank,Da Nang,16.0544,108.2022,36.49163952356926,Mass,0.8563486739057449,0.4807385830183683,[],"16.054,108.202",97279.19076602296,61.6,-53.16,denied,"{'min_emp_years': True, 'min_credit_hist': True, 'max_delinquencies': True, 'amount_min': True, 'amount_max': True, 'max_dti': False}",1.026396284896666,97279.19076602296,"Condition, comps, and features (placeholder)"
APP_0140,A0140,Car,19,825277,0.41,0.9667065020250772,0,10,3,2,153165,bank,Can Tho,10.0452,105.7469,13.685468598378892,High,0.540331814722954,0.185592231456832,[],"10.045,105.747",296023.92816651275,59.2,-64.13,denied,"{'min_emp_years': False, 'min_credit_hist': True, 'max_delinquencies': False, 'amount_min': True, 'amount_max': True, 'max_dti': False}",0.5174074979298466,296023.92816651275,"Condition, comps, and features (placeholder)"
APP_0141,A0141,Factory,32,1947585,0.16,0.9586497222595796,12,13,1,5,120999,bank,HCMC,10.7769,106.7009,23.25566796838482,High,0.7352623206280164,0.0621277120125694,[],"10.777,106.701",258997.42837703085,55.0,-86.7,denied,"{'min_emp_years': True, 'min_credit_hist': True, 'max_delinquencies': True, 'amount_min': True, 'amount_max': True, 'max_dti': False}",0.4671822448517052,258997.42837703085,"Condition, comps, and features (placeholder)"
APP_0142,A0142,Apartment,11,636849,0.68,0.9656946684900994,8,3,2,0,177396,bank,Hue,16.4637,107.5909,9.027143354326272,High,0.194790014609741,0.2785526867436393,[],"16.464,107.591",407056.0845583725,64.6,-36.08,approved,"{'min_emp_years': True, 'min_credit_hist': True, 'max_delinquencies': True, 'amount_min': True, 'amount_max': True, 'max_dti': True}",0.4358023543425529,407056.0845583725,"Condition, comps, and features (placeholder)"
APP_0143,A0143,Apartment,38,307822,0.15,0.9871346283362544,5,2,0,3,75325,bank,Da Nang,16.0544,108.2022,13.150743467656302,Mass,0.8818390223153731,0.2447031076401296,[],"16.054,108.202",39904.64504940585,55.0,-87.04,denied,"{'min_emp_years': True, 'min_credit_hist': False, 'max_delinquencies': True, 'amount_min': True, 'amount_max': True, 'max_dti': False}",1.887624859380162,39904.64504940585,"Condition, comps, and features (placeholder)"
APP_0144,A0144,Car,13,1002738,0.57,0.9507341421780034,21,14,1,4,62841,bank,Hanoi,21.0285,105.8542,26.654489666870475,High,0.4738436148448678,0.0626694111522651,[],"21.029,105.854",508081.0885915869,62.2,-49.33,denied,"{'min_emp_years': True, 'min_credit_hist': True, 'max_delinquencies': True, 'amount_min': True, 'amount_max': True, 'max_dti': False}",0.1236830132256974,508081.0885915869,"Condition, comps, and features (placeholder)"
APP_0145,A0145,Factory,22,1041326,0.43,0.9913586712260344,15,4,2,1,100829,bank,Hue,16.4637,107.5909,4.065338105538574,High,0.4696212648300489,0.0968275064677152,[],"16.464,107.591",395071.7570869036,60.0,-62.06,denied,"{'min_emp_years': True, 'min_credit_hist': True, 'max_delinquencies': True, 'amount_min': True, 'amount_max': True, 'max_dti': False}",0.2552169275360798,395071.7570869036,"Condition, comps, and features (placeholder)"
APP_0146,A0146,Factory,21,1342585,0.4200000000000001,0.992827401178728,19,24,2,2,48396,bank,Can Tho,10.0452,105.7469,9.498714117173911,High,0.8752520192638772,0.05,[],"10.045,105.747",501057.8508130991,59.8,-62.68,denied,"{'min_emp_years': True, 'min_credit_hist': True, 'max_delinquencies': True, 'amount_min': True, 'amount_max': True, 'max_dti': False}",0.0965876493531927,501057.8508130991,"Condition, comps, and features (placeholder)"
APP_0147,A0147,House,34,661788,0.1099999999999999,0.9686130786595774,21,21,3,2,195372,bank,Da Nang,16.0544,108.2022,29.178602363592976,High,0.3736225070345733,0.2952184083120274,[],"16.054,108.202",61733.09519778701,55.0,-90.67,denied,"{'min_emp_years': True, 'min_credit_hist': True, 'max_delinquencies': False, 'amount_min': True, 'amount_max': True, 'max_dti': True}",3.164785426261984,61733.09519778701,"Condition, comps, and features (placeholder)"
APP_0148,A0148,Apartment,18,1913465,0.29,0.9576806449530316,29,17,4,5,45295,non-bank,Hanoi,21.0285,105.8542,25.43231928911784,High,0.387896270871744,0.05,[],"21.029,105.854",498101.49814391526,56.7,-73.97,denied,"{'min_emp_years': True, 'min_credit_hist': True, 'max_delinquencies': False, 'amount_min': True, 'amount_max': True, 'max_dti': True}",0.0909352816018092,498101.49814391526,"Condition, comps, and features (placeholder)"
APP_0149,A0149,Factory,12,1065994,0.45,0.980042020397254,24,18,2,7,100984,non-bank,Hanoi,21.0285,105.8542,27.42240079182948,High,0.5470397973841962,0.0947322405191774,[],"21.029,105.854",441916.10040684114,60.2,-58.54,denied,"{'min_emp_years': True, 'min_credit_hist': True, 'max_delinquencies': True, 'amount_min': True, 'amount_max': True, 'max_dti': False}",0.2285139643181842,441916.10040684114,"Condition, comps, and features (placeholder)"
APP_0150,A0150,House,1,608570,0.55,0.9559836277932446,18,14,5,6,109182,bank,Da Nang,16.0544,108.2022,33.69553405500002,High,0.1588447189656189,0.1794074633978014,[],"16.054,108.202",327932.1445575084,61.8,-46.11,denied,"{'min_emp_years': True, 'min_credit_hist': True, 'max_delinquencies': False, 'amount_min': True, 'amount_max': True, 'max_dti': True}",0.3329408288026278,327932.1445575084,"Condition, comps, and features (placeholder)"
