{
  "timestamp": "20251106-070218",
  "model_choice": "GradientBoostingRegressor",
  "trained_model_path": "/home/dzoan/AI-AIGENTbythePeoplesANDBOX/HUGKAG/agents/asset_appraisal/models/trained/GradientBoostingRegressor_asset_20251106-070218.joblib",
  "features": [
    "confidence",
    "loan_amount"
  ],
  "metrics_new": {
    "MAE": 404122.84535096836,
    "RMSE": 496514.847870604,
    "MAPE%": 112.366168030373,
    "R2": -0.024735300392603854
  },
  "metrics_prod": null,
  "holdout_rows": 30,
  "source_file": "./.tmp_runs/reviewed_appraisal.20251106-070144.csv",
  "preds_csv": "./.tmp_runs/training_preds_20251106-070218.csv"
}