application_id,asset_id,asset_type,age_years,market_value,condition_score,legal_penalty,employment_years,credit_history_years,delinquencies,current_loans,loan_amount,customer_type,city,lat,lon,depreciation_rate,market_segment,DTI,LTV,evidence_files,geohash,ai_adjusted,confidence,market_delta,decision,rule_reasons,ltv_ai,fmv,why,realizable_value,ltv_cap,policy_breaches,status
APP_0001,A0001,House,34,759172,0.1999999999999999,0.9573891686271097,15,21,0,4,46055,bank,Can Tho,10.0452,105.7469,3.00766282751892,High,0.5193571892754305,0.0606647768885048,[],"10.045,105.747",127266.71604186394,55.0,-83.24,reject,"{'min_emp_years': True, 'min_credit_hist': True, 'max_delinquencies': True, 'amount_min': True, 'amount_max': True, 'max_dti': False}",0.8486232956971506,127266.71604186394,"Condition, comps, and features (placeholder)",87727.51833496026,0.8,"confidence<70%, condition<0.75, legal<0.97, ltv>cap",RISKY
APP_0002,A0002,Land,11,1661269,0.6200000000000001,0.9968063731687872,10,11,2,2,13450,bank,Hue,16.4637,107.5909,39.00562034454976,High,0.4756512267182365,0.05,[],"16.464,107.591",970229.0303214996,63.9,-41.6,review,"{'min_emp_years': True, 'min_credit_hist': True, 'max_delinquencies': True, 'amount_min': True, 'amount_max': True, 'max_dti': False}",0.11131546946622708,970229.0303214996,"Condition, comps, and features (placeholder)",696333.9462176472,0.8,"confidence<70%, condition<0.75",RISKY
APP_0003,A0003,Land,36,69336,0.15,0.9718952018599376,15,24,2,1,19863,bank,Hanoi,21.0285,105.8542,17.792078306927017,Mass,0.6332384782728779,0.2864745586708203,[],"21.029,105.854",8591.88402881048,55.0,-87.61,reject,"{'min_emp_years': True, 'min_credit_hist': True, 'max_delinquencies': True, 'amount_min': True, 'amount_max': True, 'max_dti': False}",12.570176650179073,8591.88402881048,"Condition, comps, and features (placeholder)",6012.295821027315,0.8,"confidence<70%, condition<0.75, ltv>cap",RISKY
APP_0004,A0004,Car,12,1797513,0.45,0.9691659911388704,28,19,5,2,123185,bank,Hanoi,21.0285,105.8542,14.640995532756596,High,0.604783724638867,0.068530797830113,[],"21.029,105.854",736903.4220612918,60.0,-59.0,reject,"{'min_emp_years': True, 'min_credit_hist': True, 'max_delinquencies': False, 'amount_min': True, 'amount_max': True, 'max_dti': False}",0.14656126809384934,736903.4220612918,"Condition, comps, and features (placeholder)",514210.8494992732,0.8,"confidence<70%, condition<0.75, legal<0.97",RISKY
APP_0005,A0005,Car,17,1108512,0.4899999999999999,0.9864842854338688,2,16,1,4,39689,non-bank,Can Tho,10.0452,105.7469,35.76410384996988,High,0.8932357046988467,0.05,[],"10.045,105.747",490284.0267441363,61.1,-55.77,review,"{'min_emp_years': True, 'min_credit_hist': True, 'max_delinquencies': True, 'amount_min': True, 'amount_max': True, 'max_dti': False}",0.22028353792639987,490284.0267441363,"Condition, comps, and features (placeholder)",348233.39120327705,0.8,"confidence<70%, condition<0.75",RISKY
APP_0006,A0006,Factory,26,323485,0.35,0.977649653262645,29,22,2,1,53943,bank,HCMC,10.7769,106.7009,34.386416117443495,Mass,0.8995086228405597,0.1667558001143793,[],"10.777,106.701",98225.63985542725,58.2,-69.64,reject,"{'min_emp_years': True, 'min_credit_hist': True, 'max_delinquencies': True, 'amount_min': True, 'amount_max': True, 'max_dti': False}",1.099524524950525,98225.63985542725,"Condition, comps, and features (placeholder)",69141.78917723513,0.8,"confidence<70%, condition<0.75, ltv>cap",RISKY
APP_0007,A0007,House,5,639249,0.5900000000000001,0.9968069993419232,13,12,2,7,171004,bank,Hue,16.4637,107.5909,23.23542722734785,High,0.4889904922402948,0.2675076535121682,[],"16.464,107.591",377550.44649105903,63.3,-40.94,review,"{'min_emp_years': True, 'min_credit_hist': True, 'max_delinquencies': True, 'amount_min': True, 'amount_max': True, 'max_dti': False}",0.28605846186585726,377550.44649105903,"Condition, comps, and features (placeholder)",270968.3479202083,0.8,"confidence<70%, condition<0.75",RISKY
APP_0008,A0008,Land,22,1130370,0.4700000000000001,0.9890150746954696,23,18,0,3,176038,bank,Hanoi,21.0285,105.8542,1.3507235142727336,High,0.1309192239167343,0.155734847881667,[],"21.029,105.854",467639.7273441057,60.7,-58.63,review,"{'min_emp_years': True, 'min_credit_hist': True, 'max_delinquencies': True, 'amount_min': True, 'amount_max': True, 'max_dti': True}",0.23095022446741081,467639.7273441057,"Condition, comps, and features (placeholder)",333001.97270625585,0.8,"confidence<70%, condition<0.75",RISKY
APP_0009,A0009,Apartment,20,665599,0.42,0.973968478206227,12,7,0,6,169415,bank,HCMC,10.7769,106.7009,16.158297870625084,High,0.6686668041234106,0.2545301300032001,[],"10.777,106.701",257299.33347034533,59.5,-61.34,reject,"{'min_emp_years': True, 'min_credit_hist': True, 'max_delinquencies': True, 'amount_min': True, 'amount_max': True, 'max_dti': False}",0.4197504072137348,257299.33347034533,"Condition, comps, and features (placeholder)",180433.03698978393,0.8,"confidence<70%, condition<0.75",RISKY
APP_0010,A0010,House,31,261722,0.13,0.9688179736740412,9,24,2,5,58196,bank,HCMC,10.7769,106.7009,2.679071135991551,Mass,0.8801644664841008,0.2223580745982378,[],"10.777,106.701",29419.412438329076,55.0,-88.76,reject,"{'min_emp_years': True, 'min_credit_hist': True, 'max_delinquencies': True, 'amount_min': True, 'amount_max': True, 'max_dti': False}",3.6710964308481655,29419.412438329076,"Condition, comps, and features (placeholder)",20521.479992531662,0.8,"confidence<70%, condition<0.75, legal<0.97, ltv>cap",RISKY
APP_0011,A0011,Car,39,1348678,0.1599999999999999,0.999331577246216,23,15,0,2,127740,non-bank,HCMC,10.7769,106.7009,7.82556337548117,High,0.3205774294846673,0.0947149727362647,[],"10.777,106.701",186963.55787465823,55.0,-86.14,reject,"{'min_emp_years': True, 'min_credit_hist': True, 'max_delinquencies': True, 'amount_min': True, 'amount_max': True, 'max_dti': True}",0.5776607015170572,186963.55787465823,"Condition, comps, and features (placeholder)",134523.78276848144,0.8,"confidence<70%, condition<0.75",RISKY
APP_0012,A0012,Factory,26,1360868,0.4499999999999999,0.9858880118001822,20,19,0,1,126046,non-bank,Hue,16.4637,107.5909,21.304735937788344,High,0.4420275529619377,0.0926217678716819,[],"16.464,107.591",525261.2394388348,60.3,-61.4,review,"{'min_emp_years': True, 'min_credit_hist': True, 'max_delinquencies': True, 'amount_min': True, 'amount_max': True, 'max_dti': True}",0.20561482913794263,525261.2394388348,"Condition, comps, and features (placeholder)",372851.1064987577,0.8,"confidence<70%, condition<0.75",RISKY
APP_0013,A0013,Land,16,281804,0.4299999999999999,0.997559733000192,4,11,2,5,45197,non-bank,Can Tho,10.0452,105.7469,8.609462029912507,Mass,0.4110603860931375,0.1603845225759748,[],"10.045,105.747",111209.61737816152,60.1,-60.54,reject,"{'min_emp_years': True, 'min_credit_hist': True, 'max_delinquencies': True, 'amount_min': True, 'amount_max': True, 'max_dti': True}",0.9711525185159795,111209.61737816152,"Condition, comps, and features (placeholder)",79875.53007754487,0.8,"confidence<70%, condition<0.75, ltv>cap",RISKY
APP_0014,A0014,Land,16,598405,0.5699999999999998,0.955923928860852,21,21,1,2,115172,non-bank,Can Tho,10.0452,105.7469,39.286528640920494,High,0.0937062813733899,0.192464969376927,[],"10.045,105.747",299972.3529960485,62.2,-49.87,review,"{'min_emp_years': True, 'min_credit_hist': True, 'max_delinquencies': True, 'amount_min': True, 'amount_max': True, 'max_dti': True}",0.36003817992327675,299972.3529960485,"Condition, comps, and features (placeholder)",206460.54016244432,0.8,"confidence<70%, condition<0.75, legal<0.97",RISKY
APP_0015,A0015,Land,17,525552,0.4799999999999998,0.9925266839595392,22,1,3,1,109798,non-bank,Hue,16.4637,107.5909,35.63424012937061,High,0.6214247665399282,0.2089193838097847,[],"16.464,107.591",229097.4293686069,61.0,-56.41,review,"{'min_emp_years': True, 'min_credit_hist': False, 'max_delinquencies': False, 'amount_min': True, 'amount_max': True, 'max_dti': False}",0.4714217016648873,229097.4293686069,"Condition, comps, and features (placeholder)",163717.4245499123,0.8,"confidence<70%, condition<0.75",RISKY
APP_0016,A0016,Land,32,1335874,0.15,0.9818536941995604,11,2,0,7,85271,non-bank,HCMC,10.7769,106.7009,6.822855404690542,High,0.3503370408081976,0.0638316188502808,[],"10.777,106.701",170577.84848616295,55.0,-87.23,reject,"{'min_emp_years': True, 'min_credit_hist': False, 'max_delinquencies': True, 'amount_min': True, 'amount_max': True, 'max_dti': True}",0.6331507927816368,170577.84848616295,"Condition, comps, and features (placeholder)",120587.39329302142,0.8,"confidence<70%, condition<0.75",RISKY
APP_0017,A0017,Car,13,1474076,0.6,0.9560960839167556,27,12,1,3,152815,bank,Can Tho,10.0452,105.7469,8.127316466993529,High,0.719344293436777,0.1036683318906216,[],"10.045,105.747",790650.001248574,62.8,-46.36,review,"{'min_emp_years': True, 'min_credit_hist': True, 'max_delinquencies': True, 'amount_min': True, 'amount_max': True, 'max_dti': False}",0.13659836821532514,790650.001248574,"Condition, comps, and features (placeholder)",544274.9063586285,0.8,"confidence<70%, condition<0.75, legal<0.97",RISKY
APP_0018,A0018,House,7,1467639,0.76,0.979412899998461,19,18,2,0,138747,bank,Da Nang,16.0544,108.2022,30.694370321342657,High,0.7573020639896881,0.0945375531721356,[],"16.054,108.202",1085833.39437813,66.4,-26.01,review,"{'min_emp_years': True, 'min_credit_hist': True, 'max_delinquencies': True, 'amount_min': True, 'amount_max': True, 'max_dti': False}",0.0994641540398136,1085833.39437813,"Condition, comps, and features (placeholder)",765705.0482662012,0.8,confidence<70%,RISKY
APP_0019,A0019,Factory,14,1880584,0.38,0.9843048182552724,10,20,5,3,111204,bank,Da Nang,16.0544,108.2022,18.769216376037857,High,0.7480461686081686,0.0591326949500793,[],"16.054,108.202",654167.3931507554,58.9,-65.21,reject,"{'min_emp_years': True, 'min_credit_hist': True, 'max_delinquencies': False, 'amount_min': True, 'amount_max': True, 'max_dti': False}",0.16509765104588547,654167.3931507554,"Condition, comps, and features (placeholder)",463608.0842571214,0.8,"confidence<70%, condition<0.75",RISKY
APP_0020,A0020,Car,1,1548862,0.74,0.95061513429443,0,11,3,3,147896,bank,Hue,16.4637,107.5909,15.75936717199956,High,0.4041660983338981,0.0954868800448329,[],"16.464,107.591",1084107.251883725,65.6,-30.01,review,"{'min_emp_years': False, 'min_credit_hist': True, 'max_delinquencies': False, 'amount_min': True, 'amount_max': True, 'max_dti': True}",0.09962252333644901,1084107.251883725,"Condition, comps, and features (placeholder)",742009.5078040891,0.8,"confidence<70%, condition<0.75, legal<0.97",RISKY
APP_0021,A0021,Car,5,675324,0.47,0.9727158980920872,20,16,5,6,154990,bank,Hue,16.4637,107.5909,5.290441848959548,High,0.3233138299047646,0.2295046525815756,[],"16.464,107.591",301023.68775050924,60.5,-55.43,review,"{'min_emp_years': True, 'min_credit_hist': True, 'max_delinquencies': False, 'amount_min': True, 'amount_max': True, 'max_dti': True}",0.358780735187566,301023.68775050924,"Condition, comps, and features (placeholder)",210823.57927960463,0.8,"confidence<70%, condition<0.75",RISKY
APP_0022,A0022,Apartment,4,260094,0.67,0.991269975559816,6,13,2,5,117718,non-bank,Can Tho,10.0452,105.7469,15.875713706450975,Mass,0.6864976627169966,0.4525979069105785,[],"10.045,105.747",174365.43152888116,64.8,-32.96,review,"{'min_emp_years': True, 'min_credit_hist': True, 'max_delinquencies': True, 'amount_min': True, 'amount_max': True, 'max_dti': False}",0.6193974290260112,174365.43152888116,"Condition, comps, and features (placeholder)",124447.11627607977,0.8,"confidence<70%, condition<0.75",RISKY
APP_0023,A0023,House,31,1248553,0.25,0.9647679512672044,22,24,2,1,60858,bank,Da Nang,16.0544,108.2022,23.49713722905279,High,0.7311810187663146,0.05,[],"16.054,108.202",263648.9279590339,56.0,-78.88,reject,"{'min_emp_years': True, 'min_credit_hist': True, 'max_delinquencies': True, 'amount_min': True, 'amount_max': True, 'max_dti': False}",0.40964133947391357,263648.9279590339,"Condition, comps, and features (placeholder)",183139.22597819899,0.8,"confidence<70%, condition<0.75, legal<0.97",RISKY
APP_0024,A0024,Factory,29,1836223,0.29,0.9729274040899276,15,16,2,1,154100,bank,Hue,16.4637,107.5909,25.03263826371269,High,0.4675688294326612,0.0839222687004792,[],"16.464,107.591",442965.5702427783,56.9,-75.88,reject,"{'min_emp_years': True, 'min_credit_hist': True, 'max_delinquencies': True, 'amount_min': True, 'amount_max': True, 'max_dti': False}",0.24381466022473733,442965.5702427783,"Condition, comps, and features (placeholder)",310300.806497415,0.8,"confidence<70%, condition<0.75",RISKY
APP_0025,A0025,Land,28,1951552,0.1,0.9721157063533946,14,10,5,4,146346,bank,Hue,16.4637,107.5909,22.96471654505961,High,0.8090763666058576,0.0749895467812284,[],"16.464,107.591",163153.5541830227,55.0,-91.64,reject,"{'min_emp_years': True, 'min_credit_hist': True, 'max_delinquencies': False, 'amount_min': True, 'amount_max': True, 'max_dti': False}",0.6619622878631616,163153.5541830227,"Condition, comps, and features (placeholder)",114194.9754494611,0.8,"confidence<70%, condition<0.75",RISKY
APP_0026,A0026,Land,19,498917,0.37,0.9650963695721244,4,24,5,0,196849,bank,HCMC,10.7769,106.7009,13.922758976801042,Mass,0.1723223916667745,0.3945526009336222,[],"10.777,106.701",164455.90016049868,58.4,-67.04,reject,"{'min_emp_years': True, 'min_credit_hist': True, 'max_delinquencies': False, 'amount_min': True, 'amount_max': True, 'max_dti': True}",0.6567201291932809,164455.90016049868,"Condition, comps, and features (placeholder)",114275.37038372138,0.8,"confidence<70%, condition<0.75, legal<0.97",RISKY
APP_0027,A0027,Car,28,511088,0.1299999999999999,0.9959220947757778,21,2,5,2,38459,bank,HCMC,10.7769,106.7009,5.300374729907009,High,0.7972084627101161,0.0752492721410011,[],"10.777,106.701",58044.76093745959,55.0,-88.64,reject,"{'min_emp_years': True, 'min_credit_hist': False, 'max_delinquencies': False, 'amount_min': True, 'amount_max': True, 'max_dti': False}",1.8606588821403944,58044.76093745959,"Condition, comps, and features (placeholder)",41621.80313058768,0.8,"confidence<70%, condition<0.75, ltv>cap",RISKY
APP_0028,A0028,Factory,7,122954,0.6299999999999999,0.9890647017715758,4,24,4,1,89661,non-bank,Hue,16.4637,107.5909,21.84412471694801,Mass,0.1316809480260991,0.7292239374074857,[],"16.464,107.591",73932.47202263928,63.9,-39.87,reject,"{'min_emp_years': True, 'min_credit_hist': True, 'max_delinquencies': False, 'amount_min': True, 'amount_max': True, 'max_dti': True}",1.4608127801668562,73932.47202263928,"Condition, comps, and features (placeholder)",52649.278842461106,0.8,"confidence<70%, condition<0.75, ltv>cap",RISKY
APP_0029,A0029,Car,36,325461,0.13,0.9555294205498056,12,3,3,0,185603,bank,Hanoi,21.0285,105.8542,30.08641748194567,Mass,0.1804966937464218,0.5702772375184738,[],"21.029,105.854",34364.12546194241,55.0,-89.44,reject,"{'min_emp_years': True, 'min_credit_hist': True, 'max_delinquencies': False, 'amount_min': True, 'amount_max': True, 'max_dti': True}",3.142856061319225,34364.12546194241,"Condition, comps, and features (placeholder)",23641.871681052467,0.8,"confidence<70%, condition<0.75, legal<0.97, ltv>cap",RISKY
APP_0030,A0030,Car,20,1131962,0.2399999999999999,0.9998517328918788,25,7,3,7,107770,non-bank,HCMC,10.7769,106.7009,30.53350548009676,High,0.5037640112828663,0.095206376185773,[],"10.777,106.701",249356.8909324321,56.3,-77.97,reject,"{'min_emp_years': True, 'min_credit_hist': True, 'max_delinquencies': False, 'amount_min': True, 'amount_max': True, 'max_dti': False}",0.43312017404509995,249356.8909324321,"Condition, comps, and features (placeholder)",179510.34204527293,0.8,"confidence<70%, condition<0.75",RISKY
APP_0031,A0031,Car,37,1116266,0.1,0.9939600012153872,27,20,5,0,189098,bank,Hue,16.4637,107.5909,10.159428790262147,High,0.1073907081593027,0.1694022750849708,[],"16.464,107.591",94309.5191509191,55.0,-91.55,reject,"{'min_emp_years': True, 'min_credit_hist': True, 'max_delinquencies': False, 'amount_min': True, 'amount_max': True, 'max_dti': True}",1.1451813239252153,94309.5191509191,"Condition, comps, and features (placeholder)",67492.7206343065,0.8,"confidence<70%, condition<0.75, ltv>cap",RISKY
APP_0032,A0032,Apartment,6,773298,0.83,0.964195421893202,29,18,1,0,12369,bank,Can Tho,10.0452,105.7469,7.337249463043582,High,0.0948860361900938,0.05,[],"10.045,105.747",618299.6538657651,67.6,-20.04,review,"{'min_emp_years': True, 'min_credit_hist': True, 'max_delinquencies': True, 'amount_min': True, 'amount_max': True, 'max_dti': True}",0.17467501287562986,618299.6538657651,"Condition, comps, and features (placeholder)",445332.786624795,0.8,"confidence<70%, legal<0.97",RISKY
APP_0033,A0033,House,20,654413,0.29,0.9918448289830468,28,24,2,7,16682,bank,Da Nang,16.0544,108.2022,35.788876805835,High,0.0504409325408496,0.05,[],"16.054,108.202",174491.14142312526,57.2,-73.34,reject,"{'min_emp_years': True, 'min_credit_hist': True, 'max_delinquencies': True, 'amount_min': True, 'amount_max': True, 'max_dti': True}",0.6189511921301846,174491.14142312526,"Condition, comps, and features (placeholder)",124609.05815319096,0.8,"confidence<70%, condition<0.75",RISKY
APP_0034,A0034,Car,28,1668089,0.1599999999999999,0.9553209765935692,16,18,5,1,161245,non-bank,HCMC,10.7769,106.7009,37.33764572179288,High,0.4208691607401236,0.0966645065101442,[],"10.777,106.701",223659.39101870728,55.0,-86.59,reject,"{'min_emp_years': True, 'min_credit_hist': True, 'max_delinquencies': False, 'amount_min': True, 'amount_max': True, 'max_dti': True}",0.4828838150192699,223659.39101870728,"Condition, comps, and features (placeholder)",153839.88565366637,0.8,"confidence<70%, condition<0.75, legal<0.97",RISKY
APP_0035,A0035,Factory,20,947066,0.32,0.999955236523712,6,15,2,6,78101,non-bank,Da Nang,16.0544,108.2022,16.22265344974193,High,0.7084302990983954,0.0824662695102558,[],"16.054,108.202",272742.79853766697,57.9,-71.2,reject,"{'min_emp_years': True, 'min_credit_hist': True, 'max_delinquencies': True, 'amount_min': True, 'amount_max': True, 'max_dti': False}",0.3959829574935029,272742.79853766697,"Condition, comps, and features (placeholder)",196366.0245277478,0.8,"confidence<70%, condition<0.75",RISKY
APP_0036,A0036,House,18,1626090,0.59,0.9832842368053268,25,8,1,0,108843,bank,Hue,16.4637,107.5909,34.15307023229207,High,0.0796125977379283,0.0669354094791801,[],"16.464,107.591",884207.6838992585,63.0,-45.62,review,"{'min_emp_years': True, 'min_credit_hist': True, 'max_delinquencies': True, 'amount_min': True, 'amount_max': True, 'max_dti': True}",0.12214494622318287,884207.6838992585,"Condition, comps, and features (placeholder)",625987.7839010075,0.8,"confidence<70%, condition<0.75",RISKY
APP_0037,A0037,Factory,7,1928263,0.6799999999999999,0.9825062507779398,24,0,3,1,91321,non-bank,Da Nang,16.0544,108.2022,7.013432381746343,High,0.6044189654959771,0.05,[],"16.054,108.202",1243190.881712476,64.8,-35.53,review,"{'min_emp_years': True, 'min_credit_hist': False, 'max_delinquencies': False, 'amount_min': True, 'amount_max': True, 'max_dti': False}",0.08687443061939902,1243190.881712476,"Condition, comps, and features (placeholder)",879438.8247787053,0.8,"confidence<70%, condition<0.75",RISKY
APP_0038,A0038,Factory,15,668420,0.6499999999999999,0.9545220363492066,29,3,1,0,87512,bank,Hanoi,21.0285,105.8542,27.586613043037023,High,0.7496582198037586,0.1309236707459382,[],"21.029,105.854",383610.4987463426,63.8,-42.61,review,"{'min_emp_years': True, 'min_credit_hist': True, 'max_delinquencies': True, 'amount_min': True, 'amount_max': True, 'max_dti': False}",0.2815394791147637,383610.4987463426,"Condition, comps, and features (placeholder)",263638.5655883715,0.8,"confidence<70%, condition<0.75, legal<0.97",RISKY
APP_0039,A0039,Apartment,10,445339,0.4,0.9948516699448312,19,7,5,5,188500,non-bank,Da Nang,16.0544,108.2022,34.24512268115429,Mass,0.1928007212911904,0.4232730571542129,[],"16.054,108.202",173408.30140518706,59.4,-61.06,reject,"{'min_emp_years': True, 'min_credit_hist': True, 'max_delinquencies': False, 'amount_min': True, 'amount_max': True, 'max_dti': True}",0.6228162038658284,173408.30140518706,"Condition, comps, and features (placeholder)",124211.18752937781,0.8,"confidence<70%, condition<0.75",RISKY
APP_0040,A0040,Land,12,1908153,0.39,0.9514499751602234,4,1,5,4,27873,bank,Da Nang,16.0544,108.2022,3.1611811005019863,High,0.1748341745981936,0.05,[],"16.054,108.202",665566.7448240687,58.6,-65.12,reject,"{'min_emp_years': True, 'min_credit_hist': False, 'max_delinquencies': False, 'amount_min': True, 'amount_max': True, 'max_dti': True}",0.1622699764372217,665566.7448240687,"Condition, comps, and features (placeholder)",455942.4932378383,0.8,"confidence<70%, condition<0.75, legal<0.97",RISKY
APP_0041,A0041,House,27,1287920,0.3199999999999999,0.9620414029020572,15,12,1,3,156721,bank,Hue,16.4637,107.5909,33.37873109058888,High,0.7816808275774557,0.1216853531275234,[],"16.464,107.591",353253.082999118,57.3,-72.57,reject,"{'min_emp_years': True, 'min_credit_hist': True, 'max_delinquencies': True, 'amount_min': True, 'amount_max': True, 'max_dti': False}",0.3057340620584751,353253.082999118,"Condition, comps, and features (placeholder)",244687.74591452285,0.8,"confidence<70%, condition<0.75, legal<0.97",RISKY
APP_0042,A0042,Land,25,617289,0.3199999999999999,0.9571510937583316,13,19,3,1,179034,non-bank,Can Tho,10.0452,105.7469,28.611196706482577,High,0.7496559184575805,0.2900327075324523,[],"10.045,105.747",165434.87562419623,57.3,-73.2,reject,"{'min_emp_years': True, 'min_credit_hist': True, 'max_delinquencies': False, 'amount_min': True, 'amount_max': True, 'max_dti': False}",0.6528339299225966,165434.87562419623,"Condition, comps, and features (placeholder)",114009.24394762055,0.8,"confidence<70%, condition<0.75, legal<0.97",RISKY
APP_0043,A0043,Land,24,1262626,0.27,0.988838397034611,25,24,5,0,134908,bank,Can Tho,10.0452,105.7469,33.855464192317655,High,0.5081005013245589,0.1068471582242089,[],"10.045,105.747",296651.4574068673,56.7,-76.51,reject,"{'min_emp_years': True, 'min_credit_hist': True, 'max_delinquencies': False, 'amount_min': True, 'amount_max': True, 'max_dti': False}",0.3640686647693504,296651.4574068673,"Condition, comps, and features (placeholder)",211205.05316653525,0.8,"confidence<70%, condition<0.75",RISKY
APP_0044,A0044,Apartment,15,1054361,0.3799999999999999,0.9599102113606448,11,12,4,4,85051,bank,Hue,16.4637,107.5909,35.380397453385804,High,0.7463198973998832,0.0806659199268561,[],"16.464,107.591",366422.80844553845,58.5,-65.25,reject,"{'min_emp_years': True, 'min_credit_hist': True, 'max_delinquencies': False, 'amount_min': True, 'amount_max': True, 'max_dti': False}",0.29474557126552975,366422.80844553845,"Condition, comps, and features (placeholder)",253247.75676166886,0.8,"confidence<70%, condition<0.75, legal<0.97",RISKY
APP_0045,A0045,House,38,1815787,0.16,0.9955319113565444,9,21,1,1,40402,bank,HCMC,10.7769,106.7009,39.1540793465424,High,0.1288426658108205,0.05,[],"10.777,106.701",258135.83330932495,55.0,-85.78,reject,"{'min_emp_years': True, 'min_credit_hist': True, 'max_delinquencies': True, 'amount_min': True, 'amount_max': True, 'max_dti': True}",0.4183901886669933,258135.83330932495,"Condition, comps, and features (placeholder)",185027.37085731357,0.8,"confidence<70%, condition<0.75",RISKY
APP_0046,A0046,Factory,4,549131,0.65,0.9828134519663744,2,24,3,4,139690,bank,Da Nang,16.0544,108.2022,37.7841836334296,High,0.3853092902479412,0.2543837444981252,[],"16.054,108.202",343784.6535616429,64.2,-37.39,review,"{'min_emp_years': True, 'min_credit_hist': True, 'max_delinquencies': False, 'amount_min': True, 'amount_max': True, 'max_dti': True}",0.3141545117883937,343784.6535616429,"Condition, comps, and features (placeholder)",243270.85111198734,0.8,"confidence<70%, condition<0.75",RISKY
APP_0047,A0047,Car,14,1983196,0.4199999999999999,0.9518081355247348,25,21,3,5,99071,non-bank,Hanoi,21.0285,105.8542,33.0143411625659,High,0.677127922690417,0.05,[],"21.029,105.854",737305.1872369273,59.2,-62.82,reject,"{'min_emp_years': True, 'min_credit_hist': True, 'max_delinquencies': False, 'amount_min': True, 'amount_max': True, 'max_dti': False}",0.14648140535229212,737305.1872369273,"Condition, comps, and features (placeholder)",505276.6144152206,0.8,"confidence<70%, condition<0.75, legal<0.97",RISKY
APP_0048,A0048,Factory,5,1875284,0.5700000000000001,0.950271491706435,22,11,3,6,38381,non-bank,Can Tho,10.0452,105.7469,37.86472269491299,High,0.2688341654253688,0.05,[],"10.045,105.747",990362.5745425718,62.2,-47.19,review,"{'min_emp_years': True, 'min_credit_hist': True, 'max_delinquencies': False, 'amount_min': True, 'amount_max': True, 'max_dti': True}",0.1090524851970337,990362.5745425718,"Condition, comps, and features (placeholder)",677601.5911493725,0.8,"confidence<70%, condition<0.75, legal<0.97",RISKY
APP_0049,A0049,Land,14,402368,0.63,0.95258289585072,1,8,0,3,78333,non-bank,Can Tho,10.0452,105.7469,16.354247355561146,Mass,0.6894795772685198,0.1946799944329569,[],"10.045,105.747",224568.95165020644,63.4,-44.19,review,"{'min_emp_years': False, 'min_credit_hist': True, 'max_delinquencies': True, 'amount_min': True, 'amount_max': True, 'max_dti': False}",0.4809280143420072,224568.95165020644,"Condition, comps, and features (placeholder)",154022.79044240207,0.8,"confidence<70%, condition<0.75, legal<0.97",RISKY
APP_0050,A0050,Land,38,370985,0.19,0.9802962588823864,13,24,1,0,192694,bank,Can Tho,10.0452,105.7469,12.77141892801974,Mass,0.4785518137321917,0.5194118360580616,[],"10.045,105.747",58733.54602763935,55.0,-84.17,reject,"{'min_emp_years': True, 'min_credit_hist': True, 'max_delinquencies': True, 'amount_min': True, 'amount_max': True, 'max_dti': False}",1.8388384033406684,58733.54602763935,"Condition, comps, and features (placeholder)",41454.91831808973,0.8,"confidence<70%, condition<0.75, ltv>cap",RISKY
APP_0051,A0051,Land,15,1089655,0.3899999999999999,0.9900740905429708,14,6,5,2,60423,bank,HCMC,10.7769,106.7009,24.254781726718868,High,0.6877260897559981,0.055451496115743,[],"10.777,106.701",396975.0600206515,59.2,-63.57,reject,"{'min_emp_years': True, 'min_credit_hist': True, 'max_delinquencies': False, 'amount_min': True, 'amount_max': True, 'max_dti': False}",0.27206117178842804,396975.0600206515,"Condition, comps, and features (placeholder)",282984.9994930952,0.8,"confidence<70%, condition<0.75",RISKY
APP_0052,A0052,House,36,137575,0.1,0.9619276410313694,14,10,1,6,43903,bank,HCMC,10.7769,106.7009,27.280356121918025,Mass,0.4449776921787301,0.3191204797383245,[],"10.777,106.701",11811.094672928992,55.0,-91.41,reject,"{'min_emp_years': True, 'min_credit_hist': True, 'max_delinquencies': True, 'amount_min': True, 'amount_max': True, 'max_dti': True}",9.144071992542676,11811.094672928992,"Condition, comps, and features (placeholder)",8180.221274444707,0.8,"confidence<70%, condition<0.75, legal<0.97, ltv>cap",RISKY
APP_0053,A0053,Apartment,20,632656,0.4299999999999999,0.9924704421461537,27,1,1,4,139575,bank,Can Tho,10.0452,105.7469,19.8189505191108,High,0.3627186891885449,0.2206175235831162,[],"10.045,105.747",250284.18161030216,60.0,-60.44,reject,"{'min_emp_years': True, 'min_credit_hist': False, 'max_delinquencies': True, 'amount_min': True, 'amount_max': True, 'max_dti': True}",0.43151548493847947,250284.18161030216,"Condition, comps, and features (placeholder)",178847.74971717468,0.8,"confidence<70%, condition<0.75",RISKY
APP_0054,A0054,Car,28,898439,0.2699999999999999,0.9528615970076628,4,19,1,4,47912,bank,Da Nang,16.0544,108.2022,4.999802310615653,High,0.2363108340068374,0.0533280500957772,[],"16.054,108.202",198783.6383261912,56.2,-77.87,reject,"{'min_emp_years': True, 'min_credit_hist': True, 'max_delinquencies': True, 'amount_min': True, 'amount_max': True, 'max_dti': True}",0.5433118183639263,198783.6383261912,"Condition, comps, and features (placeholder)",136377.5724536315,0.8,"confidence<70%, condition<0.75, legal<0.97",RISKY
APP_0055,A0055,Car,18,1940277,0.5,0.9900481926820838,9,16,1,3,184782,non-bank,Hue,16.4637,107.5909,5.95473492711176,High,0.2271224402197627,0.095234855641746,[],"16.464,107.591",874040.3204044402,61.4,-54.95,review,"{'min_emp_years': True, 'min_credit_hist': True, 'max_delinquencies': True, 'amount_min': True, 'amount_max': True, 'max_dti': True}",0.123565809813013,874040.3204044402,"Condition, comps, and features (placeholder)",623046.2684743336,0.8,"confidence<70%, condition<0.75",RISKY
APP_0056,A0056,House,11,1985132,0.75,0.996389771508614,5,2,0,1,173206,non-bank,Da Nang,16.0544,108.2022,38.26099751948833,High,0.6887671889856867,0.0872516286070649,[],"16.054,108.202",1443939.335088188,66.4,-27.26,review,"{'min_emp_years': True, 'min_credit_hist': False, 'max_delinquencies': True, 'amount_min': True, 'amount_max': True, 'max_dti': False}",0.07479642487432053,1443939.335088188,"Condition, comps, and features (placeholder)",1035882.9965957904,0.8,confidence<70%,RISKY
APP_0057,A0057,Car,30,345502,0.1,0.988605419955219,7,5,2,7,196870,non-bank,Da Nang,16.0544,108.2022,32.74006361613904,Mass,0.1510737958288664,0.5698085684019195,[],"16.054,108.202",29033.03773345629,55.0,-91.6,reject,"{'min_emp_years': True, 'min_credit_hist': True, 'max_delinquencies': True, 'amount_min': True, 'amount_max': True, 'max_dti': True}",3.7199517663817936,29033.03773345629,"Condition, comps, and features (placeholder)",20665.59729196268,0.8,"confidence<70%, condition<0.75, ltv>cap",RISKY
APP_0058,A0058,House,38,1788770,0.1,0.9849060391989318,27,13,5,6,183390,bank,Hue,16.4637,107.5909,30.530205155824163,High,0.1230849975943033,0.1025229627062171,[],"16.464,107.591",154242.9963958508,55.0,-91.38,reject,"{'min_emp_years': True, 'min_credit_hist': True, 'max_delinquencies': False, 'amount_min': True, 'amount_max': True, 'max_dti': True}",0.7002035912400447,154242.9963958508,"Condition, comps, and features (placeholder)",109378.69823117701,0.8,"confidence<70%, condition<0.75",RISKY
APP_0059,A0059,Land,11,227311,0.5700000000000001,0.9918990109327692,28,13,0,7,56315,bank,Can Tho,10.0452,105.7469,30.024496966711524,Mass,0.1998476602688106,0.247744279863271,[],"10.045,105.747",121449.17637933482,62.8,-46.57,reject,"{'min_emp_years': True, 'min_credit_hist': True, 'max_delinquencies': True, 'amount_min': True, 'amount_max': True, 'max_dti': True}",0.8892732188044462,121449.17637933482,"Condition, comps, and features (placeholder)",86735.0289090684,0.8,"confidence<70%, condition<0.75, ltv>cap",RISKY
APP_0060,A0060,Land,31,1509785,0.15,0.9520075649773532,1,20,1,6,50308,bank,HCMC,10.7769,106.7009,17.150693930289094,High,0.1990445347358336,0.05,[],"10.777,106.701",186924.3427306878,55.0,-87.62,reject,"{'min_emp_years': False, 'min_credit_hist': True, 'max_delinquencies': True, 'amount_min': True, 'amount_max': True, 'max_dti': True}",0.5777818898398039,186924.3427306878,"Condition, comps, and features (placeholder)",128126.43961778468,0.8,"confidence<70%, condition<0.75, legal<0.97",RISKY
APP_0061,A0061,Factory,11,1699003,0.72,0.9600891055359528,18,6,0,2,75101,bank,Can Tho,10.0452,105.7469,23.349502971872305,High,0.7496414793858648,0.05,[],"10.045,105.747",1109864.5816978014,65.3,-34.68,review,"{'min_emp_years': True, 'min_credit_hist': True, 'max_delinquencies': True, 'amount_min': True, 'amount_max': True, 'max_dti': False}",0.09731052038329403,1109864.5816978014,"Condition, comps, and features (placeholder)",767209.6033259592,0.8,"confidence<70%, condition<0.75, legal<0.97",RISKY
APP_0062,A0062,Land,28,1787045,0.2299999999999999,0.9562461839652822,6,23,3,2,99262,bank,HCMC,10.7769,106.7009,38.02983520289624,High,0.3887306299530805,0.0555453276218561,[],"10.777,106.701",344771.7416778107,55.4,-80.71,reject,"{'min_emp_years': True, 'min_credit_hist': True, 'max_delinquencies': False, 'amount_min': True, 'amount_max': True, 'max_dti': True}",0.3132550813892614,344771.7416778107,"Condition, comps, and features (placeholder)",237374.3968692988,0.8,"confidence<70%, condition<0.75, legal<0.97",RISKY
APP_0063,A0063,Apartment,31,485664,0.3,0.9752265495096492,5,11,1,1,177199,bank,Da Nang,16.0544,108.2022,25.05543446161713,Mass,0.8918301887564101,0.3648592442511695,[],"16.054,108.202",124399.55693606788,57.1,-74.39,reject,"{'min_emp_years': True, 'min_credit_hist': True, 'max_delinquencies': True, 'amount_min': True, 'amount_max': True, 'max_dti': False}",0.8681823525746538,124399.55693606788,"Condition, comps, and features (placeholder)",87348.78048332926,0.8,"confidence<70%, condition<0.75, ltv>cap",RISKY
APP_0064,A0064,Factory,18,1792220,0.23,0.9872594064164422,8,20,4,7,149364,bank,Can Tho,10.0452,105.7469,19.04988205129451,High,0.1666295691220205,0.0833402149289707,[],"10.045,105.747",370332.5009698546,55.9,-79.34,reject,"{'min_emp_years': True, 'min_credit_hist': True, 'max_delinquencies': False, 'amount_min': True, 'amount_max': True, 'max_dti': True}",0.2916338687994101,370332.5009698546,"Condition, comps, and features (placeholder)",263242.25646063493,0.8,"confidence<70%, condition<0.75",RISKY
APP_0065,A0065,Car,29,276162,0.15,0.98150059222882,5,5,3,4,132442,non-bank,Can Tho,10.0452,105.7469,35.93312388385136,Mass,0.6055088518395969,0.4795808257472063,[],"10.045,105.747",34762.56861017798,55.0,-87.41,reject,"{'min_emp_years': True, 'min_credit_hist': True, 'max_delinquencies': False, 'amount_min': True, 'amount_max': True, 'max_dti': False}",3.1068331345451474,34762.56861017798,"Condition, comps, and features (placeholder)",24566.026808364968,0.8,"confidence<70%, condition<0.75, ltv>cap",RISKY
APP_0066,A0066,Apartment,11,1061773,0.4900000000000001,0.9925565549880968,14,0,4,3,176889,bank,Can Tho,10.0452,105.7469,6.661657848457613,High,0.431420081121063,0.1665977567709859,[],"10.045,105.747",502634.21987488575,61.2,-52.66,review,"{'min_emp_years': True, 'min_credit_hist': False, 'max_delinquencies': False, 'amount_min': True, 'amount_max': True, 'max_dti': True}",0.21487096526552335,502634.21987488575,"Condition, comps, and features (placeholder)",359202.88058266527,0.8,"confidence<70%, condition<0.75",RISKY
APP_0067,A0067,Factory,4,965613,0.56,0.9577606496220544,29,1,3,7,132718,non-bank,HCMC,10.7769,106.7009,37.92152534139584,High,0.3839804501925128,0.1374442970423969,[],"10.777,106.701",517695.4740775079,62.1,-46.39,review,"{'min_emp_years': True, 'min_credit_hist': False, 'max_delinquencies': False, 'amount_min': True, 'amount_max': True, 'max_dti': True}",0.20861974926949103,517695.4740775079,"Condition, comps, and features (placeholder)",356996.41456238745,0.8,"confidence<70%, condition<0.75, legal<0.97",RISKY
APP_0068,A0068,Apartment,4,666061,0.7000000000000001,0.986731054596758,17,9,2,4,82020,bank,Can Tho,10.0452,105.7469,3.0063252392775186,High,0.79382156919597,0.1231418743928859,[],"10.045,105.747",464380.6788890889,65.3,-30.28,review,"{'min_emp_years': True, 'min_credit_hist': True, 'max_delinquencies': True, 'amount_min': True, 'amount_max': True, 'max_dti': False}",0.23257104550164695,464380.6788890889,"Condition, comps, and features (placeholder)",329917.56265050423,0.8,"confidence<70%, condition<0.75",RISKY
APP_0069,A0069,House,18,93122,0.18,0.9596520745434453,21,23,5,7,88470,bank,Can Tho,10.0452,105.7469,36.03547433680498,Mass,0.8792562989541397,0.9500440282639978,[],"10.045,105.747",15077.079452013377,55.0,-83.81,reject,"{'min_emp_years': True, 'min_credit_hist': True, 'max_delinquencies': False, 'amount_min': True, 'amount_max': True, 'max_dti': False}",7.163290499578657,15077.079452013377,"Condition, comps, and features (placeholder)",10417.500413410311,0.8,"confidence<70%, condition<0.75, legal<0.97, ltv>cap",RISKY
APP_0070,A0070,Car,36,1555424,0.1,0.96353793756589,14,1,2,7,108233,bank,Can Tho,10.0452,105.7469,6.25700193608989,High,0.791930114958052,0.0695842419816075,[],"10.045,105.747",127390.35280504136,55.0,-91.81,reject,"{'min_emp_years': True, 'min_credit_hist': False, 'max_delinquencies': True, 'amount_min': True, 'amount_max': True, 'max_dti': False}",0.8477996773059093,127390.35280504136,"Condition, comps, and features (placeholder)",88376.71522144366,0.8,"confidence<70%, condition<0.75, legal<0.97, ltv>cap",RISKY
APP_0071,A0071,Land,5,704388,0.65,0.9854952348640652,0,9,5,0,26866,bank,Hanoi,21.0285,105.8542,3.893874242895312,High,0.213455577179863,0.05,[],"21.029,105.854",439930.8823377283,64.3,-37.54,review,"{'min_emp_years': False, 'min_credit_hist': True, 'max_delinquencies': False, 'amount_min': True, 'amount_max': True, 'max_dti': True}",0.24549651851239868,439930.8823377283,"Condition, comps, and features (placeholder)",312155.84751363,0.8,"confidence<70%, condition<0.75",RISKY
APP_0072,A0072,House,18,1340239,0.33,0.999010239244934,2,2,5,2,150926,bank,Hue,16.4637,107.5909,0.8171727765362902,High,0.2376782330275939,0.1126112581412718,[],"16.464,107.591",414137.68152450287,58.1,-69.1,reject,"{'min_emp_years': True, 'min_credit_hist': False, 'max_delinquencies': False, 'amount_min': True, 'amount_max': True, 'max_dti': True}",0.2607864601994928,414137.68152450287,"Condition, comps, and features (placeholder)",297884.0046960979,0.8,"confidence<70%, condition<0.75",RISKY
APP_0073,A0073,Car,28,849928,0.1399999999999999,0.9805771802988534,8,23,3,5,134027,bank,Can Tho,10.0452,105.7469,7.918964789056259,High,0.6076627972308039,0.1576921809847422,[],"10.045,105.747",100343.768204324,55.0,-88.19,reject,"{'min_emp_years': True, 'min_credit_hist': True, 'max_delinquencies': False, 'amount_min': True, 'amount_max': True, 'max_dti': False}",1.0763149713501192,100343.768204324,"Condition, comps, and features (placeholder)",70844.26268617761,0.8,"confidence<70%, condition<0.75, ltv>cap",RISKY
APP_0074,A0074,House,8,778632,0.4599999999999999,0.9527250157495648,7,16,4,6,148915,non-bank,Hue,16.4637,107.5909,8.820898369146846,High,0.2957210443924629,0.1912520934151177,[],"16.464,107.591",337416.3369586789,60.0,-56.67,reject,"{'min_emp_years': True, 'min_credit_hist': True, 'max_delinquencies': False, 'amount_min': True, 'amount_max': True, 'max_dti': True}",0.32008379017292876,337416.3369586789,"Condition, comps, and features (placeholder)",231454.78915904486,0.8,"confidence<70%, condition<0.75, legal<0.97",RISKY
APP_0075,A0075,Land,29,1778277,0.3400000000000001,0.9808154484963766,25,19,1,1,111449,bank,HCMC,10.7769,106.7009,14.300668960178095,High,0.6745163611634929,0.0626724632889026,[],"10.777,106.701",517168.3188169135,58.0,-70.92,reject,"{'min_emp_years': True, 'min_credit_hist': True, 'max_delinquencies': True, 'amount_min': True, 'amount_max': True, 'max_dti': False}",0.20883239763616376,517168.3188169135,"Condition, comps, and features (placeholder)",365217.60712934023,0.8,"confidence<70%, condition<0.75",RISKY
APP_0076,A0076,Car,12,234210,0.5,0.9521175275790084,25,17,4,2,158762,bank,Hue,16.4637,107.5909,8.840145816874845,Mass,0.531457553188198,0.6778617480039281,[],"16.464,107.591",104807.85968311138,60.8,-55.25,reject,"{'min_emp_years': True, 'min_credit_hist': True, 'max_delinquencies': False, 'amount_min': True, 'amount_max': True, 'max_dti': False}",1.0304713818843803,104807.85968311138,"Condition, comps, and features (placeholder)",71848.3681672788,0.8,"confidence<70%, condition<0.75, legal<0.97, ltv>cap",RISKY
APP_0077,A0077,Apartment,32,1486403,0.1,0.9942072855683408,25,16,4,4,190452,bank,Hanoi,21.0285,105.8542,34.61791166347412,High,0.5182724532168425,0.1281294507613345,[],"21.029,105.854",129380.75017502542,55.0,-91.3,reject,"{'min_emp_years': True, 'min_credit_hist': True, 'max_delinquencies': False, 'amount_min': True, 'amount_max': True, 'max_dti': False}",0.8347571014536266,129380.75017502542,"Condition, comps, and features (placeholder)",92614.52479414153,0.8,"confidence<70%, condition<0.75, ltv>cap",RISKY
APP_0078,A0078,Apartment,23,1506239,0.11,0.985478914255031,19,19,5,6,118287,bank,Da Nang,16.0544,108.2022,18.557278562094503,High,0.7542648861129679,0.0785313618887839,[],"16.054,108.202",148838.19864531426,55.0,-90.12,reject,"{'min_emp_years': True, 'min_credit_hist': True, 'max_delinquencies': False, 'amount_min': True, 'amount_max': True, 'max_dti': False}",0.7256302547531545,148838.19864531426,"Condition, comps, and features (placeholder)",105607.37260847443,0.8,"confidence<70%, condition<0.75",RISKY
APP_0079,A0079,Car,22,790983,0.51,0.9586563923211252,16,0,1,0,94432,bank,Hue,16.4637,107.5909,19.431085192383424,High,0.6539528559812762,0.1193856252283551,[],"16.464,107.591",344183.7046710559,61.1,-56.49,review,"{'min_emp_years': True, 'min_credit_hist': False, 'max_delinquencies': True, 'amount_min': True, 'amount_max': True, 'max_dti': False}",0.3137902769197614,344183.7046710559,"Condition, comps, and features (placeholder)",237566.81420328535,0.8,"confidence<70%, condition<0.75, legal<0.97",RISKY
APP_0080,A0080,Land,7,561798,0.5399999999999999,0.95458605029121,19,21,4,4,29876,bank,Da Nang,16.0544,108.2022,5.6971142350977,High,0.0725911002476979,0.053179256601127,[],"16.054,108.202",279457.87060565024,61.6,-50.26,review,"{'min_emp_years': True, 'min_credit_hist': True, 'max_delinquencies': False, 'amount_min': True, 'amount_max': True, 'max_dti': True}",0.386467912912725,279457.87060565024,"Condition, comps, and features (placeholder)",192071.94114545258,0.8,"confidence<70%, condition<0.75, legal<0.97",RISKY
APP_0081,A0081,Factory,19,60348,0.46,0.959176661444016,12,18,2,2,157948,non-bank,Hue,16.4637,107.5909,21.48802537625937,Mass,0.0920402665741133,1.5,[],"16.464,107.591",24097.272874516017,60.1,-60.07,reject,"{'min_emp_years': True, 'min_credit_hist': True, 'max_delinquencies': True, 'amount_min': True, 'amount_max': True, 'max_dti': True}",4.481897207306665,24097.272874516017,"Condition, comps, and features (placeholder)",16641.750056892277,0.8,"confidence<70%, condition<0.75, legal<0.97, ltv>cap",RISKY
APP_0082,A0082,Car,34,1876785,0.2399999999999999,0.9990013589777096,20,18,1,1,181754,non-bank,HCMC,10.7769,106.7009,24.596420155985864,High,0.5613246845876134,0.0968432718718446,[],"10.777,106.701",390131.43208710855,56.3,-79.21,reject,"{'min_emp_years': True, 'min_credit_hist': True, 'max_delinquencies': True, 'amount_min': True, 'amount_max': True, 'max_dti': False}",0.2768336286625719,390131.43208710855,"Condition, comps, and features (placeholder)",280614.11820115783,0.8,"confidence<70%, condition<0.75",RISKY
APP_0083,A0083,House,1,1898076,0.8099999999999999,0.9729280321229244,23,9,1,4,142903,non-bank,Hue,16.4637,107.5909,14.417469150515604,High,0.4632632642789341,0.0752883446184452,[],"16.464,107.591",1532991.1182629478,67.3,-19.23,review,"{'min_emp_years': True, 'min_credit_hist': True, 'max_delinquencies': True, 'amount_min': True, 'amount_max': True, 'max_dti': False}",0.07045148449547307,1532991.1182629478,"Condition, comps, and features (placeholder)",1087296.233294095,0.8,confidence<70%,RISKY
APP_0084,A0084,Factory,30,519892,0.16,0.9892040474170704,22,20,3,3,174458,bank,Hue,16.4637,107.5909,29.34146729996616,High,0.2711569570415427,0.3355658482915682,[],"16.464,107.591",69941.98080428675,55.0,-86.55,reject,"{'min_emp_years': True, 'min_credit_hist': True, 'max_delinquencies': False, 'amount_min': True, 'amount_max': True, 'max_dti': True}",1.5441584404395448,69941.98080428675,"Condition, comps, and features (placeholder)",49814.5611570966,0.8,"confidence<70%, condition<0.75, ltv>cap",RISKY
APP_0085,A0085,Land,20,112226,0.3999999999999999,0.9818204171053888,18,9,1,5,173627,bank,Hue,16.4637,107.5909,34.409263561841726,Mass,0.4058576742175814,1.5,[],"16.464,107.591",39666.880126824966,59.2,-64.65,reject,"{'min_emp_years': True, 'min_credit_hist': True, 'max_delinquencies': True, 'amount_min': True, 'amount_max': True, 'max_dti': True}",2.722712238892802,39666.880126824966,"Condition, comps, and features (placeholder)",28040.942009799895,0.8,"confidence<70%, condition<0.75, ltv>cap",RISKY
APP_0086,A0086,Land,29,289377,0.36,0.9786206574979318,1,1,0,2,161638,non-bank,HCMC,10.7769,106.7009,20.88490903905017,Mass,0.6942237709229314,0.5585723813571914,[],"10.777,106.701",88909.2969678604,58.4,-69.28,reject,"{'min_emp_years': False, 'min_credit_hist': False, 'max_delinquencies': True, 'amount_min': True, 'amount_max': True, 'max_dti': False}",1.2147379822274513,88909.2969678604,"Condition, comps, and features (placeholder)",62646.10175258383,0.8,"confidence<70%, condition<0.75, ltv>cap",RISKY
APP_0087,A0087,House,26,181903,0.2,0.9572565127332524,21,22,2,6,105547,bank,HCMC,10.7769,106.7009,23.324425256204595,Mass,0.7526197619592405,0.5802378190574097,[],"10.777,106.701",31813.154803305457,55.0,-82.51,reject,"{'min_emp_years': True, 'min_credit_hist': True, 'max_delinquencies': True, 'amount_min': True, 'amount_max': True, 'max_dti': False}",3.3948692189678216,31813.154803305457,"Condition, comps, and features (placeholder)",21926.41173075982,0.8,"confidence<70%, condition<0.75, legal<0.97, ltv>cap",RISKY
APP_0088,A0088,Apartment,17,1670669,0.5099999999999999,0.9973012226779048,10,5,3,0,28973,bank,HCMC,10.7769,106.7009,30.697202378845056,High,0.5270396077065376,0.05,[],"10.777,106.701",816389.3580269986,61.7,-51.13,review,"{'min_emp_years': True, 'min_credit_hist': True, 'max_delinquencies': False, 'amount_min': True, 'amount_max': True, 'max_dti': False}",0.13229165586015432,816389.3580269986,"Condition, comps, and features (placeholder)",586213.99555792,0.8,"confidence<70%, condition<0.75",RISKY
APP_0089,A0089,Land,13,1789227,0.51,0.965067131625736,22,2,1,6,10616,bank,Da Nang,16.0544,108.2022,25.29952759539488,High,0.3775640587285375,0.05,[],"16.054,108.202",823388.4198528545,61.2,-53.98,review,"{'min_emp_years': True, 'min_credit_hist': False, 'max_delinquencies': True, 'amount_min': True, 'amount_max': True, 'max_dti': True}",0.1311671349705169,823388.4198528545,"Condition, comps, and features (placeholder)",572130.0724040939,0.8,"confidence<70%, condition<0.75, legal<0.97",RISKY
APP_0090,A0090,Factory,25,348904,0.25,0.9789008607903772,16,15,5,0,48835,non-bank,Da Nang,16.0544,108.2022,25.3443020069501,Mass,0.280092247270841,0.1399668676770687,[],"16.054,108.202",74712.40567288877,56.2,-78.59,reject,"{'min_emp_years': True, 'min_credit_hist': True, 'max_delinquencies': False, 'amount_min': True, 'amount_max': True, 'max_dti': True}",1.4455631434605378,74712.40567288877,"Condition, comps, and features (placeholder)",52657.94752193569,0.8,"confidence<70%, condition<0.75, ltv>cap",RISKY
APP_0091,A0091,Car,6,1506141,0.5299999999999999,0.9849887972294532,26,5,4,5,91894,bank,HCMC,10.7769,106.7009,26.900177423498185,High,0.4936307001538654,0.0610128799362078,[],"10.777,106.701",777937.4835417364,61.9,-48.35,review,"{'min_emp_years': True, 'min_credit_hist': True, 'max_delinquencies': False, 'amount_min': True, 'amount_max': True, 'max_dti': False}",0.1388305645182422,777937.4835417364,"Condition, comps, and features (placeholder)",551706.9884881075,0.8,"confidence<70%, condition<0.75",RISKY
APP_0092,A0092,Factory,23,399573,0.33,0.9824616577622656,10,21,3,2,151284,non-bank,Da Nang,16.0544,108.2022,24.82143681092284,Mass,0.3175371757797238,0.3786141706271445,[],"16.054,108.202",114648.65263489504,57.8,-71.31,reject,"{'min_emp_years': True, 'min_credit_hist': True, 'max_delinquencies': False, 'amount_min': True, 'amount_max': True, 'max_dti': True}",0.9420215372607712,114648.65263489504,"Condition, comps, and features (placeholder)",81099.29183608017,0.8,"confidence<70%, condition<0.75, ltv>cap",RISKY
APP_0093,A0093,Factory,4,766057,0.5800000000000001,0.997029720484776,27,11,5,3,96603,non-bank,HCMC,10.7769,106.7009,12.57026618176218,High,0.5294808664901395,0.1261041932910997,[],"10.777,106.701",442816.1286891277,63.1,-42.2,review,"{'min_emp_years': True, 'min_credit_hist': True, 'max_delinquencies': False, 'amount_min': True, 'amount_max': True, 'max_dti': False}",0.2438969427778472,442816.1286891277,"Condition, comps, and features (placeholder)",317880.6055294116,0.8,"confidence<70%, condition<0.75",RISKY
APP_0094,A0094,Apartment,26,1218796,0.38,0.9574219494960028,25,0,2,0,14396,bank,HCMC,10.7769,106.7009,28.124941017148583,High,0.625154525133192,0.05,[],"10.777,106.701",405066.70596370834,58.5,-66.77,reject,"{'min_emp_years': True, 'min_credit_hist': False, 'max_delinquencies': True, 'amount_min': True, 'amount_max': True, 'max_dti': False}",0.26662645537122054,405066.70596370834,"Condition, comps, and features (placeholder)",279230.2238157824,0.8,"confidence<70%, condition<0.75, legal<0.97",RISKY
APP_0095,A0095,Factory,25,1453857,0.35,0.9754176369223472,9,23,0,5,49965,non-bank,Hue,16.4637,107.5909,2.045682931386384,High,0.1061673292814856,0.05,[],"16.464,107.591",434298.5638049227,58.1,-70.13,reject,"{'min_emp_years': True, 'min_credit_hist': True, 'max_delinquencies': True, 'amount_min': True, 'amount_max': True, 'max_dti': True}",0.2486803065932124,434298.5638049227,"Condition, comps, and features (placeholder)",305008.1847542642,0.8,"confidence<70%, condition<0.75",RISKY
APP_0096,A0096,Apartment,4,1755395,0.89,0.9702017195370384,14,12,0,1,196052,bank,Can Tho,10.0452,105.7469,3.346079218472886,High,0.0509073452693351,0.1116854041398089,[],"10.045,105.747",1529995.678157687,68.9,-12.84,review,"{'min_emp_years': True, 'min_credit_hist': True, 'max_delinquencies': True, 'amount_min': True, 'amount_max': True, 'max_dti': True}",0.07058941508256272,1529995.678157687,"Condition, comps, and features (placeholder)",1189007.9547040928,0.8,confidence<70%,RISKY
APP_0097,A0097,Apartment,30,137330,0.1,0.9737084364741307,15,6,5,5,197724,bank,HCMC,10.7769,106.7009,20.763582867996856,Mass,0.2304355680146315,1.4397728100196607,[],"10.777,106.701",11934.454627603567,55.0,-91.31,reject,"{'min_emp_years': True, 'min_credit_hist': True, 'max_delinquencies': False, 'amount_min': True, 'amount_max': True, 'max_dti': True}",9.049554702751143,11934.454627603567,"Condition, comps, and features (placeholder)",8366.888992043034,0.8,"confidence<70%, condition<0.75, ltv>cap",RISKY
APP_0098,A0098,Land,17,433047,0.2599999999999999,0.9559608763098872,23,16,5,5,81657,bank,Can Tho,10.0452,105.7469,26.865551799812447,Mass,0.8103347730609639,0.1885638279447727,[],"10.045,105.747",98484.88792664115,56.0,-77.26,reject,"{'min_emp_years': True, 'min_credit_hist': True, 'max_delinquencies': False, 'amount_min': True, 'amount_max': True, 'max_dti': False}",1.096630176199698,98484.88792664115,"Condition, comps, and features (placeholder)",67786.34383125571,0.8,"confidence<70%, condition<0.75, legal<0.97, ltv>cap",RISKY
APP_0099,A0099,Land,31,596991,0.1,0.9567047304936382,20,13,4,6,162947,non-bank,Da Nang,16.0544,108.2022,18.58260840679987,High,0.5993471487442753,0.2729471633575716,[],"16.054,108.202",48547.24966978085,55.0,-91.87,reject,"{'min_emp_years': True, 'min_credit_hist': True, 'max_delinquencies': False, 'amount_min': True, 'amount_max': True, 'max_dti': False}",2.2246677357549167,48547.24966978085,"Condition, comps, and features (placeholder)",33440.67605630525,0.8,"confidence<70%, condition<0.75, legal<0.97, ltv>cap",RISKY
APP_0100,A0100,House,2,655131,0.8099999999999999,0.9639037772890628,25,0,0,5,146669,bank,Hanoi,21.0285,105.8542,6.057580449055022,High,0.1961662991464694,0.2238773619321937,[],"21.029,105.854",521578.00701926975,67.2,-20.39,review,"{'min_emp_years': True, 'min_credit_hist': False, 'max_delinquencies': True, 'amount_min': True, 'amount_max': True, 'max_dti': True}",0.20706682135086626,521578.00701926975,"Condition, comps, and features (placeholder)",366505.48710412934,0.8,"confidence<70%, legal<0.97",RISKY
APP_0101,A0101,Factory,7,1996154,0.75,0.9652352301880416,11,18,1,2,186941,bank,HCMC,10.7769,106.7009,13.89650637759592,High,0.806724367550076,0.0936505900847329,[],"10.777,106.701",1422381.0468596937,66.0,-28.74,review,"{'min_emp_years': True, 'min_credit_hist': True, 'max_delinquencies': True, 'amount_min': True, 'amount_max': True, 'max_dti': False}",0.0759300753046757,1422381.0468596937,"Condition, comps, and features (placeholder)",988511.2539701215,0.8,"confidence<70%, legal<0.97",RISKY
APP_0102,A0102,House,20,1565939,0.4499999999999999,0.9713951606840676,15,10,0,5,178638,bank,Hanoi,21.0285,105.8542,7.824326882116905,High,0.449462549244239,0.1140772405566244,[],"21.029,105.854",634545.8730765077,60.1,-59.48,review,"{'min_emp_years': True, 'min_credit_hist': True, 'max_delinquencies': True, 'amount_min': True, 'amount_max': True, 'max_dti': True}",0.17020282470102546,634545.8730765077,"Condition, comps, and features (placeholder)",443804.24904376763,0.8,"confidence<70%, condition<0.75",RISKY
APP_0103,A0103,Factory,8,674813,0.6599999999999999,0.9805493773518316,12,17,0,6,129460,bank,Hanoi,21.0285,105.8542,18.6911089573704,High,0.4546779931768615,0.1918457409682386,[],"21.029,105.854",419245.1790778447,64.4,-37.87,review,"{'min_emp_years': True, 'min_credit_hist': True, 'max_delinquencies': True, 'amount_min': True, 'amount_max': True, 'max_dti': False}",0.25760940230143103,419245.1790778447,"Condition, comps, and features (placeholder)",295985.23149782716,0.8,"confidence<70%, condition<0.75",RISKY
APP_0104,A0104,House,13,1945061,0.6299999999999999,0.9817314558709132,27,22,1,2,84979,bank,HCMC,10.7769,106.7009,14.683294829295178,High,0.8452106522662569,0.05,[],"10.777,106.701",1181047.5741863814,63.8,-39.28,review,"{'min_emp_years': True, 'min_credit_hist': True, 'max_delinquencies': True, 'amount_min': True, 'amount_max': True, 'max_dti': False}",0.09144551190023126,1181047.5741863814,"Condition, comps, and features (placeholder)",834819.5192103408,0.8,"confidence<70%, condition<0.75",RISKY
APP_0105,A0105,Land,26,1023648,0.3299999999999999,0.9705905448292784,9,15,3,0,129065,bank,Da Nang,16.0544,108.2022,28.47377543270153,High,0.100563688355839,0.1260833802244521,[],"16.054,108.202",285246.2154065894,57.7,-72.13,reject,"{'min_emp_years': True, 'min_credit_hist': True, 'max_delinquencies': False, 'amount_min': True, 'amount_max': True, 'max_dti': True}",0.37862553179208663,285246.2154065894,"Condition, comps, and features (placeholder)",199337.24132781936,0.8,"confidence<70%, condition<0.75",RISKY
APP_0106,A0106,Land,6,1026445,0.67,0.9704391554714348,17,16,0,7,70635,bank,Hue,16.4637,107.5909,10.604273507588369,High,0.2329015334344107,0.0688151824988187,[],"16.464,107.591",647366.9620677262,64.5,-36.93,review,"{'min_emp_years': True, 'min_credit_hist': True, 'max_delinquencies': True, 'amount_min': True, 'amount_max': True, 'max_dti': True}",0.16683196135780112,647366.9620677262,"Condition, comps, and features (placeholder)",452325.7785233611,0.8,"confidence<70%, condition<0.75",RISKY
APP_0107,A0107,Land,27,895712,0.1799999999999999,0.960881426334848,3,6,5,1,76137,non-bank,Hanoi,21.0285,105.8542,31.903816274971263,High,0.5479056263815141,0.0850016523168161,[],"21.029,105.854",134006.7898594137,55.0,-85.04,reject,"{'min_emp_years': True, 'min_credit_hist': True, 'max_delinquencies': False, 'amount_min': True, 'amount_max': True, 'max_dti': False}",0.805940505800521,134006.7898594137,"Condition, comps, and features (placeholder)",92710.53747264072,0.8,"confidence<70%, condition<0.75, legal<0.97, ltv>cap",RISKY
APP_0108,A0108,Land,5,330600,0.68,0.9794153124204504,25,5,2,4,125660,bank,Can Tho,10.0452,105.7469,12.208074847260075,Mass,0.2161635331447035,0.3800967937084089,[],"10.045,105.747",214675.8876157512,64.8,-35.06,review,"{'min_emp_years': True, 'min_credit_hist': True, 'max_delinquencies': True, 'amount_min': True, 'amount_max': True, 'max_dti': True}",0.5030909675021915,214675.8876157512,"Condition, comps, and features (placeholder)",151384.93310758934,0.8,"confidence<70%, condition<0.75",RISKY
APP_0109,A0109,Car,7,1872026,0.7799999999999999,0.965852045565862,11,10,1,1,118565,non-bank,HCMC,10.7769,106.7009,5.571237266964236,High,0.6275979578276142,0.0633351246189956,[],"10.777,106.701",1388176.116000706,66.6,-25.85,review,"{'min_emp_years': True, 'min_credit_hist': True, 'max_delinquencies': True, 'amount_min': True, 'amount_max': True, 'max_dti': False}",0.07780100720299749,1388176.116000706,"Condition, comps, and features (placeholder)",965356.373696368,0.8,"confidence<70%, legal<0.97",RISKY
APP_0110,A0110,Land,23,77175,0.36,0.9518029917138682,10,21,3,1,120387,bank,Hanoi,21.0285,105.8542,34.715886507938244,Mass,0.2319784459362121,1.5,[],"21.029,105.854",23402.889129125964,58.0,-69.68,reject,"{'min_emp_years': True, 'min_credit_hist': True, 'max_delinquencies': False, 'amount_min': True, 'amount_max': True, 'max_dti': True}",4.614878932430065,23402.889129125964,"Condition, comps, and features (placeholder)",16037.95671925204,0.8,"confidence<70%, condition<0.75, legal<0.97, ltv>cap",RISKY
APP_0111,A0111,Apartment,31,389843,0.1,0.970920002207843,17,13,4,6,83088,bank,Hue,16.4637,107.5909,15.424810378323206,Mass,0.1342834250089922,0.2131319531195891,[],"16.464,107.591",33138.23238013335,55.0,-91.5,reject,"{'min_emp_years': True, 'min_credit_hist': True, 'max_delinquencies': False, 'amount_min': True, 'amount_max': True, 'max_dti': True}",3.2591207268118447,33138.23238013335,"Condition, comps, and features (placeholder)",23165.69231209182,0.8,"confidence<70%, condition<0.75, ltv>cap",RISKY
APP_0112,A0112,Land,7,497829,0.7799999999999999,0.9737066337545084,14,8,1,1,87736,bank,Hue,16.4637,107.5909,36.196170070802616,Mass,0.2259373856947137,0.1762372220180021,[],"16.464,107.591",364863.3462109233,66.7,-26.71,review,"{'min_emp_years': True, 'min_credit_hist': True, 'max_delinquencies': True, 'amount_min': True, 'amount_max': True, 'max_dti': True}",0.2960053431554223,364863.3462109233,"Condition, comps, and features (placeholder)",255794.2996459996,0.8,confidence<70%,RISKY
APP_0113,A0113,Car,12,594630,0.61,0.9612796434102104,25,19,0,5,11936,bank,Hue,16.4637,107.5909,10.971374869142924,High,0.4093239291312529,0.05,[],"16.464,107.591",327758.71661460504,63.1,-44.88,review,"{'min_emp_years': True, 'min_credit_hist': True, 'max_delinquencies': True, 'amount_min': True, 'amount_max': True, 'max_dti': True}",0.32951526389759916,327758.71661460504,"Condition, comps, and features (placeholder)",226848.80320695057,0.8,"confidence<70%, condition<0.75, legal<0.97",RISKY
APP_0114,A0114,Car,37,307053,0.11,0.9786228966561058,15,21,0,5,124337,non-bank,Hanoi,21.0285,105.8542,36.62027124705919,Mass,0.1997175542971179,0.4049366070352675,[],"21.029,105.854",28095.730502829567,55.0,-90.85,reject,"{'min_emp_years': True, 'min_credit_hist': True, 'max_delinquencies': True, 'amount_min': True, 'amount_max': True, 'max_dti': True}",3.8440538141239284,28095.730502829567,"Condition, comps, and features (placeholder)",19796.490121210834,0.8,"confidence<70%, condition<0.75, ltv>cap",RISKY
APP_0115,A0115,Car,39,85024,0.1,0.978288595021596,15,22,5,0,119399,bank,Hanoi,21.0285,105.8542,2.562407091974961,Mass,0.1644882211848452,1.4042976100865638,[],"21.029,105.854",7070.130807764875,55.0,-91.68,reject,"{'min_emp_years': True, 'min_credit_hist': True, 'max_delinquencies': False, 'amount_min': True, 'amount_max': True, 'max_dti': True}",15.275742830866124,7070.130807764875,"Condition, comps, and features (placeholder)",4979.972400873985,0.8,"confidence<70%, condition<0.75, ltv>cap",RISKY
APP_0116,A0116,Car,23,1371434,0.51,0.9851001090555186,3,7,0,1,187722,bank,HCMC,10.7769,106.7009,34.50368279848791,High,0.7812396032860998,0.136880083183004,[],"10.777,106.701",621969.2270809021,61.5,-54.65,review,"{'min_emp_years': True, 'min_credit_hist': True, 'max_delinquencies': True, 'amount_min': True, 'amount_max': True, 'max_dti': False}",0.17364444300063708,621969.2270809021,"Condition, comps, and features (placeholder)",441145.4064671328,0.8,"confidence<70%, condition<0.75",RISKY
APP_0117,A0117,House,18,1940154,0.31,0.9823974241100604,0,17,3,6,105813,bank,Da Nang,16.0544,108.2022,1.644790163636789,High,0.3223376230577116,0.0545384541639478,[],"16.054,108.202",553813.7439636637,57.4,-71.46,reject,"{'min_emp_years': False, 'min_credit_hist': True, 'max_delinquencies': False, 'amount_min': True, 'amount_max': True, 'max_dti': True}",0.1950141201390735,553813.7439636637,"Condition, comps, and features (placeholder)",391726.94076478924,0.8,"confidence<70%, condition<0.75",RISKY
APP_0118,A0118,House,14,287573,0.5,0.9826216528260516,11,14,2,4,98851,non-bank,Can Tho,10.0452,105.7469,7.964632956596129,Mass,0.3566448835405155,0.3437422845677445,[],"10.045,105.747",135339.51492331357,61.2,-52.94,review,"{'min_emp_years': True, 'min_credit_hist': True, 'max_delinquencies': True, 'amount_min': True, 'amount_max': True, 'max_dti': True}",0.7980041901376408,135339.51492331357,"Condition, comps, and features (placeholder)",95751.02724956819,0.8,"confidence<70%, condition<0.75",RISKY
APP_0119,A0119,Apartment,24,628243,0.32,0.965810707591202,29,11,4,0,22859,bank,HCMC,10.7769,106.7009,16.252719821345842,High,0.0969798480760434,0.05,[],"10.777,106.701",179407.92522405088,57.4,-71.44,reject,"{'min_emp_years': True, 'min_credit_hist': True, 'max_delinquencies': False, 'amount_min': True, 'amount_max': True, 'max_dti': True}",0.6019884565585604,179407.92522405088,"Condition, comps, and features (placeholder)",124757.34854983924,0.8,"confidence<70%, condition<0.75, legal<0.97",RISKY
APP_0120,A0120,House,24,1037343,0.31,0.9893716110992976,27,9,0,7,47381,bank,Hanoi,21.0285,105.8542,8.69503581481812,High,0.353764179976746,0.05,[],"21.029,105.854",288378.8568800519,57.5,-72.2,reject,"{'min_emp_years': True, 'min_credit_hist': True, 'max_delinquencies': True, 'amount_min': True, 'amount_max': True, 'max_dti': True}",0.3745125463373415,288378.8568800519,"Condition, comps, and features (placeholder)",205425.97505164132,0.8,"confidence<70%, condition<0.75",RISKY
APP_0121,A0121,Car,12,1858629,0.45,0.977457219179984,18,2,5,2,74227,non-bank,Can Tho,10.0452,105.7469,8.195406440676567,High,0.2750861007233427,0.05,[],"10.045,105.747",768476.9312089371,60.2,-58.65,review,"{'min_emp_years': True, 'min_credit_hist': False, 'max_delinquencies': False, 'amount_min': True, 'amount_max': True, 'max_dti': True}",0.14053967739811835,768476.9312089371,"Condition, comps, and features (placeholder)",540830.393412088,0.8,"confidence<70%, condition<0.75",RISKY
APP_0122,A0122,Land,1,1403811,0.78,0.9715709097589944,18,6,4,0,81669,non-bank,Hanoi,21.0285,105.8542,2.1589174873067885,High,0.5689123072405203,0.0581766348888846,[],"21.029,105.854",1058524.2881831946,66.7,-24.6,review,"{'min_emp_years': True, 'min_credit_hist': True, 'max_delinquencies': False, 'amount_min': True, 'amount_max': True, 'max_dti': False}",0.1020302521214408,1058524.2881831946,"Condition, comps, and features (placeholder)",740470.6120839396,0.8,confidence<70%,RISKY
APP_0123,A0123,Land,6,1544066,0.5700000000000001,0.9813006240470528,11,13,2,7,78910,non-bank,Hanoi,21.0285,105.8542,29.86466584643252,High,0.2245817530215457,0.0511053283991746,[],"21.029,105.854",837750.1706485827,62.6,-45.74,review,"{'min_emp_years': True, 'min_credit_hist': True, 'max_delinquencies': True, 'amount_min': True, 'amount_max': True, 'max_dti': True}",0.12891850552102627,837750.1706485827,"Condition, comps, and features (placeholder)",591901.0309821451,0.8,"confidence<70%, condition<0.75",RISKY
APP_0124,A0124,Car,38,1183177,0.19,0.9680328667225128,5,22,1,0,84880,bank,Da Nang,16.0544,108.2022,16.396964185667628,High,0.8051106351034145,0.0717390551033361,[],"16.054,108.202",184974.707038748,55.0,-84.37,reject,"{'min_emp_years': True, 'min_credit_hist': True, 'max_delinquencies': True, 'amount_min': True, 'amount_max': True, 'max_dti': False}",0.583871718079684,184974.707038748,"Condition, comps, and features (placeholder)",128924.34906663085,0.8,"confidence<70%, condition<0.75, legal<0.97",RISKY
APP_0125,A0125,Factory,17,863219,0.2899999999999999,0.975636962230338,0,21,5,4,156094,bank,Da Nang,16.0544,108.2022,36.19803209742395,High,0.8402166277816219,0.1808278084703881,[],"16.054,108.202",223474.68209538492,56.9,-74.11,reject,"{'min_emp_years': False, 'min_credit_hist': True, 'max_delinquencies': False, 'amount_min': True, 'amount_max': True, 'max_dti': False}",0.48328293383096566,223474.68209538492,"Condition, comps, and features (placeholder)",156981.71518195095,0.8,"confidence<70%, condition<0.75",RISKY
APP_0126,A0126,Car,19,439562,0.36,0.9868352844241112,10,4,1,7,34910,bank,Hue,16.4637,107.5909,15.353371999035147,Mass,0.1348563986002716,0.0794199680591133,[],"16.464,107.591",141323.98990294378,58.5,-67.85,reject,"{'min_emp_years': True, 'min_credit_hist': True, 'max_delinquencies': True, 'amount_min': True, 'amount_max': True, 'max_dti': True}",0.7642120780355235,141323.98990294378,"Condition, comps, and features (placeholder)",100413.71983571166,0.8,"confidence<70%, condition<0.75",RISKY
APP_0127,A0127,House,19,1735413,0.4,0.9943201443361854,9,16,2,4,73129,non-bank,Can Tho,10.0452,105.7469,33.14834783628845,High,0.1412925128452906,0.05,[],"10.045,105.747",643390.8491771489,59.4,-62.93,reject,"{'min_emp_years': True, 'min_credit_hist': True, 'max_delinquencies': True, 'amount_min': True, 'amount_max': True, 'max_dti': True}",0.16786297184382748,643390.8491771489,"Condition, comps, and features (placeholder)",460610.26705325063,0.8,"confidence<70%, condition<0.75",RISKY
APP_0128,A0128,Land,31,1618042,0.16,0.9960528598647596,5,2,2,4,40945,bank,Can Tho,10.0452,105.7469,17.40197554110232,High,0.1480274723943397,0.05,[],"10.045,105.747",219185.12916145613,55.0,-86.45,reject,"{'min_emp_years': True, 'min_credit_hist': False, 'max_delinquencies': True, 'amount_min': True, 'amount_max': True, 'max_dti': True}",0.4927410012402983,219185.12916145613,"Condition, comps, and features (placeholder)",157190.38181358846,0.8,"confidence<70%, condition<0.75",RISKY
APP_0129,A0129,Car,3,98947,0.7999999999999999,0.9751816462591548,7,16,1,3,68481,non-bank,HCMC,10.7769,106.7009,17.10277943864601,Mass,0.5766338678637652,0.6920977897258128,[],"10.777,106.701",77555.8459637287,67.1,-21.62,reject,"{'min_emp_years': True, 'min_credit_hist': True, 'max_delinquencies': True, 'amount_min': True, 'amount_max': True, 'max_dti': False}",1.3925642697587248,77555.8459637287,"Condition, comps, and features (placeholder)",54454.34703162988,0.8,"confidence<70%, ltv>cap",RISKY
APP_0130,A0130,Land,4,1445043,0.79,0.9760137557370284,0,8,2,1,140066,bank,Can Tho,10.0452,105.7469,21.360593880750912,High,0.1536736195781794,0.0969286035086845,[],"10.045,105.747",1091917.6248879093,66.9,-24.44,review,"{'min_emp_years': False, 'min_credit_hist': True, 'max_delinquencies': True, 'amount_min': True, 'amount_max': True, 'max_dti': True}",0.09890993380667053,1091917.6248879093,"Condition, comps, and features (placeholder)",767323.167856059,0.8,confidence<70%,RISKY
APP_0131,A0131,Car,11,214556,0.66,0.9899935205381918,18,11,0,4,18885,bank,Hue,16.4637,107.5909,19.09472897947509,Mass,0.7745249702407264,0.0880189787281642,[],"16.464,107.591",132479.52435563982,64.5,-38.25,reject,"{'min_emp_years': True, 'min_credit_hist': True, 'max_delinquencies': True, 'amount_min': True, 'amount_max': True, 'max_dti': False}",0.8152316407029901,132479.52435563982,"Condition, comps, and features (placeholder)",94430.7869155668,0.8,"confidence<70%, condition<0.75, ltv>cap",RISKY
APP_0132,A0132,Car,19,1491018,0.41,0.96572253458721,27,17,0,7,74500,non-bank,Hanoi,21.0285,105.8542,9.443064399736478,High,0.6911307876972086,0.05,[],"21.029,105.854",534278.4875339854,59.2,-64.17,reject,"{'min_emp_years': True, 'min_credit_hist': True, 'max_delinquencies': True, 'amount_min': True, 'amount_max': True, 'max_dti': False}",0.202144579128558,534278.4875339854,"Condition, comps, and features (placeholder)",371494.6381128539,0.8,"confidence<70%, condition<0.75, legal<0.97",RISKY
APP_0133,A0133,House,27,1660609,0.41,0.9918691181172534,20,10,1,0,14500,bank,Can Tho,10.0452,105.7469,8.030211339517335,High,0.7468375295023205,0.05,[],"10.045,105.747",601670.8137082389,59.6,-63.77,reject,"{'min_emp_years': True, 'min_credit_hist': True, 'max_delinquencies': True, 'amount_min': True, 'amount_max': True, 'max_dti': False}",0.1795026408782592,601670.8137082389,"Condition, comps, and features (placeholder)",429680.66356057045,0.8,"confidence<70%, condition<0.75",RISKY
APP_0134,A0134,Car,20,305562,0.39,0.9747070823258712,13,20,0,7,191430,non-bank,Hanoi,21.0285,105.8542,20.31387137698284,Mass,0.4971514478531177,0.6264849686806605,[],"21.029,105.854",104539.53936686993,58.9,-65.79,reject,"{'min_emp_years': True, 'min_credit_hist': True, 'max_delinquencies': True, 'amount_min': True, 'amount_max': True, 'max_dti': False}",1.0331162797741122,104539.53936686993,"Condition, comps, and features (placeholder)",73364.7091708601,0.8,"confidence<70%, condition<0.75, ltv>cap",RISKY
APP_0135,A0135,Land,18,895979,0.45,0.9557928362167634,12,13,2,3,148179,bank,Da Nang,16.0544,108.2022,16.016262339095512,High,0.8971756297912804,0.1653822243601691,[],"16.054,108.202",350683.64178147,59.8,-60.86,reject,"{'min_emp_years': True, 'min_credit_hist': True, 'max_delinquencies': True, 'amount_min': True, 'amount_max': True, 'max_dti': False}",0.30797415999033567,350683.64178147,"Condition, comps, and features (placeholder)",241330.25706705695,0.8,"confidence<70%, condition<0.75, legal<0.97",RISKY
APP_0136,A0136,Apartment,37,291319,0.1,0.9536029573536472,9,24,5,4,56283,bank,Hue,16.4637,107.5909,2.7505505723959267,Mass,0.087548837502537,0.1932005808066071,[],"16.464,107.591",24321.622877161044,55.0,-91.65,reject,"{'min_emp_years': True, 'min_credit_hist': True, 'max_delinquencies': False, 'amount_min': True, 'amount_max': True, 'max_dti': True}",4.440554832441615,24321.622877161044,"Condition, comps, and features (placeholder)",16699.08348237664,0.8,"confidence<70%, condition<0.75, legal<0.97, ltv>cap",RISKY
APP_0137,A0137,Land,7,1156200,0.83,0.9920996605519732,4,15,0,1,47657,bank,HCMC,10.7769,106.7009,35.21065645995509,High,0.3910752195581963,0.05,[],"10.777,106.701",937117.0586577128,68.0,-18.95,review,"{'min_emp_years': True, 'min_credit_hist': True, 'max_delinquencies': True, 'amount_min': True, 'amount_max': True, 'max_dti': True}",0.1152486757147467,937117.0586577128,"Condition, comps, and features (placeholder)",694495.9962964599,0.8,confidence<70%,RISKY
APP_0138,A0138,House,23,1858746,0.42,0.952778395845344,17,7,0,4,28795,bank,HCMC,10.7769,106.7009,35.31585736399558,High,0.3253461685969907,0.05,[],"10.777,106.701",691184.209858107,59.2,-62.81,reject,"{'min_emp_years': True, 'min_credit_hist': True, 'max_delinquencies': True, 'amount_min': True, 'amount_max': True, 'max_dti': True}",0.15625573972844603,691184.209858107,"Condition, comps, and features (placeholder)",474152.675545612,0.8,"confidence<70%, condition<0.75, legal<0.97",RISKY
APP_0139,A0139,Apartment,22,207695,0.53,0.9640305718066828,16,19,0,1,99847,bank,Da Nang,16.0544,108.2022,36.49163952356926,Mass,0.8563486739057449,0.4807385830183683,[],"16.054,108.202",97279.19076602296,61.6,-53.16,reject,"{'min_emp_years': True, 'min_credit_hist': True, 'max_delinquencies': True, 'amount_min': True, 'amount_max': True, 'max_dti': False}",1.1102220233283648,97279.19076602296,"Condition, comps, and features (placeholder)",67521.68200732357,0.8,"confidence<70%, condition<0.75, legal<0.97, ltv>cap",RISKY
APP_0140,A0140,Car,19,825277,0.41,0.9667065020250772,0,10,3,2,153165,bank,Can Tho,10.0452,105.7469,13.685468598378892,High,0.540331814722954,0.185592231456832,[],"10.045,105.747",296023.92816651275,59.2,-64.13,reject,"{'min_emp_years': False, 'min_credit_hist': True, 'max_delinquencies': False, 'amount_min': True, 'amount_max': True, 'max_dti': False}",0.36484043931492394,296023.92816651275,"Condition, comps, and features (placeholder)",206041.14440177206,0.8,"confidence<70%, condition<0.75, legal<0.97",RISKY
APP_0141,A0141,Factory,32,1947585,0.16,0.9586497222595796,12,13,1,5,120999,bank,HCMC,10.7769,106.7009,23.25566796838482,High,0.7352623206280164,0.0621277120125694,[],"10.777,106.701",258997.42837703085,55.0,-86.7,reject,"{'min_emp_years': True, 'min_credit_hist': True, 'max_delinquencies': True, 'amount_min': True, 'amount_max': True, 'max_dti': False}",0.41699834889008536,258997.42837703085,"Condition, comps, and features (placeholder)",178767.22520130195,0.8,"confidence<70%, condition<0.75, legal<0.97",RISKY
APP_0142,A0142,Apartment,11,636849,0.68,0.9656946684900994,8,3,2,0,177396,bank,Hue,16.4637,107.5909,9.027143354326272,High,0.194790014609741,0.2785526867436393,[],"16.464,107.591",407056.0845583725,64.6,-36.08,review,"{'min_emp_years': True, 'min_credit_hist': True, 'max_delinquencies': True, 'amount_min': True, 'amount_max': True, 'max_dti': True}",0.265323389324039,407056.0845583725,"Condition, comps, and features (placeholder)",283026.1612568223,0.8,"confidence<70%, condition<0.75, legal<0.97",RISKY
APP_0143,A0143,Apartment,38,307822,0.15,0.9871346283362544,5,2,0,3,75325,bank,Da Nang,16.0544,108.2022,13.150743467656302,Mass,0.8818390223153731,0.2447031076401296,[],"16.054,108.202",39904.64504940585,55.0,-87.04,reject,"{'min_emp_years': True, 'min_credit_hist': False, 'max_delinquencies': True, 'amount_min': True, 'amount_max': True, 'max_dti': False}",2.706489429144993,39904.64504940585,"Condition, comps, and features (placeholder)",28361.70501100949,0.8,"confidence<70%, condition<0.75, ltv>cap",RISKY
APP_0144,A0144,Car,13,1002738,0.57,0.9507341421780034,21,14,1,4,62841,bank,Hanoi,21.0285,105.8542,26.654489666870475,High,0.4738436148448678,0.0626694111522651,[],"21.029,105.854",508081.0885915869,62.2,-49.33,review,"{'min_emp_years': True, 'min_credit_hist': True, 'max_delinquencies': True, 'amount_min': True, 'amount_max': True, 'max_dti': False}",0.2125674472541042,508081.0885915869,"Condition, comps, and features (placeholder)",347796.0273016718,0.8,"confidence<70%, condition<0.75, legal<0.97",RISKY
APP_0145,A0145,Factory,22,1041326,0.43,0.9913586712260344,15,4,2,1,100829,bank,Hue,16.4637,107.5909,4.065338105538574,High,0.4696212648300489,0.0968275064677152,[],"16.464,107.591",395071.7570869036,60.0,-62.06,reject,"{'min_emp_years': True, 'min_credit_hist': True, 'max_delinquencies': True, 'amount_min': True, 'amount_max': True, 'max_dti': False}",0.27337185729589625,395071.7570869036,"Condition, comps, and features (placeholder)",281993.6247441174,0.8,"confidence<70%, condition<0.75",RISKY
APP_0146,A0146,Factory,21,1342585,0.4200000000000001,0.992827401178728,19,24,2,2,48396,bank,Can Tho,10.0452,105.7469,9.498714117173911,High,0.8752520192638772,0.05,[],"10.045,105.747",501057.8508130991,59.8,-62.68,reject,"{'min_emp_years': True, 'min_credit_hist': True, 'max_delinquencies': True, 'amount_min': True, 'amount_max': True, 'max_dti': False}",0.21554696693154085,501057.8508130991,"Condition, comps, and features (placeholder)",358174.053981337,0.8,"confidence<70%, condition<0.75",RISKY
APP_0147,A0147,House,34,661788,0.1099999999999999,0.9686130786595774,21,21,3,2,195372,bank,Da Nang,16.0544,108.2022,29.178602363592976,High,0.3736225070345733,0.2952184083120274,[],"16.054,108.202",61733.09519778701,55.0,-90.67,reject,"{'min_emp_years': True, 'min_credit_hist': True, 'max_delinquencies': False, 'amount_min': True, 'amount_max': True, 'max_dti': True}",1.7494910898922755,61733.09519778701,"Condition, comps, and features (placeholder)",43052.74804419355,0.8,"confidence<70%, condition<0.75, legal<0.97, ltv>cap",RISKY
APP_0148,A0148,Apartment,18,1913465,0.29,0.9576806449530316,29,17,4,5,45295,non-bank,Hanoi,21.0285,105.8542,25.43231928911784,High,0.387896270871744,0.05,[],"21.029,105.854",498101.49814391526,56.7,-73.97,reject,"{'min_emp_years': True, 'min_credit_hist': True, 'max_delinquencies': False, 'amount_min': True, 'amount_max': True, 'max_dti': True}",0.21682629022889505,498101.49814391526,"Condition, comps, and features (placeholder)",343455.958076066,0.8,"confidence<70%, condition<0.75, legal<0.97",RISKY
APP_0149,A0149,Factory,12,1065994,0.45,0.980042020397254,24,18,2,7,100984,non-bank,Hanoi,21.0285,105.8542,27.42240079182948,High,0.5470397973841962,0.0947322405191774,[],"21.029,105.854",441916.10040684114,60.2,-58.54,review,"{'min_emp_years': True, 'min_credit_hist': True, 'max_delinquencies': True, 'amount_min': True, 'amount_max': True, 'max_dti': False}",0.24439367540709786,441916.10040684114,"Condition, comps, and features (placeholder)",311829.3704799334,0.8,"confidence<70%, condition<0.75",RISKY
APP_0150,A0150,House,1,608570,0.55,0.9559836277932446,18,14,5,6,109182,bank,Da Nang,16.0544,108.2022,33.69553405500002,High,0.1588447189656189,0.1794074633978014,[],"16.054,108.202",327932.1445575084,61.8,-46.11,review,"{'min_emp_years': True, 'min_credit_hist': True, 'max_delinquencies': False, 'amount_min': True, 'amount_max': True, 'max_dti': True}",0.3293409987170688,327932.1445575084,"Condition, comps, and features (placeholder)",225718.38808135607,0.8,"confidence<70%, condition<0.75, legal<0.97",RISKY
