{
  "timestamp": "20251107-113458",
  "model_choice": "GradientBoostingRegressor",
  "trained_model_path": "/home/dzoan/AI-AIGENTbythePeoplesANDBOX/HUGKAG/agents/asset_appraisal/models/trained/GradientBoostingRegressor_asset_20251107-113458.joblib",
  "features": [
    "confidence",
    "loan_amount"
  ],
  "metrics_new": {
    "MAE": 400602.9701245111,
    "RMSE": 492066.9115252842,
    "MAPE%": 111.4055267171655,
    "R2": -0.006457733879987826
  },
  "metrics_prod": null,
  "holdout_rows": 30,
  "source_file": "./.tmp_runs/reviewed_appraisal.20251107-113410.csv",
  "preds_csv": "./.tmp_runs/training_preds_20251107-113458.csv"
}