{
  "timestamp": "20251106-111131",
  "model_choice": "GradientBoostingRegressor",
  "trained_model_path": "/home/dzoan/AI-AIGENTbythePeoplesANDBOX/HUGKAG/agents/asset_appraisal/models/trained/GradientBoostingRegressor_asset_20251106-111131.joblib",
  "features": [
    "confidence",
    "loan_amount"
  ],
  "metrics_new": {
    "MAE": 403150.2966192464,
    "RMSE": 493246.42619228835,
    "MAPE%": 111.9082590349103,
    "R2": -0.01128859913352076
  },
  "metrics_prod": null,
  "holdout_rows": 30,
  "source_file": "./.tmp_runs/reviewed_appraisal.20251106-110359.csv",
  "preds_csv": "./.tmp_runs/training_preds_20251106-111131.csv"
}