{
  "timestamp": "20251107-112302",
  "model_choice": "GradientBoostingRegressor",
  "trained_model_path": "/home/dzoan/AI-AIGENTbythePeoplesANDBOX/HUGKAG/agents/asset_appraisal/models/trained/GradientBoostingRegressor_asset_20251107-112302.joblib",
  "features": [
    "confidence",
    "loan_amount"
  ],
  "metrics_new": {
    "MAE": 214561.88691737046,
    "RMSE": 339906.45693014207,
    "MAPE%": 137.63761994293006,
    "R2": 0.42580647953457884
  },
  "metrics_prod": null,
  "holdout_rows": 30,
  "source_file": "./.tmp_runs/reviewed_appraisal.20251107-111805.csv",
  "preds_csv": "./.tmp_runs/training_preds_20251107-112302.csv"
}