{
  "timestamp": "20251106-100532",
  "model_choice": "GradientBoostingRegressor",
  "trained_model_path": "/home/dzoan/AI-AIGENTbythePeoplesANDBOX/HUGKAG/agents/asset_appraisal/models/trained/GradientBoostingRegressor_asset_20251106-100532.joblib",
  "features": [
    "confidence",
    "loan_amount"
  ],
  "metrics_new": {
    "MAE": 409971.55022402335,
    "RMSE": 499003.74827712117,
    "MAPE%": 103.1303578411235,
    "R2": -0.03503451510839617
  },
  "metrics_prod": null,
  "holdout_rows": 30,
  "source_file": "./.tmp_runs/reviewed_appraisal.20251106-100503.csv",
  "preds_csv": "./.tmp_runs/training_preds_20251106-100532.csv"
}