{
  "timestamp": "20251106-111331",
  "model_choice": "GradientBoostingRegressor",
  "trained_model_path": "/home/dzoan/AI-AIGENTbythePeoplesANDBOX/HUGKAG/agents/asset_appraisal/models/trained/GradientBoostingRegressor_asset_20251106-111331.joblib",
  "features": [
    "confidence",
    "loan_amount"
  ],
  "metrics_new": {
    "MAE": 403539.53589756903,
    "RMSE": 494681.70414498897,
    "MAPE%": 112.36626663100213,
    "R2": -0.01718257810613877
  },
  "metrics_prod": null,
  "holdout_rows": 30,
  "source_file": "./.tmp_runs/reviewed_appraisal.20251106-110359.csv",
  "preds_csv": "./.tmp_runs/training_preds_20251106-111331.csv"
}