{
  "timestamp": "20251106-193914",
  "model_choice": "GradientBoostingRegressor",
  "trained_model_path": "/home/dzoan/AI-AIGENTbythePeoplesANDBOX/HUGKAG/agents/asset_appraisal/models/trained/GradientBoostingRegressor_asset_20251106-193914.joblib",
  "features": [
    "confidence",
    "loan_amount"
  ],
  "metrics_new": {
    "MAE": 406677.8937604353,
    "RMSE": 491642.0290512255,
    "MAPE%": 111.9883247144128,
    "R2": -0.004720402546059654
  },
  "metrics_prod": null,
  "holdout_rows": 30,
  "source_file": "./.tmp_runs/reviewed_appraisal.20251106-193857.csv",
  "preds_csv": "./.tmp_runs/training_preds_20251106-193914.csv"
}