{
  "timestamp": "20251106-055745",
  "model_choice": "GradientBoostingRegressor",
  "trained_model_path": "/home/dzoan/AI-AIGENTbythePeoplesANDBOX/HUGKAG/agents/asset_appraisal/models/trained/GradientBoostingRegressor_asset_20251106-055745.joblib",
  "features": [
    "confidence",
    "loan_amount"
  ],
  "metrics_new": {
    "MAE": 217148.18180593464,
    "RMSE": 342724.49303391133,
    "MAPE%": 140.28679704700428,
    "R2": 0.41624616928924485
  },
  "metrics_prod": null,
  "holdout_rows": 30,
  "source_file": "./.tmp_runs/reviewed_appraisal.20251106-055646.csv",
  "preds_csv": "./.tmp_runs/training_preds_20251106-055745.csv"
}