{
  "timestamp": "20251106-061402",
  "model_choice": "GradientBoostingRegressor",
  "trained_model_path": "/home/dzoan/AI-AIGENTbythePeoplesANDBOX/HUGKAG/agents/asset_appraisal/models/trained/GradientBoostingRegressor_asset_20251106-061402.joblib",
  "features": [
    "confidence",
    "loan_amount"
  ],
  "metrics_new": {
    "MAE": 404228.1954615466,
    "RMSE": 497178.1145236425,
    "MAPE%": 107.05179073784099,
    "R2": -0.027474903143376528
  },
  "metrics_prod": null,
  "holdout_rows": 30,
  "source_file": "./.tmp_runs/reviewed_appraisal.20251106-061353.csv",
  "preds_csv": "./.tmp_runs/training_preds_20251106-061402.csv"
}