application_id,score,decision
APP_0001,0.6172,approved
APP_0002,0.3745,denied
APP_0003,0.4812,approved
APP_0004,0.498,approved
APP_0005,0.6851,approved
APP_0006,0.6269,approved
APP_0007,0.4946,approved
APP_0008,0.7366,approved
APP_0009,0.4948,approved
APP_0010,0.5985,approved
APP_0011,0.5814,approved
APP_0012,0.7717,approved
APP_0013,0.6909,approved
APP_0014,0.5226,approved
APP_0015,0.5859,approved
APP_0016,0.6406,approved
APP_0017,0.545,approved
APP_0018,0.7545,approved
APP_0019,0.6603,approved
APP_0020,0.6522,approved
APP_0021,0.8163,approved
APP_0022,0.564,approved
APP_0023,0.5221,approved
APP_0024,0.6153,approved
APP_0025,0.5469,approved
APP_0026,0.6615,approved
APP_0027,0.818,approved
APP_0028,0.8044,approved
APP_0029,0.5203,approved
APP_0030,0.7933,approved
APP_0031,0.6464,approved
APP_0032,0.5139,approved
APP_0033,0.6673,approved
APP_0034,0.5629,approved
APP_0035,0.7012,approved
APP_0036,0.6303,approved
APP_0037,0.4626,approved
APP_0038,0.577,approved
APP_0039,0.5968,approved
APP_0040,0.8097,approved
APP_0041,0.5845,approved
APP_0042,0.6685,approved
APP_0043,0.7356,approved
APP_0044,0.4996,approved
APP_0045,0.567,approved
APP_0046,0.528,approved
APP_0047,0.6371,approved
APP_0048,0.5296,approved
APP_0049,0.5854,approved
APP_0050,0.6494,approved
APP_0051,0.6501,approved
APP_0052,0.59,approved
APP_0053,0.545,approved
APP_0054,0.5022,approved
APP_0055,0.551,approved
APP_0056,0.5911,approved
APP_0057,0.6976,approved
APP_0058,0.5455,approved
APP_0059,0.3987,denied
APP_0060,0.8829,approved
APP_0061,0.5956,approved
APP_0062,0.8036,approved
APP_0063,0.3321,denied
APP_0064,0.5228,approved
APP_0065,0.5892,approved
APP_0066,0.5217,approved
APP_0067,0.7367,approved
APP_0068,0.7488,approved
APP_0069,0.6107,approved
APP_0070,0.8018,approved
APP_0071,0.6305,approved
APP_0072,0.6649,approved
APP_0073,0.5207,approved
APP_0074,0.5354,approved
APP_0075,0.623,approved
APP_0076,0.7051,approved
APP_0077,0.5491,approved
APP_0078,0.5708,approved
APP_0079,0.5833,approved
APP_0080,0.6591,approved
APP_0081,0.5866,approved
APP_0082,0.4202,denied
APP_0083,0.5162,approved
APP_0084,0.6282,approved
APP_0085,0.7782,approved
APP_0086,0.7903,approved
APP_0087,0.6186,approved
APP_0088,0.6742,approved
APP_0089,0.6091,approved
APP_0090,0.6596,approved
APP_0091,0.5575,approved
APP_0092,0.6407,approved
APP_0093,0.4685,approved
APP_0094,0.7348,approved
APP_0095,0.7378,approved
APP_0096,0.7934,approved
APP_0097,0.4716,approved
APP_0098,0.5355,approved
APP_0099,0.5693,approved
APP_0100,0.6734,approved
APP_0101,0.5152,approved
APP_0102,0.4671,approved
APP_0103,0.4252,denied
APP_0104,0.7998,approved
APP_0105,0.8187,approved
APP_0106,0.5988,approved
APP_0107,0.5019,approved
APP_0108,0.4284,denied
APP_0109,0.5915,approved
APP_0110,0.6941,approved
APP_0111,0.641,approved
APP_0112,0.4782,approved
APP_0113,0.6695,approved
APP_0114,0.5472,approved
APP_0115,0.6465,approved
APP_0116,0.504,approved
APP_0117,0.4823,approved
APP_0118,0.5231,approved
APP_0119,0.6929,approved
APP_0120,0.7129,approved
APP_0121,0.6089,approved
APP_0122,0.5909,approved
APP_0123,0.5918,approved
APP_0124,0.5707,approved
APP_0125,0.7495,approved
APP_0126,0.6448,approved
APP_0127,0.5423,approved
APP_0128,0.2551,denied
APP_0129,0.4664,approved
APP_0130,0.5709,approved
APP_0131,0.4186,denied
APP_0132,0.586,approved
APP_0133,0.5862,approved
APP_0134,0.6665,approved
APP_0135,0.6048,approved
APP_0136,0.6327,approved
APP_0137,0.5071,approved
APP_0138,0.6028,approved
APP_0139,0.508,approved
APP_0140,0.5498,approved
APP_0141,0.5852,approved
APP_0142,0.5875,approved
APP_0143,0.5545,approved
APP_0144,0.6715,approved
APP_0145,0.5767,approved
APP_0146,0.5888,approved
APP_0147,0.6324,approved
APP_0148,0.6762,approved
APP_0149,0.6033,approved
APP_0150,0.5087,approved
APP_0151,0.6461,approved
APP_0152,0.7193,approved
APP_0153,0.7039,approved
APP_0154,0.6181,approved
APP_0155,0.6041,approved
APP_0156,0.4907,approved
APP_0157,0.6662,approved
APP_0158,0.5385,approved
APP_0159,0.821,approved
APP_0160,0.6035,approved
APP_0161,0.5111,approved
APP_0162,0.6813,approved
APP_0163,0.6559,approved
APP_0164,0.5492,approved
APP_0165,0.7898,approved
APP_0166,0.5806,approved
APP_0167,0.6703,approved
APP_0168,0.555,approved
APP_0169,0.5873,approved
APP_0170,0.4261,denied
APP_0171,0.3893,denied
APP_0172,0.7257,approved
APP_0173,0.3996,denied
APP_0174,0.6541,approved
APP_0175,0.7077,approved
APP_0176,0.7896,approved
APP_0177,0.7621,approved
APP_0178,0.5305,approved
APP_0179,0.6556,approved
APP_0180,0.7366,approved
APP_0181,0.5073,approved
APP_0182,0.5229,approved
APP_0183,0.7111,approved
APP_0184,0.516,approved
APP_0185,0.6123,approved
APP_0186,0.7958,approved
APP_0187,0.8083,approved
APP_0188,0.691,approved
APP_0189,0.7335,approved
APP_0190,0.7364,approved
APP_0191,0.6817,approved
APP_0192,0.5706,approved
APP_0193,0.7016,approved
APP_0194,0.4495,denied
APP_0195,0.6801,approved
APP_0196,0.6373,approved
APP_0197,0.7683,approved
APP_0198,0.5049,approved
APP_0199,0.5514,approved
APP_0200,0.7178,approved
