{
  "timestamp": "20251106-103532",
  "model_choice": "GradientBoostingRegressor",
  "trained_model_path": "/home/dzoan/AI-AIGENTbythePeoplesANDBOX/HUGKAG/agents/asset_appraisal/models/trained/GradientBoostingRegressor_asset_20251106-103532.joblib",
  "features": [
    "confidence",
    "loan_amount"
  ],
  "metrics_new": {
    "MAE": 398198.410218653,
    "RMSE": 487057.5912527671,
    "MAPE%": 107.77804473741577,
    "R2": 0.013929764287872404
  },
  "metrics_prod": null,
  "holdout_rows": 30,
  "source_file": "./.tmp_runs/reviewed_appraisal.20251106-103514.csv",
  "preds_csv": "./.tmp_runs/training_preds_20251106-103532.csv"
}