application_id,decision_label
APP_0001,approve
APP_0002,denied
APP_0003,approve
APP_0004,approve
APP_0005,approve
APP_0006,approve
APP_0007,approve
APP_0008,approve
APP_0009,approve
APP_0010,approve
APP_0011,approve
APP_0012,approve
APP_0013,approve
APP_0014,approve
APP_0015,approve
APP_0016,approve
APP_0017,approve
APP_0018,approve
APP_0019,approve
APP_0020,approve
APP_0021,approve
APP_0022,approve
APP_0023,approve
APP_0024,approve
APP_0025,approve
APP_0026,approve
APP_0027,approve
APP_0028,approve
APP_0029,approve
APP_0030,approve
APP_0031,approve
APP_0032,approve
APP_0033,approve
APP_0034,approve
APP_0035,approve
APP_0036,approve
APP_0037,approve
APP_0038,approve
APP_0039,approve
APP_0040,approve
APP_0041,approve
APP_0042,approve
APP_0043,approve
APP_0044,approve
APP_0045,approve
APP_0046,approve
APP_0047,approve
APP_0048,approve
APP_0049,approve
APP_0050,approve
APP_0051,approve
APP_0052,approve
APP_0053,approve
APP_0054,approve
APP_0055,approve
APP_0056,approve
APP_0057,approve
APP_0058,approve
APP_0059,denied
APP_0060,approve
APP_0061,approve
APP_0062,approve
APP_0063,denied
APP_0064,approve
APP_0065,approve
APP_0066,approve
APP_0067,approve
APP_0068,approve
APP_0069,approve
APP_0070,approve
APP_0071,approve
APP_0072,approve
APP_0073,approve
APP_0074,approve
APP_0075,approve
APP_0076,approve
APP_0077,approve
APP_0078,approve
APP_0079,approve
APP_0080,approve
APP_0081,approve
APP_0082,denied
APP_0083,approve
APP_0084,approve
APP_0085,approve
APP_0086,approve
APP_0087,approve
APP_0088,approve
APP_0089,approve
APP_0090,approve
APP_0091,approve
APP_0092,approve
APP_0093,approve
APP_0094,approve
APP_0095,approve
APP_0096,approve
APP_0097,approve
APP_0098,approve
APP_0099,approve
APP_0100,approve
APP_0101,approve
APP_0102,approve
APP_0103,denied
APP_0104,approve
APP_0105,approve
APP_0106,approve
APP_0107,approve
APP_0108,denied
APP_0109,approve
APP_0110,approve
APP_0111,approve
APP_0112,approve
APP_0113,approve
APP_0114,approve
APP_0115,approve
APP_0116,approve
APP_0117,approve
APP_0118,approve
APP_0119,approve
APP_0120,approve
APP_0121,approve
APP_0122,approve
APP_0123,approve
APP_0124,approve
APP_0125,approve
APP_0126,approve
APP_0127,approve
APP_0128,denied
APP_0129,approve
APP_0130,approve
APP_0131,denied
APP_0132,approve
APP_0133,approve
APP_0134,approve
APP_0135,approve
APP_0136,approve
APP_0137,approve
APP_0138,approve
APP_0139,approve
APP_0140,approve
APP_0141,approve
APP_0142,approve
APP_0143,approve
APP_0144,approve
APP_0145,approve
APP_0146,approve
APP_0147,approve
APP_0148,approve
APP_0149,approve
APP_0150,approve
APP_0151,approve
APP_0152,approve
APP_0153,approve
APP_0154,approve
APP_0155,approve
APP_0156,approve
APP_0157,approve
APP_0158,approve
APP_0159,approve
APP_0160,approve
APP_0161,approve
APP_0162,approve
APP_0163,approve
APP_0164,approve
APP_0165,approve
APP_0166,approve
APP_0167,approve
APP_0168,approve
APP_0169,approve
APP_0170,denied
APP_0171,denied
APP_0172,approve
APP_0173,denied
APP_0174,approve
APP_0175,approve
APP_0176,approve
APP_0177,approve
APP_0178,approve
APP_0179,approve
APP_0180,approve
APP_0181,approve
APP_0182,approve
APP_0183,approve
APP_0184,approve
APP_0185,approve
APP_0186,approve
APP_0187,approve
APP_0188,approve
APP_0189,approve
APP_0190,approve
APP_0191,approve
APP_0192,approve
APP_0193,approve
APP_0194,denied
APP_0195,approve
APP_0196,approve
APP_0197,approve
APP_0198,approve
APP_0199,approve
APP_0200,approve
