{
  "model_path": "agents/credit_appraisal/models/trained/RandomForest_20251109-023015.joblib",
  "promoted_at": "2025-11-09T02:30:43.130339+00:00",
  "metrics": {
    "AUC": 0.8815104166666667,
    "Accuracy": 0.8,
    "Precision": 0.8333333333333334,
    "Recall": 0.8333333333333334,
    "F1": 0.8333333333333334
  },
  "report": {
    "timestamp": "20251109-023015",
    "model_choice": "RandomForest",
    "metrics": {
      "AUC": 0.8815104166666667,
      "Accuracy": 0.8,
      "Precision": 0.8333333333333334,
      "Recall": 0.8333333333333334,
      "F1": 0.8333333333333334
    },
    "model_path": "agents/credit_appraisal/models/trained/RandomForest_20251109-023015.joblib",
    "features": [
      "application_id",
      "age",
      "income",
      "employment_length",
      "loan_amount",
      "loan_duration_months",
      "collateral_value",
      "collateral_type",
      "co_loaners",
      "credit_score",
      "existing_debt",
      "assets_owned",
      "current_loans",
      "customer_type",
      "DTI",
      "LTV",
      "CCR",
      "ITI",
      "CWI",
      "currency_code",
      "session_flagged",
      "created_at",
      "employment_years",
      "debt_to_income",
      "credit_history_length",
      "num_delinquencies",
      "requested_amount",
      "loan_term_months"
    ],
    "threshold": 0.60305
  }
}