application_id,asset_id,customer_declared_value,ai_estimate_value,confidence,why,explanation_source
APP_0001,A0001,759172,617194.811658344,70.3,"Condition, comps, and features (placeholder)",Customer input CSV vs AI model GradientBoostingRegressor_asset_20251106-061402.joblib (comps=0)
APP_0002,A0002,1661269,954492.2230349822,63.7,"Condition, comps, and features (placeholder)",Customer input CSV vs AI model GradientBoostingRegressor_asset_20251106-061402.joblib (comps=0)
APP_0003,A0003,69336,47088.06196242776,67.5,"Condition, comps, and features (placeholder)",Customer input CSV vs AI model GradientBoostingRegressor_asset_20251106-061402.joblib (comps=0)
APP_0004,A0004,1797513,1397807.6110145946,68.1,"Condition, comps, and features (placeholder)",Customer input CSV vs AI model GradientBoostingRegressor_asset_20251106-061402.joblib (comps=0)
APP_0005,A0005,1108512,642731.302570509,64.1,"Condition, comps, and features (placeholder)",Customer input CSV vs AI model GradientBoostingRegressor_asset_20251106-061402.joblib (comps=0)
APP_0006,A0006,323485,184141.0360020531,64.3,"Condition, comps, and features (placeholder)",Customer input CSV vs AI model GradientBoostingRegressor_asset_20251106-061402.joblib (comps=0)
APP_0007,A0007,639249,491228.7919493257,66.8,"Condition, comps, and features (placeholder)",Customer input CSV vs AI model GradientBoostingRegressor_asset_20251106-061402.joblib (comps=0)
APP_0008,A0008,1130370,981538.7395421016,71.1,"Condition, comps, and features (placeholder)",Customer input CSV vs AI model GradientBoostingRegressor_asset_20251106-061402.joblib (comps=0)
APP_0009,A0009,665599,513628.9065454142,67.9,"Condition, comps, and features (placeholder)",Customer input CSV vs AI model GradientBoostingRegressor_asset_20251106-061402.joblib (comps=0)
APP_0010,A0010,261722,220240.34962550373,70.5,"Condition, comps, and features (placeholder)",Customer input CSV vs AI model GradientBoostingRegressor_asset_20251106-061402.joblib (comps=0)
APP_0011,A0011,1348678,1077078.7885257662,69.9,"Condition, comps, and features (placeholder)",Customer input CSV vs AI model GradientBoostingRegressor_asset_20251106-061402.joblib (comps=0)
APP_0012,A0012,1360868,918568.2653174156,67.0,"Condition, comps, and features (placeholder)",Customer input CSV vs AI model GradientBoostingRegressor_asset_20251106-061402.joblib (comps=0)
APP_0013,A0013,281804,236360.62231715757,69.7,"Condition, comps, and features (placeholder)",Customer input CSV vs AI model GradientBoostingRegressor_asset_20251106-061402.joblib (comps=0)
APP_0014,A0014,598405,319515.1379323032,63.0,"Condition, comps, and features (placeholder)",Customer input CSV vs AI model GradientBoostingRegressor_asset_20251106-061402.joblib (comps=0)
APP_0015,A0015,525552,307208.96095246327,64.3,"Condition, comps, and features (placeholder)",Customer input CSV vs AI model GradientBoostingRegressor_asset_20251106-061402.joblib (comps=0)
APP_0016,A0016,1335874,1059597.1235434662,69.9,"Condition, comps, and features (placeholder)",Customer input CSV vs AI model GradientBoostingRegressor_asset_20251106-061402.joblib (comps=0)
APP_0017,A0017,1474076,1210652.2891680235,69.2,"Condition, comps, and features (placeholder)",Customer input CSV vs AI model GradientBoostingRegressor_asset_20251106-061402.joblib (comps=0)
APP_0018,A0018,1467639,990189.0410985546,65.1,"Condition, comps, and features (placeholder)",Customer input CSV vs AI model GradientBoostingRegressor_asset_20251106-061402.joblib (comps=0)
APP_0019,A0019,1880584,1398382.367549484,67.5,"Condition, comps, and features (placeholder)",Customer input CSV vs AI model GradientBoostingRegressor_asset_20251106-061402.joblib (comps=0)
APP_0020,A0020,1548862,1234133.5263798577,67.6,"Condition, comps, and features (placeholder)",Customer input CSV vs AI model GradientBoostingRegressor_asset_20251106-061402.joblib (comps=0)
APP_0021,A0021,675324,606591.9246776063,70.0,"Condition, comps, and features (placeholder)",Customer input CSV vs AI model GradientBoostingRegressor_asset_20251106-061402.joblib (comps=0)
APP_0022,A0022,260094,218930.85793483316,68.2,"Condition, comps, and features (placeholder)",Customer input CSV vs AI model GradientBoostingRegressor_asset_20251106-061402.joblib (comps=0)
APP_0023,A0023,1248553,806795.9102142928,66.3,"Condition, comps, and features (placeholder)",Customer input CSV vs AI model GradientBoostingRegressor_asset_20251106-061402.joblib (comps=0)
APP_0024,A0024,1836223,1145102.073831419,66.1,"Condition, comps, and features (placeholder)",Customer input CSV vs AI model GradientBoostingRegressor_asset_20251106-061402.joblib (comps=0)
APP_0025,A0025,1951552,1256858.0293170128,66.5,"Condition, comps, and features (placeholder)",Customer input CSV vs AI model GradientBoostingRegressor_asset_20251106-061402.joblib (comps=0)
APP_0026,A0026,498917,382592.1663730376,68.2,"Condition, comps, and features (placeholder)",Customer input CSV vs AI model GradientBoostingRegressor_asset_20251106-061402.joblib (comps=0)
APP_0027,A0027,511088,422832.085359197,70.4,"Condition, comps, and features (placeholder)",Customer input CSV vs AI model GradientBoostingRegressor_asset_20251106-061402.joblib (comps=0)
APP_0028,A0028,122954,91718.36607570044,67.0,"Condition, comps, and features (placeholder)",Customer input CSV vs AI model GradientBoostingRegressor_asset_20251106-061402.joblib (comps=0)
APP_0029,A0029,325461,184809.1631649448,64.8,"Condition, comps, and features (placeholder)",Customer input CSV vs AI model GradientBoostingRegressor_asset_20251106-061402.joblib (comps=0)
APP_0030,A0030,1131962,721747.8790607464,65.4,"Condition, comps, and features (placeholder)",Customer input CSV vs AI model GradientBoostingRegressor_asset_20251106-061402.joblib (comps=0)
APP_0031,A0031,1116266,847282.1071034283,69.4,"Condition, comps, and features (placeholder)",Customer input CSV vs AI model GradientBoostingRegressor_asset_20251106-061402.joblib (comps=0)
APP_0032,A0032,773298,690281.2841355411,69.5,"Condition, comps, and features (placeholder)",Customer input CSV vs AI model GradientBoostingRegressor_asset_20251106-061402.joblib (comps=0)
APP_0033,A0033,654413,386354.2130417505,64.2,"Condition, comps, and features (placeholder)",Customer input CSV vs AI model GradientBoostingRegressor_asset_20251106-061402.joblib (comps=0)
APP_0034,A0034,1668089,875938.9998538939,63.4,"Condition, comps, and features (placeholder)",Customer input CSV vs AI model GradientBoostingRegressor_asset_20251106-061402.joblib (comps=0)
APP_0035,A0035,947066,714052.1235055419,68.3,"Condition, comps, and features (placeholder)",Customer input CSV vs AI model GradientBoostingRegressor_asset_20251106-061402.joblib (comps=0)
APP_0036,A0036,1626090,986819.6824030876,64.4,"Condition, comps, and features (placeholder)",Customer input CSV vs AI model GradientBoostingRegressor_asset_20251106-061402.joblib (comps=0)
APP_0037,A0037,1928263,1700000.7791875526,69.8,"Condition, comps, and features (placeholder)",Customer input CSV vs AI model GradientBoostingRegressor_asset_20251106-061402.joblib (comps=0)
APP_0038,A0038,668420,427362.0844072689,65.3,"Condition, comps, and features (placeholder)",Customer input CSV vs AI model GradientBoostingRegressor_asset_20251106-061402.joblib (comps=0)
APP_0039,A0039,445339,285061.03962418734,64.6,"Condition, comps, and features (placeholder)",Customer input CSV vs AI model GradientBoostingRegressor_asset_20251106-061402.joblib (comps=0)
APP_0040,A0040,1908153,1652633.268398625,70.1,"Condition, comps, and features (placeholder)",Customer input CSV vs AI model GradientBoostingRegressor_asset_20251106-061402.joblib (comps=0)
APP_0041,A0041,1287920,735442.7698613366,64.3,"Condition, comps, and features (placeholder)",Customer input CSV vs AI model GradientBoostingRegressor_asset_20251106-061402.joblib (comps=0)
APP_0042,A0042,617289,369068.6810569772,65.1,"Condition, comps, and features (placeholder)",Customer input CSV vs AI model GradientBoostingRegressor_asset_20251106-061402.joblib (comps=0)
APP_0043,A0043,1262626,726736.0350685071,64.6,"Condition, comps, and features (placeholder)",Customer input CSV vs AI model GradientBoostingRegressor_asset_20251106-061402.joblib (comps=0)
APP_0044,A0044,1054361,623107.7959411803,63.8,"Condition, comps, and features (placeholder)",Customer input CSV vs AI model GradientBoostingRegressor_asset_20251106-061402.joblib (comps=0)
APP_0045,A0045,1815787,981657.026959584,63.6,"Condition, comps, and features (placeholder)",Customer input CSV vs AI model GradientBoostingRegressor_asset_20251106-061402.joblib (comps=0)
APP_0046,A0046,549131,329059.12116363377,63.7,"Condition, comps, and features (placeholder)",Customer input CSV vs AI model GradientBoostingRegressor_asset_20251106-061402.joblib (comps=0)
APP_0047,A0047,1983196,1175925.5650315075,64.2,"Condition, comps, and features (placeholder)",Customer input CSV vs AI model GradientBoostingRegressor_asset_20251106-061402.joblib (comps=0)
APP_0048,A0048,1875284,1079586.8982768876,63.2,"Condition, comps, and features (placeholder)",Customer input CSV vs AI model GradientBoostingRegressor_asset_20251106-061402.joblib (comps=0)
APP_0049,A0049,402368,298162.5235135574,67.5,"Condition, comps, and features (placeholder)",Customer input CSV vs AI model GradientBoostingRegressor_asset_20251106-061402.joblib (comps=0)
APP_0050,A0050,370985,269644.4148061487,68.7,"Condition, comps, and features (placeholder)",Customer input CSV vs AI model GradientBoostingRegressor_asset_20251106-061402.joblib (comps=0)
APP_0051,A0051,1089655,770999.0402644392,66.5,"Condition, comps, and features (placeholder)",Customer input CSV vs AI model GradientBoostingRegressor_asset_20251106-061402.joblib (comps=0)
APP_0052,A0052,137575,85889.85984257075,65.5,"Condition, comps, and features (placeholder)",Customer input CSV vs AI model GradientBoostingRegressor_asset_20251106-061402.joblib (comps=0)
APP_0053,A0053,632656,466698.7988367327,67.4,"Condition, comps, and features (placeholder)",Customer input CSV vs AI model GradientBoostingRegressor_asset_20251106-061402.joblib (comps=0)
APP_0054,A0054,898439,699425.3680890093,69.8,"Condition, comps, and features (placeholder)",Customer input CSV vs AI model GradientBoostingRegressor_asset_20251106-061402.joblib (comps=0)
APP_0055,A0055,1940277,1643987.0723365548,70.2,"Condition, comps, and features (placeholder)",Customer input CSV vs AI model GradientBoostingRegressor_asset_20251106-061402.joblib (comps=0)
APP_0056,A0056,1985132,1188631.6558762405,63.8,"Condition, comps, and features (placeholder)",Customer input CSV vs AI model GradientBoostingRegressor_asset_20251106-061402.joblib (comps=0)
APP_0057,A0057,345502,195276.0270982505,64.8,"Condition, comps, and features (placeholder)",Customer input CSV vs AI model GradientBoostingRegressor_asset_20251106-061402.joblib (comps=0)
APP_0058,A0058,1788770,1071522.9315770706,65.2,"Condition, comps, and features (placeholder)",Customer input CSV vs AI model GradientBoostingRegressor_asset_20251106-061402.joblib (comps=0)
APP_0059,A0059,227311,149095.91596706194,65.4,"Condition, comps, and features (placeholder)",Customer input CSV vs AI model GradientBoostingRegressor_asset_20251106-061402.joblib (comps=0)
APP_0060,A0060,1509785,1032436.805518286,67.3,"Condition, comps, and features (placeholder)",Customer input CSV vs AI model GradientBoostingRegressor_asset_20251106-061402.joblib (comps=0)
APP_0061,A0061,1699003,1181550.9975146044,66.2,"Condition, comps, and features (placeholder)",Customer input CSV vs AI model GradientBoostingRegressor_asset_20251106-061402.joblib (comps=0)
APP_0062,A0062,1787045,928937.463006888,63.2,"Condition, comps, and features (placeholder)",Customer input CSV vs AI model GradientBoostingRegressor_asset_20251106-061402.joblib (comps=0)
APP_0063,A0063,485664,310769.02492469776,66.1,"Condition, comps, and features (placeholder)",Customer input CSV vs AI model GradientBoostingRegressor_asset_20251106-061402.joblib (comps=0)
APP_0064,A0064,1792220,1303411.2884238616,67.5,"Condition, comps, and features (placeholder)",Customer input CSV vs AI model GradientBoostingRegressor_asset_20251106-061402.joblib (comps=0)
APP_0065,A0065,276162,148475.27844182603,64.0,"Condition, comps, and features (placeholder)",Customer input CSV vs AI model GradientBoostingRegressor_asset_20251106-061402.joblib (comps=0)
APP_0066,A0066,1061773,957449.8937092992,70.1,"Condition, comps, and features (placeholder)",Customer input CSV vs AI model GradientBoostingRegressor_asset_20251106-061402.joblib (comps=0)
APP_0067,A0067,965613,573888.3101499043,63.3,"Condition, comps, and features (placeholder)",Customer input CSV vs AI model GradientBoostingRegressor_asset_20251106-061402.joblib (comps=0)
APP_0068,A0068,666061,643456.979047597,70.7,"Condition, comps, and features (placeholder)",Customer input CSV vs AI model GradientBoostingRegressor_asset_20251106-061402.joblib (comps=0)
APP_0069,A0069,93122,53577.679751907766,63.7,"Condition, comps, and features (placeholder)",Customer input CSV vs AI model GradientBoostingRegressor_asset_20251106-061402.joblib (comps=0)
APP_0070,A0070,1555424,1194195.3596363822,69.7,"Condition, comps, and features (placeholder)",Customer input CSV vs AI model GradientBoostingRegressor_asset_20251106-061402.joblib (comps=0)
APP_0071,A0071,704388,650462.349267442,70.5,"Condition, comps, and features (placeholder)",Customer input CSV vs AI model GradientBoostingRegressor_asset_20251106-061402.joblib (comps=0)
APP_0072,A0072,1340239,1244707.4579809275,71.3,"Condition, comps, and features (placeholder)",Customer input CSV vs AI model GradientBoostingRegressor_asset_20251106-061402.joblib (comps=0)
APP_0073,A0073,849928,659982.7180872245,69.6,"Condition, comps, and features (placeholder)",Customer input CSV vs AI model GradientBoostingRegressor_asset_20251106-061402.joblib (comps=0)
APP_0074,A0074,778632,668811.2712927301,69.0,"Condition, comps, and features (placeholder)",Customer input CSV vs AI model GradientBoostingRegressor_asset_20251106-061402.joblib (comps=0)
APP_0075,A0075,1778277,1303558.2046352592,68.4,"Condition, comps, and features (placeholder)",Customer input CSV vs AI model GradientBoostingRegressor_asset_20251106-061402.joblib (comps=0)
APP_0076,A0076,234210,191085.3841191575,69.0,"Condition, comps, and features (placeholder)",Customer input CSV vs AI model GradientBoostingRegressor_asset_20251106-061402.joblib (comps=0)
APP_0077,A0077,1486403,845918.3636989497,64.5,"Condition, comps, and features (placeholder)",Customer input CSV vs AI model GradientBoostingRegressor_asset_20251106-061402.joblib (comps=0)
APP_0078,A0078,1506239,1101980.7228718156,67.6,"Condition, comps, and features (placeholder)",Customer input CSV vs AI model GradientBoostingRegressor_asset_20251106-061402.joblib (comps=0)
APP_0079,A0079,790983,543735.442741415,67.0,"Condition, comps, and features (placeholder)",Customer input CSV vs AI model GradientBoostingRegressor_asset_20251106-061402.joblib (comps=0)
APP_0080,A0080,561798,488031.178663472,69.7,"Condition, comps, and features (placeholder)",Customer input CSV vs AI model GradientBoostingRegressor_asset_20251106-061402.joblib (comps=0)
APP_0081,A0081,60348,41128.79296576858,66.6,"Condition, comps, and features (placeholder)",Customer input CSV vs AI model GradientBoostingRegressor_asset_20251106-061402.joblib (comps=0)
APP_0082,A0082,1876785,1225721.1078766617,66.6,"Condition, comps, and features (placeholder)",Customer input CSV vs AI model GradientBoostingRegressor_asset_20251106-061402.joblib (comps=0)
APP_0083,A0083,1898076,1619719.255194127,68.2,"Condition, comps, and features (placeholder)",Customer input CSV vs AI model GradientBoostingRegressor_asset_20251106-061402.joblib (comps=0)
APP_0084,A0084,519892,308874.8586103021,65.5,"Condition, comps, and features (placeholder)",Customer input CSV vs AI model GradientBoostingRegressor_asset_20251106-061402.joblib (comps=0)
APP_0085,A0085,112226,65044.49699306487,64.3,"Condition, comps, and features (placeholder)",Customer input CSV vs AI model GradientBoostingRegressor_asset_20251106-061402.joblib (comps=0)
APP_0086,A0086,289377,195390.75324684376,67.0,"Condition, comps, and features (placeholder)",Customer input CSV vs AI model GradientBoostingRegressor_asset_20251106-061402.joblib (comps=0)
APP_0087,A0087,181903,121964.59644783908,66.2,"Condition, comps, and features (placeholder)",Customer input CSV vs AI model GradientBoostingRegressor_asset_20251106-061402.joblib (comps=0)
APP_0088,A0088,1670669,1109373.8521452884,65.3,"Condition, comps, and features (placeholder)",Customer input CSV vs AI model GradientBoostingRegressor_asset_20251106-061402.joblib (comps=0)
APP_0089,A0089,1789227,1206029.488931168,65.9,"Condition, comps, and features (placeholder)",Customer input CSV vs AI model GradientBoostingRegressor_asset_20251106-061402.joblib (comps=0)
APP_0090,A0090,348904,223108.27176997645,66.1,"Condition, comps, and features (placeholder)",Customer input CSV vs AI model GradientBoostingRegressor_asset_20251106-061402.joblib (comps=0)
APP_0091,A0091,1506141,1072964.00042474,65.9,"Condition, comps, and features (placeholder)",Customer input CSV vs AI model GradientBoostingRegressor_asset_20251106-061402.joblib (comps=0)
APP_0092,A0092,399573,261185.48414106105,66.3,"Condition, comps, and features (placeholder)",Customer input CSV vs AI model GradientBoostingRegressor_asset_20251106-061402.joblib (comps=0)
APP_0093,A0093,766057,667505.1079605686,68.9,"Condition, comps, and features (placeholder)",Customer input CSV vs AI model GradientBoostingRegressor_asset_20251106-061402.joblib (comps=0)
APP_0094,A0094,1218796,766162.9837666019,65.2,"Condition, comps, and features (placeholder)",Customer input CSV vs AI model GradientBoostingRegressor_asset_20251106-061402.joblib (comps=0)
APP_0095,A0095,1453857,1215469.1206111691,70.7,"Condition, comps, and features (placeholder)",Customer input CSV vs AI model GradientBoostingRegressor_asset_20251106-061402.joblib (comps=0)
APP_0096,A0096,1755395,1661573.9446374376,70.4,"Condition, comps, and features (placeholder)",Customer input CSV vs AI model GradientBoostingRegressor_asset_20251106-061402.joblib (comps=0)
APP_0097,A0097,137330,94564.34251157618,67.0,"Condition, comps, and features (placeholder)",Customer input CSV vs AI model GradientBoostingRegressor_asset_20251106-061402.joblib (comps=0)
APP_0098,A0098,433047,277024.5359450853,65.5,"Condition, comps, and features (placeholder)",Customer input CSV vs AI model GradientBoostingRegressor_asset_20251106-061402.joblib (comps=0)
APP_0099,A0099,596991,395259.04371374025,67.1,"Condition, comps, and features (placeholder)",Customer input CSV vs AI model GradientBoostingRegressor_asset_20251106-061402.joblib (comps=0)
APP_0100,A0100,655131,604917.283505555,69.7,"Condition, comps, and features (placeholder)",Customer input CSV vs AI model GradientBoostingRegressor_asset_20251106-061402.joblib (comps=0)
APP_0101,A0101,1996154,1632959.6986254945,68.2,"Condition, comps, and features (placeholder)",Customer input CSV vs AI model GradientBoostingRegressor_asset_20251106-061402.joblib (comps=0)
APP_0102,A0102,1565939,1299770.955000043,69.5,"Condition, comps, and features (placeholder)",Customer input CSV vs AI model GradientBoostingRegressor_asset_20251106-061402.joblib (comps=0)
APP_0103,A0103,674813,516490.311905882,67.5,"Condition, comps, and features (placeholder)",Customer input CSV vs AI model GradientBoostingRegressor_asset_20251106-061402.joblib (comps=0)
APP_0104,A0104,1945061,1599414.0901497724,68.3,"Condition, comps, and features (placeholder)",Customer input CSV vs AI model GradientBoostingRegressor_asset_20251106-061402.joblib (comps=0)
APP_0105,A0105,1023648,618260.1472770822,65.4,"Condition, comps, and features (placeholder)",Customer input CSV vs AI model GradientBoostingRegressor_asset_20251106-061402.joblib (comps=0)
APP_0106,A0106,1026445,863758.8041974608,68.9,"Condition, comps, and features (placeholder)",Customer input CSV vs AI model GradientBoostingRegressor_asset_20251106-061402.joblib (comps=0)
APP_0107,A0107,895712,506963.9434815531,64.5,"Condition, comps, and features (placeholder)",Customer input CSV vs AI model GradientBoostingRegressor_asset_20251106-061402.joblib (comps=0)
APP_0108,A0108,330600,277158.9626126476,68.7,"Condition, comps, and features (placeholder)",Customer input CSV vs AI model GradientBoostingRegressor_asset_20251106-061402.joblib (comps=0)
APP_0109,A0109,1872026,1680560.9370448436,69.9,"Condition, comps, and features (placeholder)",Customer input CSV vs AI model GradientBoostingRegressor_asset_20251106-061402.joblib (comps=0)
APP_0110,A0110,77175,42439.91305411105,63.8,"Condition, comps, and features (placeholder)",Customer input CSV vs AI model GradientBoostingRegressor_asset_20251106-061402.joblib (comps=0)
APP_0111,A0111,389843,280267.22872769675,68.0,"Condition, comps, and features (placeholder)",Customer input CSV vs AI model GradientBoostingRegressor_asset_20251106-061402.joblib (comps=0)
APP_0112,A0112,497829,298457.42165435414,63.9,"Condition, comps, and features (placeholder)",Customer input CSV vs AI model GradientBoostingRegressor_asset_20251106-061402.joblib (comps=0)
APP_0113,A0113,594630,478359.1461451229,68.7,"Condition, comps, and features (placeholder)",Customer input CSV vs AI model GradientBoostingRegressor_asset_20251106-061402.joblib (comps=0)
APP_0114,A0114,307053,161881.79803500575,63.9,"Condition, comps, and features (placeholder)",Customer input CSV vs AI model GradientBoostingRegressor_asset_20251106-061402.joblib (comps=0)
APP_0115,A0115,85024,68889.65274534802,70.7,"Condition, comps, and features (placeholder)",Customer input CSV vs AI model GradientBoostingRegressor_asset_20251106-061402.joblib (comps=0)
APP_0116,A0116,1371434,798758.7016954914,64.4,"Condition, comps, and features (placeholder)",Customer input CSV vs AI model GradientBoostingRegressor_asset_20251106-061402.joblib (comps=0)
APP_0117,A0117,1940154,1757111.83863897,70.9,"Condition, comps, and features (placeholder)",Customer input CSV vs AI model GradientBoostingRegressor_asset_20251106-061402.joblib (comps=0)
APP_0118,A0118,287573,249120.43862886808,69.6,"Condition, comps, and features (placeholder)",Customer input CSV vs AI model GradientBoostingRegressor_asset_20251106-061402.joblib (comps=0)
APP_0119,A0119,628243,469528.9306253007,67.7,"Condition, comps, and features (placeholder)",Customer input CSV vs AI model GradientBoostingRegressor_asset_20251106-061402.joblib (comps=0)
APP_0120,A0120,1037343,849368.4257805428,69.6,"Condition, comps, and features (placeholder)",Customer input CSV vs AI model GradientBoostingRegressor_asset_20251106-061402.joblib (comps=0)
APP_0121,A0121,1858629,1567771.385096725,69.5,"Condition, comps, and features (placeholder)",Customer input CSV vs AI model GradientBoostingRegressor_asset_20251106-061402.joblib (comps=0)
APP_0122,A0122,1403811,1327784.1310489972,70.6,"Condition, comps, and features (placeholder)",Customer input CSV vs AI model GradientBoostingRegressor_asset_20251106-061402.joblib (comps=0)
APP_0123,A0123,1544066,1030805.0553622198,65.2,"Condition, comps, and features (placeholder)",Customer input CSV vs AI model GradientBoostingRegressor_asset_20251106-061402.joblib (comps=0)
APP_0124,A0124,1183177,813918.2661740046,67.7,"Condition, comps, and features (placeholder)",Customer input CSV vs AI model GradientBoostingRegressor_asset_20251106-061402.joblib (comps=0)
APP_0125,A0125,863219,491659.4653133843,63.9,"Condition, comps, and features (placeholder)",Customer input CSV vs AI model GradientBoostingRegressor_asset_20251106-061402.joblib (comps=0)
APP_0126,A0126,439562,332294.4222479609,68.2,"Condition, comps, and features (placeholder)",Customer input CSV vs AI model GradientBoostingRegressor_asset_20251106-061402.joblib (comps=0)
APP_0127,A0127,1735413,1075293.5313626442,64.8,"Condition, comps, and features (placeholder)",Customer input CSV vs AI model GradientBoostingRegressor_asset_20251106-061402.joblib (comps=0)
APP_0128,A0128,1618042,1131516.1662190375,68.0,"Condition, comps, and features (placeholder)",Customer input CSV vs AI model GradientBoostingRegressor_asset_20251106-061402.joblib (comps=0)
APP_0129,A0129,98947,80364.55085847017,67.7,"Condition, comps, and features (placeholder)",Customer input CSV vs AI model GradientBoostingRegressor_asset_20251106-061402.joblib (comps=0)
APP_0130,A0130,1445043,1086933.589269952,66.9,"Condition, comps, and features (placeholder)",Customer input CSV vs AI model GradientBoostingRegressor_asset_20251106-061402.joblib (comps=0)
APP_0131,A0131,214556,162398.36094944348,67.5,"Condition, comps, and features (placeholder)",Customer input CSV vs AI model GradientBoostingRegressor_asset_20251106-061402.joblib (comps=0)
APP_0132,A0132,1491018,1180063.9655663734,69.1,"Condition, comps, and features (placeholder)",Customer input CSV vs AI model GradientBoostingRegressor_asset_20251106-061402.joblib (comps=0)
APP_0133,A0133,1660609,1349647.2580470094,69.8,"Condition, comps, and features (placeholder)",Customer input CSV vs AI model GradientBoostingRegressor_asset_20251106-061402.joblib (comps=0)
APP_0134,A0134,305562,213598.74820972723,67.1,"Condition, comps, and features (placeholder)",Customer input CSV vs AI model GradientBoostingRegressor_asset_20251106-061402.joblib (comps=0)
APP_0135,A0135,895979,654482.732741013,67.6,"Condition, comps, and features (placeholder)",Customer input CSV vs AI model GradientBoostingRegressor_asset_20251106-061402.joblib (comps=0)
APP_0136,A0136,291319,236526.4433989731,70.3,"Condition, comps, and features (placeholder)",Customer input CSV vs AI model GradientBoostingRegressor_asset_20251106-061402.joblib (comps=0)
APP_0137,A0137,1156200,731508.4222965178,64.3,"Condition, comps, and features (placeholder)",Customer input CSV vs AI model GradientBoostingRegressor_asset_20251106-061402.joblib (comps=0)
APP_0138,A0138,1858746,1064491.857576567,63.7,"Condition, comps, and features (placeholder)",Customer input CSV vs AI model GradientBoostingRegressor_asset_20251106-061402.joblib (comps=0)
APP_0139,A0139,207695,116566.82856649163,63.7,"Condition, comps, and features (placeholder)",Customer input CSV vs AI model GradientBoostingRegressor_asset_20251106-061402.joblib (comps=0)
APP_0140,A0140,825277,623199.1864234072,68.3,"Condition, comps, and features (placeholder)",Customer input CSV vs AI model GradientBoostingRegressor_asset_20251106-061402.joblib (comps=0)
APP_0141,A0141,1947585,1242286.5399188327,66.2,"Condition, comps, and features (placeholder)",Customer input CSV vs AI model GradientBoostingRegressor_asset_20251106-061402.joblib (comps=0)
APP_0142,A0142,636849,544574.3356952656,69.2,"Condition, comps, and features (placeholder)",Customer input CSV vs AI model GradientBoostingRegressor_asset_20251106-061402.joblib (comps=0)
APP_0143,A0143,307822,231045.9169818646,68.7,"Condition, comps, and features (placeholder)",Customer input CSV vs AI model GradientBoostingRegressor_asset_20251106-061402.joblib (comps=0)
APP_0144,A0144,1002738,653780.1181291568,65.4,"Condition, comps, and features (placeholder)",Customer input CSV vs AI model GradientBoostingRegressor_asset_20251106-061402.joblib (comps=0)
APP_0145,A0145,1041326,881420.3590740208,70.6,"Condition, comps, and features (placeholder)",Customer input CSV vs AI model GradientBoostingRegressor_asset_20251106-061402.joblib (comps=0)
APP_0146,A0146,1342585,1079675.7095302544,69.5,"Condition, comps, and features (placeholder)",Customer input CSV vs AI model GradientBoostingRegressor_asset_20251106-061402.joblib (comps=0)
APP_0147,A0147,661788,397456.7347571497,65.2,"Condition, comps, and features (placeholder)",Customer input CSV vs AI model GradientBoostingRegressor_asset_20251106-061402.joblib (comps=0)
APP_0148,A0148,1913465,1280768.0508692255,65.8,"Condition, comps, and features (placeholder)",Customer input CSV vs AI model GradientBoostingRegressor_asset_20251106-061402.joblib (comps=0)
APP_0149,A0149,1065994,712737.9915325636,65.7,"Condition, comps, and features (placeholder)",Customer input CSV vs AI model GradientBoostingRegressor_asset_20251106-061402.joblib (comps=0)
APP_0150,A0150,608570,395333.92201971135,64.1,"Condition, comps, and features (placeholder)",Customer input CSV vs AI model GradientBoostingRegressor_asset_20251106-061402.joblib (comps=0)
