{
  "timestamp": "20251107-073029",
  "model_choice": "RandomForestRegressor",
  "trained_model_path": "/home/dzoan/AI-AIGENTbythePeoplesANDBOX/HUGKAG/agents/asset_appraisal/models/trained/RandomForestRegressor_asset_20251107-073029.joblib",
  "features": [
    "confidence",
    "loan_amount"
  ],
  "metrics_new": {
    "MAE": 397692.6978423005,
    "RMSE": 478830.38761975075,
    "MAPE%": 111.91387860734558,
    "R2": 0.0469611067314305
  },
  "metrics_prod": null,
  "holdout_rows": 30,
  "source_file": "./.tmp_runs/reviewed_appraisal.20251106-193857.csv",
  "preds_csv": "./.tmp_runs/training_preds_20251107-073029.csv"
}