application_id,age,income,employment_length,loan_amount,loan_duration_months,collateral_value,collateral_type,co_loaners,credit_score,existing_debt,assets_owned,current_loans,customer_type,DTI,LTV,CCR,ITI,CWI,currency_code,session_flagged,created_at,employment_years,debt_to_income,credit_history_length,num_delinquencies,requested_amount,loan_term_months,score,decision,confidence,top_feature,explanation,decision_label,reason
APP_0001,64,102035.0,0,81788.0,72,172085.0,car,0,501,322.0,260344.0,3,bank,0.003155779879453,0.4752767527675249,2.10403726708072,0.0111328901301382,1.1005531684871177,USD,False,T19:19:50.280384+00:00,0,0.003155779879453,20,0,81788.0,72,0.6172,approved,0.5875,DTI,Meets policy thresholds given DTI/LTV/score.,approve,Meets policy thresholds given DTI/LTV/score.
APP_0002,55,122374.0,9,74987.0,36,54343.0,land,0,304,28321.0,72216.0,2,bank,0.231429878895842,1.3798833336400018,0.724698947817612,0.0170213625620176,0.0,USD,False,T19:19:50.280384+00:00,9,0.231429878895842,6,0,74987.0,36,0.3745,denied,0.3635,credit_score,Fails one or more policy thresholds (DTI/LTV/history/amount).,denied,Fails one or more policy thresholds (DTI/LTV/history/amount).
APP_0003,35,117380.0,15,58040.0,72,65541.0,deposit,0,321,37295.0,236344.0,4,bank,0.3177287442494435,0.8855525548892924,1.1292384562370583,0.0068675337459525,0.0881756838281433,USD,False,T19:19:50.280384+00:00,15,0.3177287442494435,23,0,58040.0,72,0.4812,approved,0.5198,credit_score,Meets policy thresholds given DTI/LTV/score.,approve,Meets policy thresholds given DTI/LTV/score.
APP_0004,63,41819.0,27,89208.0,60,69918.0,car,0,484,27545.0,173174.0,0,bank,0.658671895549854,1.275894619411292,0.7837637880010673,0.0355532174364567,0.0,USD,False,T19:19:50.280384+00:00,27,0.658671895549854,9,0,89208.0,60,0.498,approved,0.5038,credit_score,Meets policy thresholds given DTI/LTV/score.,approve,Meets policy thresholds given DTI/LTV/score.
APP_0005,42,128256.0,22,17185.0,48,42058.0,real_estate,2,549,19197.0,229870.0,0,non-bank,0.1496772080838311,0.4086024062009509,2.4473668897292726,0.002791454850657,1.2307290546016865,USD,False,T19:19:50.280384+00:00,22,0.1496772080838311,6,0,17185.0,48,0.6851,approved,0.7127,DTI,Meets policy thresholds given DTI/LTV/score.,approve,Meets policy thresholds given DTI/LTV/score.
APP_0006,43,92008.0,23,92500.0,72,37844.0,deposit,0,738,41427.0,229106.0,4,bank,0.4502543257108028,2.4442447944191303,0.4091243243243199,0.013963157792848,0.0,USD,False,T19:19:50.280384+00:00,23,0.4502543257108028,23,0,92500.0,72,0.6269,approved,0.6443,DTI,Meets policy thresholds given DTI/LTV/score.,approve,Meets policy thresholds given DTI/LTV/score.
APP_0007,40,65385.0,16,85771.0,48,74626.0,real_estate,0,373,18551.0,164405.0,1,bank,0.2837195075323043,1.1493447323988804,0.8700609763206576,0.0273288343396203,0.0,USD,False,T19:19:50.280384+00:00,16,0.2837195075323043,19,0,85771.0,48,0.4946,approved,0.4755,credit_score,Meets policy thresholds given DTI/LTV/score.,approve,Meets policy thresholds given DTI/LTV/score.
APP_0008,27,89277.0,3,52845.0,60,175868.0,land,0,761,35526.0,84652.0,1,bank,0.3979300379717015,0.3004810426001302,3.327996972277352,0.0098653628592505,1.2634780563594437,USD,False,T19:19:50.280384+00:00,3,0.3979300379717015,20,0,52845.0,60,0.7366,approved,0.7529,DTI,Meets policy thresholds given DTI/LTV/score.,approve,Meets policy thresholds given DTI/LTV/score.
APP_0009,62,145872.0,11,74672.0,24,8294.0,real_estate,0,428,23207.0,162593.0,3,non-bank,0.1590915323022913,9.003134796237159,0.1110724233983272,0.0213292018564472,0.0,USD,False,T19:19:50.280384+00:00,11,0.1590915323022913,29,0,74672.0,24,0.4948,approved,0.4853,credit_score,Meets policy thresholds given DTI/LTV/score.,approve,Meets policy thresholds given DTI/LTV/score.
APP_0010,21,132196.0,29,54426.0,72,62383.0,real_estate,0,376,1328.0,249769.0,0,bank,0.010045689733426,0.8724492249490908,1.146198508065977,0.005718150826471,0.1447298432144901,USD,False,T19:19:50.280384+00:00,29,0.010045689733426,11,0,54426.0,72,0.5985,approved,0.5889,credit_score,Meets policy thresholds given DTI/LTV/score.,approve,Meets policy thresholds given DTI/LTV/score.
APP_0011,28,129212.0,1,30532.0,48,19640.0,deposit,1,684,26525.0,291491.0,2,bank,0.205282791072035,1.5545824847249716,0.6432595309838647,0.0049227883890047,0.0,USD,False,T19:19:50.280384+00:00,1,0.205282791072035,25,0,30532.0,48,0.5814,approved,0.5843,credit_score,Meets policy thresholds given DTI/LTV/score.,approve,Meets policy thresholds given DTI/LTV/score.
APP_0012,31,82849.0,26,80987.0,60,115805.0,real_estate,1,725,2472.0,278976.0,1,bank,0.0298374150563068,0.69933940676136,1.4299208514946666,0.0162920896246281,0.4170931246072799,USD,False,T19:19:50.280384+00:00,26,0.0298374150563068,9,0,80987.0,60,0.7717,approved,0.726,DTI,Meets policy thresholds given DTI/LTV/score.,approve,Meets policy thresholds given DTI/LTV/score.
APP_0013,33,123017.0,20,28362.0,36,56115.0,land,1,632,46547.0,62625.0,0,bank,0.378378598079937,0.5054263565891383,1.9785276073618927,0.0064042639091462,0.6082737031058182,USD,False,T19:19:50.280384+00:00,20,0.378378598079937,17,2,28362.0,36,0.6909,approved,0.7266,DTI,Meets policy thresholds given DTI/LTV/score.,approve,Meets policy thresholds given DTI/LTV/score.
APP_0014,26,73136.0,8,34872.0,72,160059.0,land,2,363,30077.0,183244.0,4,bank,0.4112475388317598,0.2178696605626661,4.589900206469243,0.0066223656383532,1.3814434868942442,USD,False,T19:19:50.280384+00:00,8,0.4112475388317598,17,1,34872.0,72,0.5226,approved,0.5025,credit_score,Meets policy thresholds given DTI/LTV/score.,approve,Meets policy thresholds given DTI/LTV/score.
APP_0015,21,110770.0,23,54332.0,12,120323.0,real_estate,2,363,18601.0,40332.0,0,bank,0.1679245283018852,0.451551241242319,2.2145880880512,0.0408744846645239,1.0106289562841355,USD,False,T19:19:50.280384+00:00,23,0.1679245283018852,6,0,54332.0,12,0.5859,approved,0.6159,credit_score,Meets policy thresholds given DTI/LTV/score.,approve,Meets policy thresholds given DTI/LTV/score.
APP_0016,50,104945.0,25,84551.0,12,158494.0,real_estate,2,514,24309.0,203994.0,0,non-bank,0.2316356186573897,0.5334649892109448,1.874537261534436,0.0671391363674252,0.6719632819199814,USD,False,T19:19:50.280384+00:00,25,0.2316356186573897,5,1,84551.0,12,0.6406,approved,0.6447,DTI,Meets policy thresholds given DTI/LTV/score.,approve,Meets policy thresholds given DTI/LTV/score.
APP_0017,63,56224.0,1,41472.0,48,129902.0,deposit,0,547,30958.0,297777.0,3,bank,0.5506189527603773,0.3192560545642074,3.132282021604863,0.0153671030161849,0.917740281305907,USD,False,T19:19:50.280384+00:00,1,0.5506189527603773,6,0,41472.0,48,0.545,approved,0.591,credit_score,Meets policy thresholds given DTI/LTV/score.,approve,Meets policy thresholds given DTI/LTV/score.
APP_0018,26,58307.0,3,51943.0,60,92170.0,land,0,849,13009.0,25247.0,4,non-bank,0.2231121477695607,0.5635564717370015,1.774445064782516,0.014847559755299,0.6016569630493758,USD,False,T19:19:50.280384+00:00,3,0.2231121477695607,20,0,51943.0,60,0.7545,approved,0.7347,DTI,Meets policy thresholds given DTI/LTV/score.,approve,Meets policy thresholds given DTI/LTV/score.
APP_0019,34,32641.0,19,8958.0,60,173305.0,real_estate,0,457,14419.0,200406.0,0,bank,0.4417450445758266,0.0516892184299353,19.34639428443633,0.0045740020219205,1.5881975792809784,USD,False,T19:19:50.280384+00:00,19,0.4417450445758266,18,0,8958.0,60,0.6603,approved,0.6509,DTI,Meets policy thresholds given DTI/LTV/score.,approve,Meets policy thresholds given DTI/LTV/score.
APP_0020,43,42471.0,29,16006.0,36,99441.0,deposit,0,405,20932.0,284200.0,3,bank,0.4928539473993903,0.1609597650868338,6.212732725227651,0.0104685811753608,1.2765478293279011,USD,False,T19:19:50.280384+00:00,29,0.4928539473993903,28,0,16006.0,36,0.6522,approved,0.6623,DTI,Meets policy thresholds given DTI/LTV/score.,approve,Meets policy thresholds given DTI/LTV/score.
APP_0021,61,79202.0,0,10314.0,48,190387.0,car,0,820,12928.0,255683.0,2,bank,0.1632282013080457,0.0541738669131818,18.45908473918766,0.0027129996716689,2.3743219038987378,USD,False,T19:19:50.280384+00:00,0,0.1632282013080457,21,0,10314.0,48,0.8163,approved,0.7501,DTI,Meets policy thresholds given DTI/LTV/score.,approve,Meets policy thresholds given DTI/LTV/score.
APP_0022,51,84734.0,19,11845.0,48,198982.0,real_estate,1,384,37895.0,123820.0,4,bank,0.447223074562744,0.0595279975073119,16.79881806669339,0.002912300060521,1.559613665993182,USD,False,T19:19:50.280384+00:00,19,0.447223074562744,7,0,11845.0,48,0.564,approved,0.5889,credit_score,Meets policy thresholds given DTI/LTV/score.,approve,Meets policy thresholds given DTI/LTV/score.
APP_0023,54,45640.0,4,87509.0,72,121092.0,deposit,0,314,5190.0,40137.0,0,bank,0.1137160385626618,0.7226654114227139,1.383766241186605,0.0266302098545326,0.3401258645047987,USD,False,T19:19:50.280384+00:00,4,0.1137160385626618,27,1,87509.0,72,0.5221,approved,0.5683,credit_score,Meets policy thresholds given DTI/LTV/score.,approve,Meets policy thresholds given DTI/LTV/score.
APP_0024,46,77111.0,19,84989.0,48,137522.0,real_estate,0,532,41330.0,277931.0,4,bank,0.5359805993956693,0.6180029377117798,1.6181152855075172,0.0229617585899515,0.2868174842855817,USD,False,T19:19:50.280384+00:00,19,0.5359805993956693,28,0,84989.0,48,0.6153,approved,0.6491,DTI,Meets policy thresholds given DTI/LTV/score.,approve,Meets policy thresholds given DTI/LTV/score.
APP_0025,39,100522.0,18,83079.0,36,57087.0,land,0,520,17426.0,277183.0,3,bank,0.1733550864487358,1.4553050606968057,0.6871411548044549,0.0229576610088923,0.0,USD,False,T19:19:50.280384+00:00,18,0.1733550864487358,21,0,83079.0,36,0.5469,approved,0.5696,credit_score,Meets policy thresholds given DTI/LTV/score.,approve,Meets policy thresholds given DTI/LTV/score.
APP_0026,29,54071.0,2,10278.0,72,164410.0,deposit,0,640,28061.0,177903.0,4,non-bank,0.5189658042203673,0.0625144455933333,15.99630278264098,0.0026400473451205,1.352887829157102,USD,False,T19:19:50.280384+00:00,2,0.5189658042203673,20,0,10278.0,72,0.6615,approved,0.6571,DTI,Meets policy thresholds given DTI/LTV/score.,approve,Meets policy thresholds given DTI/LTV/score.
APP_0027,59,67279.0,20,12376.0,12,136945.0,land,0,782,7887.0,293879.0,1,bank,0.1172282584461701,0.0903720471722217,11.065368455073443,0.0153292012849087,2.4089815562514683,USD,False,T19:19:50.280384+00:00,20,0.1172282584461701,3,1,12376.0,12,0.818,approved,0.8565,DTI,Meets policy thresholds given DTI/LTV/score.,approve,Meets policy thresholds given DTI/LTV/score.
APP_0028,56,70938.0,26,31658.0,72,181290.0,land,1,813,19268.0,11339.0,4,non-bank,0.2716174687755466,0.1746262893706207,5.726514625055097,0.006198292092226,1.8035633776630404,USD,False,T19:19:50.280384+00:00,26,0.2716174687755466,2,0,31658.0,72,0.8044,approved,0.8366,DTI,Meets policy thresholds given DTI/LTV/score.,approve,Meets policy thresholds given DTI/LTV/score.
APP_0029,22,88131.0,25,58703.0,12,59265.0,car,0,459,37729.0,188817.0,3,non-bank,0.4281013491279977,0.9905171686492704,1.0095736163398632,0.0555073318838882,0.0054751382687533,USD,False,T19:19:50.280384+00:00,25,0.4281013491279977,7,0,58703.0,12,0.5203,approved,0.5321,credit_score,Meets policy thresholds given DTI/LTV/score.,approve,Meets policy thresholds given DTI/LTV/score.
APP_0030,52,70799.0,0,36742.0,24,159217.0,real_estate,1,839,13534.0,21177.0,0,bank,0.191160892102993,0.230766815101401,4.333378694681718,0.0216234221754948,1.8665576491144684,USD,False,T19:19:50.280384+00:00,0,0.191160892102993,13,0,36742.0,24,0.7933,approved,0.7935,DTI,Meets policy thresholds given DTI/LTV/score.,approve,Meets policy thresholds given DTI/LTV/score.
APP_0031,24,117118.0,7,51318.0,60,98292.0,land,0,647,6613.0,281351.0,4,bank,0.0564644204989834,0.522097424001948,1.915351338711526,0.0073028911011606,0.8636665558182389,USD,False,T19:19:50.280384+00:00,7,0.0564644204989834,2,0,51318.0,60,0.6464,approved,0.6355,DTI,Meets policy thresholds given DTI/LTV/score.,approve,Meets policy thresholds given DTI/LTV/score.
APP_0032,53,65936.0,7,21434.0,60,43554.0,deposit,0,338,26095.0,207321.0,3,bank,0.3957625576316367,0.4921247187399437,2.0320052253428185,0.0054178799643195,0.6235761978719728,USD,False,T19:19:50.280384+00:00,7,0.3957625576316367,26,0,21434.0,60,0.5139,approved,0.477,credit_score,Meets policy thresholds given DTI/LTV/score.,approve,Meets policy thresholds given DTI/LTV/score.
APP_0033,57,79237.0,13,74423.0,72,40869.0,real_estate,0,816,8124.0,274894.0,1,bank,0.1025278594595946,1.821013482101304,0.5491447536379809,0.013045077145316,0.0,USD,False,T19:19:50.280384+00:00,13,0.1025278594595946,14,2,74423.0,72,0.6673,approved,0.7041,DTI,Meets policy thresholds given DTI/LTV/score.,approve,Meets policy thresholds given DTI/LTV/score.
APP_0034,26,72433.0,4,34819.0,60,115936.0,deposit,1,375,15737.0,173173.0,2,bank,0.2172628498060246,0.3003294921335883,3.3296763261436766,0.0080117717981719,1.6429742982063795,USD,False,T19:19:50.280384+00:00,4,0.2172628498060246,20,0,34819.0,60,0.5629,approved,0.4978,credit_score,Meets policy thresholds given DTI/LTV/score.,approve,Meets policy thresholds given DTI/LTV/score.
APP_0035,40,47864.0,25,11321.0,48,69334.0,car,1,623,22523.0,34146.0,1,bank,0.4705624268761393,0.1632820838261147,6.124370638635622,0.0049275899770547,1.3289697087850674,USD,False,T19:19:50.280384+00:00,25,0.4705624268761393,6,1,11321.0,48,0.7012,approved,0.6901,DTI,Meets policy thresholds given DTI/LTV/score.,approve,Meets policy thresholds given DTI/LTV/score.
APP_0036,26,110717.0,23,75555.0,36,27563.0,land,0,734,28204.0,17694.0,2,non-bank,0.254739561223658,2.741174763269501,0.3648070941698052,0.018955986884956,0.0,USD,False,T19:19:50.280384+00:00,23,0.254739561223658,9,0,75555.0,36,0.6303,approved,0.6352,DTI,Meets policy thresholds given DTI/LTV/score.,approve,Meets policy thresholds given DTI/LTV/score.
APP_0037,45,54430.0,24,90764.0,12,90012.0,real_estate,1,437,31968.0,107316.0,4,non-bank,0.5873231673709244,1.0083544416299937,0.991714776783736,0.1389613570831567,0.0,USD,False,T19:19:50.280384+00:00,24,0.5873231673709244,3,0,90764.0,12,0.4626,approved,0.4884,credit_score,Meets policy thresholds given DTI/LTV/score.,approve,Meets policy thresholds given DTI/LTV/score.
APP_0038,61,62109.0,5,6394.0,12,133361.0,land,0,448,33832.0,225603.0,4,bank,0.5447197668614767,0.0479450514018337,20.85720988426324,0.008579003579013,1.3003553968753738,USD,False,T19:19:50.280384+00:00,5,0.5447197668614767,22,0,6394.0,12,0.577,approved,0.6299,credit_score,Meets policy thresholds given DTI/LTV/score.,approve,Meets policy thresholds given DTI/LTV/score.
APP_0039,24,124093.0,0,46483.0,24,69238.0,real_estate,1,561,42214.0,53799.0,1,non-bank,0.3401803486095078,0.6713509922296907,1.4895338080588283,0.0156075819472972,0.3230040265772598,USD,False,T19:19:50.280384+00:00,0,0.3401803486095078,23,0,46483.0,24,0.5968,approved,0.6266,credit_score,Meets policy thresholds given DTI/LTV/score.,approve,Meets policy thresholds given DTI/LTV/score.
APP_0040,38,143607.0,27,83581.0,12,191427.0,car,0,786,3303.0,257122.0,4,bank,0.0230002715745052,0.4366207483792755,2.2903171773488915,0.0485010015720185,1.2606395318526349,USD,False,T19:19:50.280384+00:00,27,0.0230002715745052,6,0,83581.0,12,0.8097,approved,0.8009,DTI,Meets policy thresholds given DTI/LTV/score.,approve,Meets policy thresholds given DTI/LTV/score.
APP_0041,63,108855.0,8,72085.0,48,157673.0,land,0,422,18116.0,79450.0,2,bank,0.1664232235542679,0.4571803669620007,2.1873205243809086,0.0137960666326951,0.989722815321311,USD,False,T19:19:50.280384+00:00,8,0.1664232235542679,21,1,72085.0,48,0.5845,approved,0.6063,credit_score,Meets policy thresholds given DTI/LTV/score.,approve,Meets policy thresholds given DTI/LTV/score.
APP_0042,34,139543.0,19,86372.0,60,106444.0,real_estate,1,664,53.0,153961.0,3,bank,0.0003798112409794,0.8114313629701927,1.2323901264298471,0.0103160555048216,0.2323018620475574,USD,False,T19:19:50.280384+00:00,19,0.0003798112409794,2,1,86372.0,60,0.6685,approved,0.6307,DTI,Meets policy thresholds given DTI/LTV/score.,approve,Meets policy thresholds given DTI/LTV/score.
APP_0043,26,131773.0,27,44444.0,72,187453.0,car,0,548,472.0,68893.0,3,bank,0.0035819173882358,0.237094098253961,4.217734677346679,0.004684402554159,2.280519707492961,USD,False,T19:19:50.280384+00:00,27,0.0035819173882358,11,0,44444.0,72,0.7356,approved,0.7785,DTI,Meets policy thresholds given DTI/LTV/score.,approve,Meets policy thresholds given DTI/LTV/score.
APP_0044,42,85113.0,1,40364.0,36,91130.0,land,0,361,10613.0,145069.0,2,bank,0.1246930551149633,0.4429276857236865,2.257704885541516,0.0131733368838022,1.1008778209303602,USD,False,T19:19:50.280384+00:00,1,0.1246930551149633,4,0,40364.0,36,0.4996,approved,0.4949,credit_score,Meets policy thresholds given DTI/LTV/score.,approve,Meets policy thresholds given DTI/LTV/score.
APP_0045,43,121286.0,0,72371.0,72,34816.0,real_estate,0,690,29907.0,141130.0,2,bank,0.2465824579918519,2.0786707261028816,0.4810766743585071,0.0082874592101628,0.0,USD,False,T19:19:50.280384+00:00,0,0.2465824579918519,22,0,72371.0,72,0.567,approved,0.5468,credit_score,Meets policy thresholds given DTI/LTV/score.,approve,Meets policy thresholds given DTI/LTV/score.
APP_0046,50,66045.0,0,19593.0,72,14881.0,car,0,757,44725.0,11587.0,2,bank,0.6771897948368434,1.316645386734674,0.7595059460010841,0.0041202967672983,0.0,USD,False,T19:19:50.280384+00:00,0,0.6771897948368434,10,0,19593.0,72,0.528,approved,0.5088,credit_score,Meets policy thresholds given DTI/LTV/score.,approve,Meets policy thresholds given DTI/LTV/score.
APP_0047,34,82562.0,4,27745.0,72,188100.0,car,1,616,38677.0,174665.0,4,bank,0.4684600663743554,0.1475013290802756,6.779599927914696,0.0046673678231736,1.3594112608698614,USD,False,T19:19:50.280384+00:00,4,0.4684600663743554,14,0,27745.0,72,0.6371,approved,0.6353,DTI,Meets policy thresholds given DTI/LTV/score.,approve,Meets policy thresholds given DTI/LTV/score.
APP_0048,63,91929.0,1,62079.0,36,192276.0,land,1,396,32314.0,238128.0,1,non-bank,0.3515104047688939,0.3228640079885148,3.0972792731841188,0.0187581358071854,1.3173469361278245,USD,False,T19:19:50.280384+00:00,1,0.3515104047688939,13,0,62079.0,36,0.5296,approved,0.5178,credit_score,Meets policy thresholds given DTI/LTV/score.,approve,Meets policy thresholds given DTI/LTV/score.
APP_0049,43,145061.0,24,68503.0,24,149936.0,deposit,1,385,38908.0,281520.0,1,bank,0.2682181978615874,0.456881602817199,2.188750857626641,0.0196764924173121,0.8699062448876226,USD,False,T19:19:50.280384+00:00,24,0.2682181978615874,14,2,68503.0,24,0.5854,approved,0.6541,credit_score,Meets policy thresholds given DTI/LTV/score.,approve,Meets policy thresholds given DTI/LTV/score.
APP_0050,33,131070.0,18,16368.0,72,27776.0,deposit,0,532,8598.0,105907.0,1,non-bank,0.0655985351338974,0.5892857142856931,1.696969696969593,0.001734442155567,0.6512495058157622,USD,False,T19:19:50.280384+00:00,18,0.0655985351338974,7,0,16368.0,72,0.6494,approved,0.6279,DTI,Meets policy thresholds given DTI/LTV/score.,approve,Meets policy thresholds given DTI/LTV/score.
APP_0051,63,86156.0,29,53289.0,24,64380.0,real_estate,0,578,41991.0,265370.0,0,non-bank,0.4873833511305018,0.8277260018639201,1.2081292574452287,0.0257715655312161,0.1066905224832877,USD,False,T19:19:50.280384+00:00,29,0.4873833511305018,16,0,53289.0,24,0.6501,approved,0.651,DTI,Meets policy thresholds given DTI/LTV/score.,approve,Meets policy thresholds given DTI/LTV/score.
APP_0052,61,106573.0,24,39667.0,36,15887.0,real_estate,0,603,44513.0,264841.0,1,non-bank,0.4176761468664632,2.49682130043416,0.4005092394181461,0.0103390268743536,0.0,USD,False,T19:19:50.280384+00:00,24,0.4176761468664632,24,0,39667.0,36,0.59,approved,0.5908,credit_score,Meets policy thresholds given DTI/LTV/score.,approve,Meets policy thresholds given DTI/LTV/score.
APP_0053,42,50294.0,28,52665.0,12,17839.0,real_estate,0,434,4752.0,296630.0,0,bank,0.094484431542528,2.9522394753067465,0.3387259090477482,0.0872619000205627,0.0,USD,False,T19:19:50.280384+00:00,28,0.094484431542528,14,0,52665.0,12,0.545,approved,0.5459,credit_score,Meets policy thresholds given DTI/LTV/score.,approve,Meets policy thresholds given DTI/LTV/score.
APP_0054,22,125548.0,7,96050.0,60,55244.0,land,0,575,23497.0,118187.0,0,bank,0.1871555102430927,1.7386503511693263,0.5751587714731851,0.0127507673025985,0.0,USD,False,T19:19:50.280384+00:00,7,0.1871555102430927,5,1,96050.0,60,0.5022,approved,0.5039,credit_score,Meets policy thresholds given DTI/LTV/score.,approve,Meets policy thresholds given DTI/LTV/score.
APP_0055,47,94129.0,8,12277.0,48,117851.0,real_estate,1,462,41501.0,256758.0,3,bank,0.4408949420476108,0.1041739145191801,9.599332084384654,0.0027172373373562,1.5025826863140472,USD,False,T19:19:50.280384+00:00,8,0.4408949420476108,0,0,12277.0,48,0.551,approved,0.5365,credit_score,Meets policy thresholds given DTI/LTV/score.,approve,Meets policy thresholds given DTI/LTV/score.
APP_0056,45,91590.0,25,99569.0,12,20581.0,real_estate,1,677,23804.0,173872.0,0,bank,0.2598973687083714,4.837908750789328,0.2067008807962296,0.090593041445301,0.0,USD,False,T19:19:50.280384+00:00,25,0.2598973687083714,3,2,99569.0,12,0.5911,approved,0.5736,credit_score,Meets policy thresholds given DTI/LTV/score.,approve,Meets policy thresholds given DTI/LTV/score.
APP_0057,27,120785.0,7,47709.0,24,197043.0,deposit,1,738,42023.0,26898.0,2,bank,0.3479157180113396,0.242124815395623,4.130101238759896,0.016457962494657,1.482595486769306,USD,False,T19:19:50.280384+00:00,7,0.3479157180113396,2,0,47709.0,24,0.6976,approved,0.6717,DTI,Meets policy thresholds given DTI/LTV/score.,approve,Meets policy thresholds given DTI/LTV/score.
APP_0058,48,104114.0,1,78349.0,48,95382.0,deposit,0,658,46777.0,88399.0,3,bank,0.4492863591831987,0.8214233293493445,1.2173990733767983,0.0156777266582718,0.1197246352095484,USD,False,T19:19:50.280384+00:00,1,0.4492863591831987,2,0,78349.0,48,0.5455,approved,0.5008,credit_score,Meets policy thresholds given DTI/LTV/score.,approve,Meets policy thresholds given DTI/LTV/score.
APP_0059,57,34058.0,20,45324.0,48,58658.0,deposit,0,300,23733.0,204894.0,3,non-bank,0.6968406835398234,0.7726823280711792,1.2941929220721629,0.0277247636379206,0.0891873251628307,USD,False,T19:19:50.280384+00:00,20,0.6968406835398234,3,0,45324.0,48,0.3987,denied,0.4052,credit_score,Fails one or more policy thresholds (DTI/LTV/history/amount).,denied,Fails one or more policy thresholds (DTI/LTV/history/amount).
APP_0060,25,61019.0,24,34541.0,60,107088.0,car,0,845,2974.0,56570.0,2,non-bank,0.048738917386387,0.3225478111459703,3.100315567007235,0.0094344930812325,1.933301707764738,USD,False,T19:19:50.280384+00:00,24,0.048738917386387,17,0,34541.0,60,0.8829,approved,0.9125,DTI,Meets policy thresholds given DTI/LTV/score.,approve,Meets policy thresholds given DTI/LTV/score.
APP_0061,52,47089.0,29,78206.0,24,159709.0,land,0,313,17002.0,136072.0,0,bank,0.3610609696532022,0.489678102048097,2.0421578906988973,0.0692005209963577,0.6658753521514297,USD,False,T19:19:50.280384+00:00,29,0.3610609696532022,24,0,78206.0,24,0.5956,approved,0.5793,credit_score,Meets policy thresholds given DTI/LTV/score.,approve,Meets policy thresholds given DTI/LTV/score.
APP_0062,27,116861.0,27,70328.0,72,68013.0,land,0,849,10758.0,234723.0,4,bank,0.0920580861022916,1.0340376104568092,0.9670828119667704,0.008358458149119,0.0,USD,False,T19:19:50.280384+00:00,27,0.0920580861022916,25,1,70328.0,72,0.8036,approved,0.7868,DTI,Meets policy thresholds given DTI/LTV/score.,approve,Meets policy thresholds given DTI/LTV/score.
APP_0063,53,29393.0,3,18685.0,36,17122.0,real_estate,0,317,23705.0,53430.0,4,bank,0.8064845371346645,1.0912860647120026,0.9163500133796671,0.0176582103821774,0.0,USD,False,T19:19:50.280384+00:00,3,0.8064845371346645,19,0,18685.0,36,0.3321,denied,0.3226,credit_score,Fails one or more policy thresholds (DTI/LTV/history/amount).,denied,Fails one or more policy thresholds (DTI/LTV/history/amount).
APP_0064,39,50300.0,23,72013.0,60,17784.0,land,0,584,29288.0,154011.0,3,bank,0.5822664015904457,4.049313990103236,0.2469554108285969,0.0238611663349232,0.0,USD,False,T19:19:50.280384+00:00,23,0.5822664015904457,18,0,72013.0,60,0.5228,approved,0.509,credit_score,Meets policy thresholds given DTI/LTV/score.,approve,Meets policy thresholds given DTI/LTV/score.
APP_0065,21,99680.0,25,76542.0,24,171581.0,land,2,358,23194.0,72309.0,0,bank,0.2326845906902063,0.4460983442222598,2.241658174596924,0.0319948836262749,0.9527434504637045,USD,False,T19:19:50.280384+00:00,25,0.2326845906902063,9,0,76542.0,24,0.5892,approved,0.5461,credit_score,Meets policy thresholds given DTI/LTV/score.,approve,Meets policy thresholds given DTI/LTV/score.
APP_0066,63,111849.0,20,41844.0,12,29427.0,car,0,352,9774.0,165581.0,0,bank,0.0873856717538816,1.4219594250177925,0.703254946945782,0.0311759604440753,0.0,USD,False,T19:19:50.280384+00:00,20,0.0873856717538816,27,0,41844.0,12,0.5217,approved,0.5626,credit_score,Meets policy thresholds given DTI/LTV/score.,approve,Meets policy thresholds given DTI/LTV/score.
APP_0067,28,87913.0,24,92936.0,12,130028.0,deposit,2,675,15058.0,79806.0,1,bank,0.1712829729391538,0.7147383640446617,1.3991133683394874,0.0880946693437965,0.3307520440705558,USD,False,T19:19:50.280384+00:00,24,0.1712829729391538,19,1,92936.0,12,0.7367,approved,0.7499,DTI,Meets policy thresholds given DTI/LTV/score.,approve,Meets policy thresholds given DTI/LTV/score.
APP_0068,47,132589.0,25,65884.0,36,81824.0,land,0,700,33976.0,289970.0,0,bank,0.2562505185196339,0.8051916308173542,1.241940380061908,0.0138028879549605,0.1799430322202272,USD,False,T19:19:50.280384+00:00,25,0.2562505185196339,21,0,65884.0,36,0.7488,approved,0.7274,DTI,Meets policy thresholds given DTI/LTV/score.,approve,Meets policy thresholds given DTI/LTV/score.
APP_0069,28,139867.0,13,36694.0,72,157283.0,land,0,365,1349.0,32243.0,4,non-bank,0.009644876918787,0.2332992122479846,4.286341091186453,0.0036437393300907,2.27791815906183,USD,False,T19:19:50.280384+00:00,13,0.009644876918787,22,1,36694.0,72,0.6107,approved,0.6196,DTI,Meets policy thresholds given DTI/LTV/score.,approve,Meets policy thresholds given DTI/LTV/score.
APP_0070,62,41512.0,1,6019.0,12,19621.0,land,0,837,10704.0,289438.0,1,bank,0.2578531508961202,0.3067631619183371,3.259843827877843,0.0120828515439276,1.5434506051951278,USD,False,T19:19:50.280384+00:00,1,0.2578531508961202,25,0,6019.0,12,0.8018,approved,0.7886,DTI,Meets policy thresholds given DTI/LTV/score.,approve,Meets policy thresholds given DTI/LTV/score.
APP_0071,53,144063.0,13,69121.0,36,180376.0,deposit,0,476,44617.0,239643.0,1,non-bank,0.3097047819356788,0.383205082716102,2.6095687273042545,0.0133276953674741,1.1110775956040162,USD,False,T19:19:50.280384+00:00,13,0.3097047819356788,21,0,69121.0,36,0.6305,approved,0.6242,DTI,Meets policy thresholds given DTI/LTV/score.,approve,Meets policy thresholds given DTI/LTV/score.
APP_0072,56,101797.0,6,24860.0,12,142052.0,land,0,475,4957.0,258136.0,4,bank,0.0486949517176336,0.1750063357080493,5.71407884151224,0.0203509599152627,2.3544619129257014,USD,False,T19:19:50.280384+00:00,6,0.0486949517176336,27,0,24860.0,12,0.6649,approved,0.6759,DTI,Meets policy thresholds given DTI/LTV/score.,approve,Meets policy thresholds given DTI/LTV/score.
APP_0073,40,104527.0,3,76870.0,72,94261.0,car,0,463,20737.0,256937.0,4,bank,0.1983889330029542,0.8155016390659889,1.226239104982422,0.0102140010607216,0.1813557703414348,USD,False,T19:19:50.280384+00:00,3,0.1983889330029542,16,0,76870.0,72,0.5207,approved,0.5493,credit_score,Meets policy thresholds given DTI/LTV/score.,approve,Meets policy thresholds given DTI/LTV/score.
APP_0074,41,36886.0,3,54883.0,60,47747.0,deposit,1,553,10349.0,64406.0,1,non-bank,0.2805671528493119,1.1494544159842264,0.8699779531002156,0.0247984781936614,0.0,USD,False,T19:19:50.280384+00:00,3,0.2805671528493119,16,0,54883.0,60,0.5354,approved,0.581,credit_score,Meets policy thresholds given DTI/LTV/score.,approve,Meets policy thresholds given DTI/LTV/score.
APP_0075,48,102733.0,20,49339.0,60,195611.0,land,0,397,5232.0,280016.0,1,non-bank,0.0509281340951782,0.2522301915536434,3.9646324408681983,0.0080044062438841,2.1290618621084243,USD,False,T19:19:50.280384+00:00,20,0.0509281340951782,7,1,49339.0,60,0.623,approved,0.6741,DTI,Meets policy thresholds given DTI/LTV/score.,approve,Meets policy thresholds given DTI/LTV/score.
APP_0076,55,115714.0,15,20556.0,60,65997.0,deposit,0,533,21136.0,182339.0,2,non-bank,0.1826572411289888,0.3114687031228645,3.2105954465847826,0.0029607480511803,1.6882982092757797,USD,False,T19:19:50.280384+00:00,15,0.1826572411289888,28,0,20556.0,60,0.7051,approved,0.6977,DTI,Meets policy thresholds given DTI/LTV/score.,approve,Meets policy thresholds given DTI/LTV/score.
APP_0077,58,97598.0,16,72593.0,48,102178.0,real_estate,0,415,26072.0,289025.0,3,non-bank,0.2671366216520803,0.7104562626005528,1.4075461821387545,0.015495749571048,0.2986756718750213,USD,False,T19:19:50.280384+00:00,16,0.2671366216520803,16,0,72593.0,48,0.5491,approved,0.5341,credit_score,Meets policy thresholds given DTI/LTV/score.,approve,Meets policy thresholds given DTI/LTV/score.
APP_0078,21,35561.0,22,20761.0,60,83672.0,car,0,328,8806.0,264662.0,4,bank,0.2476308315289151,0.248123625585617,4.030249024613264,0.0097302288085512,1.69706580783361,USD,False,T19:19:50.280384+00:00,22,0.2476308315289151,14,0,20761.0,60,0.5708,approved,0.5738,credit_score,Meets policy thresholds given DTI/LTV/score.,approve,Meets policy thresholds given DTI/LTV/score.
APP_0079,50,90403.0,16,44686.0,12,52265.0,deposit,0,502,3889.0,178086.0,4,bank,0.0430184838998701,0.8549889983736563,1.1696056930582024,0.0411914796303548,0.1623095132820914,USD,False,T19:19:50.280384+00:00,16,0.0430184838998701,9,0,44686.0,12,0.5833,approved,0.5871,credit_score,Meets policy thresholds given DTI/LTV/score.,approve,Meets policy thresholds given DTI/LTV/score.
APP_0080,25,141992.0,18,84448.0,72,87989.0,land,0,669,6734.0,118594.0,4,bank,0.0474252070539182,0.959756333178,1.0419311292155995,0.0082602462735406,0.0399425367305674,USD,False,T19:19:50.280384+00:00,18,0.0474252070539182,8,0,84448.0,72,0.6591,approved,0.637,DTI,Meets policy thresholds given DTI/LTV/score.,approve,Meets policy thresholds given DTI/LTV/score.
APP_0081,33,115427.0,2,92434.0,60,37085.0,deposit,2,719,32577.0,44013.0,0,bank,0.2822303273930684,2.492490225158353,0.4012051842395612,0.0133466750989021,0.0,USD,False,T19:19:50.280384+00:00,2,0.2822303273930684,18,0,92434.0,60,0.5866,approved,0.568,credit_score,Meets policy thresholds given DTI/LTV/score.,approve,Meets policy thresholds given DTI/LTV/score.
APP_0082,57,42175.0,25,98967.0,60,8318.0,real_estate,1,494,43014.0,39320.0,1,bank,1.0198933017190035,11.897932195237807,0.0840482180928988,0.0391096621214575,0.0,USD,False,T19:19:50.280384+00:00,25,1.0198933017190035,13,0,98967.0,60,0.4202,denied,0.4446,credit_score,Fails one or more policy thresholds (DTI/LTV/history/amount).,denied,Fails one or more policy thresholds (DTI/LTV/history/amount).
APP_0083,32,144992.0,13,96011.0,36,63678.0,real_estate,1,478,9014.0,123015.0,2,bank,0.0621689472522617,1.50775778133733,0.6632365041505591,0.0183939267142195,0.0,USD,False,T19:19:50.280384+00:00,13,0.0621689472522617,17,0,96011.0,36,0.5162,approved,0.5654,credit_score,Meets policy thresholds given DTI/LTV/score.,approve,Meets policy thresholds given DTI/LTV/score.
APP_0084,56,144860.0,4,57817.0,60,29517.0,deposit,0,733,16019.0,245179.0,0,non-bank,0.1105826315062811,1.9587695226478992,0.5105245861943631,0.0066520548574527,0.0,USD,False,T19:19:50.280384+00:00,4,0.1105826315062811,19,0,57817.0,60,0.6282,approved,0.6214,DTI,Meets policy thresholds given DTI/LTV/score.,approve,Meets policy thresholds given DTI/LTV/score.
APP_0085,41,46174.0,24,24045.0,36,87637.0,car,0,674,17190.0,156549.0,1,non-bank,0.3722874344869327,0.2743704143227144,3.644707839467513,0.0144652113017737,1.3664604265130191,USD,False,T19:19:50.280384+00:00,24,0.3722874344869327,26,1,24045.0,36,0.7782,approved,0.7588,DTI,Meets policy thresholds given DTI/LTV/score.,approve,Meets policy thresholds given DTI/LTV/score.
APP_0086,31,125110.0,22,84711.0,12,173650.0,land,1,757,18037.0,149711.0,0,non-bank,0.144169131164574,0.4878260869565189,2.049910873440261,0.0564243465703115,0.8985461350161544,USD,False,T19:19:50.280384+00:00,22,0.144169131164574,9,0,84711.0,12,0.7903,approved,0.7818,DTI,Meets policy thresholds given DTI/LTV/score.,approve,Meets policy thresholds given DTI/LTV/score.
APP_0087,35,75839.0,1,81154.0,72,39213.0,car,0,798,12215.0,80891.0,4,bank,0.1610648874589569,2.0695687654603816,0.4831924489242614,0.0148622593767483,0.0,USD,False,T19:19:50.280384+00:00,1,0.1610648874589569,20,0,81154.0,72,0.6186,approved,0.5887,DTI,Meets policy thresholds given DTI/LTV/score.,approve,Meets policy thresholds given DTI/LTV/score.
APP_0088,44,99210.0,5,99080.0,24,8236.0,car,0,751,2763.0,173673.0,0,bank,0.0278500151194433,12.030111704709563,0.0831247476786426,0.0416120686741384,0.0,USD,False,T19:19:50.280384+00:00,5,0.0278500151194433,27,0,99080.0,24,0.6742,approved,0.666,DTI,Meets policy thresholds given DTI/LTV/score.,approve,Meets policy thresholds given DTI/LTV/score.
APP_0089,54,80648.0,0,66840.0,12,29330.0,deposit,0,815,26257.0,195041.0,0,non-bank,0.3255753397480368,2.278895329014583,0.4388090963494847,0.0690655688862186,0.0,USD,False,T19:19:50.280384+00:00,0,0.3255753397480368,13,0,66840.0,12,0.6091,approved,0.6218,DTI,Meets policy thresholds given DTI/LTV/score.,approve,Meets policy thresholds given DTI/LTV/score.
APP_0090,47,122828.0,8,18451.0,48,105568.0,real_estate,1,529,17868.0,294821.0,0,bank,0.1454717165467145,0.1747783419217928,5.721532708253985,0.0031295456518491,2.1155257408381334,USD,False,T19:19:50.280384+00:00,8,0.1454717165467145,7,0,18451.0,48,0.6596,approved,0.6572,DTI,Meets policy thresholds given DTI/LTV/score.,approve,Meets policy thresholds given DTI/LTV/score.
APP_0091,62,149582.0,2,52775.0,24,60768.0,deposit,0,517,17112.0,221530.0,0,non-bank,0.1143987912984175,0.8684669562927715,1.151454287067719,0.0147006881392259,0.1341280996902393,USD,False,T19:19:50.280384+00:00,2,0.1143987912984175,8,0,52775.0,24,0.5575,approved,0.5945,credit_score,Meets policy thresholds given DTI/LTV/score.,approve,Meets policy thresholds given DTI/LTV/score.
APP_0092,59,124389.0,21,47583.0,72,101984.0,deposit,1,476,13240.0,186091.0,2,bank,0.1064402800890745,0.4665731879510466,2.143286467856122,0.0053129697962907,1.021594735995495,USD,False,T19:19:50.280384+00:00,21,0.1064402800890745,10,0,47583.0,72,0.6407,approved,0.6452,DTI,Meets policy thresholds given DTI/LTV/score.,approve,Meets policy thresholds given DTI/LTV/score.
APP_0093,54,141421.0,15,85079.0,36,13615.0,land,1,429,46466.0,273922.0,1,bank,0.3285650645943648,6.248916636062707,0.1600277389249972,0.0167111359380141,0.0,USD,False,T19:19:50.280384+00:00,15,0.3285650645943648,18,0,85079.0,36,0.4685,approved,0.4829,credit_score,Meets policy thresholds given DTI/LTV/score.,approve,Meets policy thresholds given DTI/LTV/score.
APP_0094,47,143253.0,29,42294.0,12,71954.0,car,0,711,30524.0,133244.0,4,bank,0.2130775620754873,0.5877922005725799,1.7012815056508797,0.0246033241866227,0.5518541520981927,USD,False,T19:19:50.280384+00:00,29,0.2130775620754873,7,0,42294.0,12,0.7348,approved,0.7303,DTI,Meets policy thresholds given DTI/LTV/score.,approve,Meets policy thresholds given DTI/LTV/score.
APP_0095,33,36263.0,22,36216.0,72,86745.0,real_estate,1,692,20934.0,281135.0,1,bank,0.577282629677617,0.4174995676984216,2.395212060967462,0.0138708876814659,0.5897803734542544,USD,False,T19:19:50.280384+00:00,22,0.577282629677617,25,0,36216.0,72,0.7378,approved,0.7773,DTI,Meets policy thresholds given DTI/LTV/score.,approve,Meets policy thresholds given DTI/LTV/score.
APP_0096,39,56672.0,18,12604.0,48,90814.0,land,0,740,10269.0,117295.0,2,bank,0.1812005928853723,0.1387891734754538,7.205172960964201,0.0046333874457908,2.1154767424769907,USD,False,T19:19:50.280384+00:00,18,0.1812005928853723,10,0,12604.0,48,0.7934,approved,0.7568,DTI,Meets policy thresholds given DTI/LTV/score.,approve,Meets policy thresholds given DTI/LTV/score.
APP_0097,26,115232.0,15,84368.0,24,113822.0,car,0,392,40056.0,47055.0,3,bank,0.3476117745070783,0.7412275307058324,1.34911340792716,0.0305065722471781,0.2277574766934,USD,False,T19:19:50.280384+00:00,15,0.3476117745070783,1,1,84368.0,24,0.4716,approved,0.4625,credit_score,Meets policy thresholds given DTI/LTV/score.,approve,Meets policy thresholds given DTI/LTV/score.
APP_0098,37,98759.0,1,76756.0,60,157871.0,real_estate,0,570,44418.0,131109.0,3,non-bank,0.4497615407203348,0.4861944245618227,2.056790348637213,0.0129534185911697,0.5814866932157711,USD,False,T19:19:50.280384+00:00,1,0.4497615407203348,0,0,76756.0,60,0.5355,approved,0.5003,credit_score,Meets policy thresholds given DTI/LTV/score.,approve,Meets policy thresholds given DTI/LTV/score.
APP_0099,61,31268.0,2,8916.0,48,97708.0,car,2,422,1615.0,47342.0,3,non-bank,0.0516502494563115,0.0912514840135905,10.958725886046324,0.0059405782268173,2.585434285327976,USD,False,T19:19:50.280384+00:00,2,0.0516502494563115,0,0,8916.0,48,0.5693,approved,0.594,credit_score,Meets policy thresholds given DTI/LTV/score.,approve,Meets policy thresholds given DTI/LTV/score.
APP_0100,39,36881.0,18,46209.0,12,169511.0,deposit,0,791,46483.0,44335.0,1,bank,1.260350858165417,0.2726017780556998,3.668354649527069,0.1044101298684688,0.0,USD,False,T19:19:50.280384+00:00,18,1.260350858165417,18,0,46209.0,12,0.6734,approved,0.6989,DTI,Meets policy thresholds given DTI/LTV/score.,approve,Meets policy thresholds given DTI/LTV/score.
APP_0101,26,90068.0,0,50573.0,60,109709.0,car,0,447,34971.0,265550.0,2,bank,0.3882733046142871,0.4609740313009829,2.169319597413597,0.0093582996549193,0.7153040131755896,USD,False,T19:19:50.280384+00:00,0,0.3882733046142871,10,0,50573.0,60,0.5152,approved,0.4998,credit_score,Meets policy thresholds given DTI/LTV/score.,approve,Meets policy thresholds given DTI/LTV/score.
APP_0102,49,102020.0,1,49586.0,36,57986.0,real_estate,0,379,4991.0,240477.0,4,bank,0.0489217800431283,0.8551374469699435,1.1694026539748887,0.0135011653484671,0.1611151745984425,USD,False,T19:19:50.280384+00:00,1,0.0489217800431283,8,0,49586.0,36,0.4671,approved,0.5168,credit_score,Meets policy thresholds given DTI/LTV/score.,approve,Meets policy thresholds given DTI/LTV/score.
APP_0103,63,45964.0,6,92298.0,60,51971.0,land,0,613,37657.0,74151.0,4,non-bank,0.8192716038638758,1.7759519732157978,0.5630782898870987,0.0334674963008947,0.0,USD,False,T19:19:50.280384+00:00,6,0.8192716038638758,18,2,92298.0,60,0.4252,denied,0.4163,credit_score,Fails one or more policy thresholds (DTI/LTV/history/amount).,denied,Fails one or more policy thresholds (DTI/LTV/history/amount).
APP_0104,59,46411.0,26,19313.0,72,69918.0,real_estate,0,783,5370.0,252937.0,3,bank,0.11570532847816,0.2762235761892463,3.620255786257773,0.0057795805112447,1.920094904846948,USD,False,T19:19:50.280384+00:00,26,0.11570532847816,2,1,19313.0,72,0.7998,approved,0.7583,DTI,Meets policy thresholds given DTI/LTV/score.,approve,Meets policy thresholds given DTI/LTV/score.
APP_0105,33,41167.0,13,34102.0,48,122713.0,deposit,0,803,2543.0,29981.0,3,bank,0.0617727791677785,0.2779004669431903,3.5984106504016307,0.0172579574250859,2.032480314192406,USD,False,T19:19:50.280384+00:00,13,0.0617727791677785,16,0,34102.0,48,0.8187,approved,0.8102,DTI,Meets policy thresholds given DTI/LTV/score.,approve,Meets policy thresholds given DTI/LTV/score.
APP_0106,40,95618.0,21,22188.0,60,54556.0,deposit,0,352,5766.0,92475.0,4,bank,0.0603024535129362,0.4067013710682527,2.458806562105532,0.0038674726515282,1.370836947209856,USD,False,T19:19:50.280384+00:00,21,0.0603024535129362,18,0,22188.0,60,0.5988,approved,0.6096,credit_score,Meets policy thresholds given DTI/LTV/score.,approve,Meets policy thresholds given DTI/LTV/score.
APP_0107,44,25981.0,12,28188.0,24,183521.0,deposit,1,479,22991.0,214769.0,3,bank,0.8849159000807942,0.1535955013322717,6.510607350645434,0.045206112157,0.2922230996902263,USD,False,T19:19:50.280384+00:00,12,0.8849159000807942,0,0,28188.0,24,0.5019,approved,0.4949,credit_score,Meets policy thresholds given DTI/LTV/score.,approve,Meets policy thresholds given DTI/LTV/score.
APP_0108,31,96553.0,5,91174.0,24,100133.0,deposit,0,384,30978.0,98101.0,4,non-bank,0.3208393317659697,0.9105289964347326,1.098262662601168,0.039345402696015,0.0667361355946786,USD,False,T19:19:50.280384+00:00,5,0.3208393317659697,5,0,91174.0,24,0.4284,denied,0.4964,credit_score,Fails one or more policy thresholds (DTI/LTV/history/amount).,denied,Fails one or more policy thresholds (DTI/LTV/history/amount).
APP_0109,32,84491.0,11,94368.0,36,173748.0,real_estate,1,469,20366.0,221846.0,0,non-bank,0.2410434247434609,0.5431314317287075,1.8411749745676305,0.0310250006895466,0.6384152778893675,USD,False,T19:19:50.280384+00:00,11,0.2410434247434609,11,0,94368.0,36,0.5915,approved,0.6172,credit_score,Meets policy thresholds given DTI/LTV/score.,approve,Meets policy thresholds given DTI/LTV/score.
APP_0110,31,83248.0,2,9241.0,72,139185.0,real_estate,0,593,6098.0,263556.0,1,bank,0.0732510090332491,0.0663936487408839,15.061681636184929,0.0015417454139491,2.595656231968607,USD,False,T19:19:50.280384+00:00,2,0.0732510090332491,9,0,9241.0,72,0.6941,approved,0.7461,DTI,Meets policy thresholds given DTI/LTV/score.,approve,Meets policy thresholds given DTI/LTV/score.
APP_0111,64,109909.0,23,65048.0,48,72003.0,car,0,454,9958.0,29157.0,0,bank,0.0906022254774396,0.903406802494328,1.1069210429221328,0.0123298971570883,0.0972337584830453,USD,False,T19:19:50.280384+00:00,23,0.0906022254774396,28,1,65048.0,48,0.641,approved,0.6826,DTI,Meets policy thresholds given DTI/LTV/score.,approve,Meets policy thresholds given DTI/LTV/score.
APP_0112,53,90328.0,5,27120.0,36,51824.0,car,0,337,42619.0,16951.0,0,non-bank,0.4718249047914215,0.5233096634763715,1.910914454277216,0.0083399757916969,0.4811223286147683,USD,False,T19:19:50.280384+00:00,5,0.4718249047914215,13,0,27120.0,36,0.4782,approved,0.4276,credit_score,Meets policy thresholds given DTI/LTV/score.,approve,Meets policy thresholds given DTI/LTV/score.
APP_0113,57,115968.0,11,23293.0,60,150837.0,deposit,0,580,48131.0,282600.0,2,bank,0.4150369067328882,0.1544249753044667,6.475636457304492,0.0033476188833143,1.4838905461059406,USD,False,T19:19:50.280384+00:00,11,0.4150369067328882,19,1,23293.0,60,0.6695,approved,0.6581,DTI,Meets policy thresholds given DTI/LTV/score.,approve,Meets policy thresholds given DTI/LTV/score.
APP_0114,56,120490.0,29,32745.0,72,71501.0,land,2,329,37713.0,160932.0,1,bank,0.3129969292057406,0.4579656228584151,2.183570010688588,0.0037745179405788,0.8131162318430851,USD,False,T19:19:50.280384+00:00,29,0.3129969292057406,4,1,32745.0,72,0.5472,approved,0.4654,credit_score,Meets policy thresholds given DTI/LTV/score.,approve,Meets policy thresholds given DTI/LTV/score.
APP_0115,63,140014.0,17,23466.0,72,55398.0,land,0,424,5170.0,156877.0,2,non-bank,0.0369248789406771,0.4235892992526729,2.360777294809411,0.0023277434161022,1.3105307579334098,USD,False,T19:19:50.280384+00:00,17,0.0369248789406771,24,1,23466.0,72,0.6465,approved,0.6272,DTI,Meets policy thresholds given DTI/LTV/score.,approve,Meets policy thresholds given DTI/LTV/score.
APP_0116,25,124905.0,13,51568.0,24,186633.0,deposit,0,300,40990.0,144465.0,2,bank,0.3281694087506479,0.2763069767940274,3.6191630468506895,0.0172024071620601,1.458597334990499,USD,False,T19:19:50.280384+00:00,13,0.3281694087506479,6,0,51568.0,24,0.504,approved,0.5375,credit_score,Meets policy thresholds given DTI/LTV/score.,approve,Meets policy thresholds given DTI/LTV/score.
APP_0117,59,89713.0,16,99583.0,60,100664.0,land,0,347,34599.0,135747.0,3,bank,0.3856631703320546,0.9892613049352202,1.0108552664611328,0.0185002916705381,0.0066687899829453,USD,False,T19:19:50.280384+00:00,16,0.3856631703320546,23,0,99583.0,60,0.4823,approved,0.457,credit_score,Meets policy thresholds given DTI/LTV/score.,approve,Meets policy thresholds given DTI/LTV/score.
APP_0118,23,86519.0,23,60712.0,48,17325.0,car,1,539,26303.0,210136.0,4,bank,0.3040141471815404,3.504300144299942,0.2853636842798741,0.0146191395335934,0.0,USD,False,T19:19:50.280384+00:00,23,0.3040141471815404,14,0,60712.0,48,0.5231,approved,0.504,credit_score,Meets policy thresholds given DTI/LTV/score.,approve,Meets policy thresholds given DTI/LTV/score.
APP_0119,41,54463.0,7,73708.0,36,102995.0,car,0,767,7161.0,178126.0,4,bank,0.131483759616618,0.7156463906014785,1.39733814511313,0.0375933100341063,0.3450946319545827,USD,False,T19:19:50.280384+00:00,7,0.131483759616618,12,1,73708.0,36,0.6929,approved,0.7027,DTI,Meets policy thresholds given DTI/LTV/score.,approve,Meets policy thresholds given DTI/LTV/score.
APP_0120,47,99949.0,19,51862.0,36,96467.0,land,0,726,49833.0,57383.0,1,bank,0.4985842779817657,0.5376138990535567,1.8600709575411312,0.0144134619763187,0.4312531001624153,USD,False,T19:19:50.280384+00:00,19,0.4985842779817657,14,0,51862.0,36,0.7129,approved,0.7365,DTI,Meets policy thresholds given DTI/LTV/score.,approve,Meets policy thresholds given DTI/LTV/score.
APP_0121,36,42391.0,26,6321.0,12,173881.0,real_estate,1,354,22130.0,191725.0,1,bank,0.522044773654773,0.0363524479385324,27.508463850652188,0.0124259866470734,1.381741151587688,USD,False,T19:19:50.280384+00:00,26,0.522044773654773,16,0,6321.0,12,0.6089,approved,0.5982,DTI,Meets policy thresholds given DTI/LTV/score.,approve,Meets policy thresholds given DTI/LTV/score.
APP_0122,27,141404.0,17,12990.0,24,144619.0,land,1,319,2208.0,203815.0,3,bank,0.0156148340923876,0.0898222225295425,11.13310238645026,0.0038276852138372,2.6878965074420345,USD,False,T19:19:50.280384+00:00,17,0.0156148340923876,7,0,12990.0,24,0.5909,approved,0.5833,credit_score,Meets policy thresholds given DTI/LTV/score.,approve,Meets policy thresholds given DTI/LTV/score.
APP_0123,29,130630.0,13,30542.0,48,44740.0,land,2,485,10498.0,42944.0,0,non-bank,0.0803643879660102,0.6826553419758453,1.4648680505532885,0.0048709459286029,0.4275092141856716,USD,False,T19:19:50.280384+00:00,13,0.0803643879660102,3,0,30542.0,48,0.5918,approved,0.6161,credit_score,Meets policy thresholds given DTI/LTV/score.,approve,Meets policy thresholds given DTI/LTV/score.
APP_0124,57,39966.0,4,28148.0,72,36887.0,land,0,658,20063.0,119252.0,2,bank,0.5020017014462168,0.7630872665166384,1.3104661077163098,0.0097819257478608,0.154611593401369,USD,False,T19:19:50.280384+00:00,4,0.5020017014462168,8,1,28148.0,72,0.5707,approved,0.5783,credit_score,Meets policy thresholds given DTI/LTV/score.,approve,Meets policy thresholds given DTI/LTV/score.
APP_0125,35,123244.0,7,84855.0,72,123890.0,land,0,710,3116.0,239247.0,2,non-bank,0.0252831780857483,0.6849221083218929,1.46002003417593,0.0095626697173922,0.4483892657288671,USD,False,T19:19:50.280384+00:00,7,0.0252831780857483,29,0,84855.0,72,0.7495,approved,0.7409,DTI,Meets policy thresholds given DTI/LTV/score.,approve,Meets policy thresholds given DTI/LTV/score.
APP_0126,34,39637.0,28,85140.0,24,17095.0,deposit,0,752,16196.0,189427.0,0,bank,0.4086081186769834,4.980403626791168,0.2007869391590298,0.089499709863312,0.0,USD,False,T19:19:50.280384+00:00,28,0.4086081186769834,8,0,85140.0,24,0.6448,approved,0.6543,DTI,Meets policy thresholds given DTI/LTV/score.,approve,Meets policy thresholds given DTI/LTV/score.
APP_0127,61,115153.0,16,86141.0,60,69251.0,deposit,1,488,23420.0,49547.0,3,bank,0.2033815879742585,1.2438953950123284,0.8039261211269801,0.01246761554896,0.0,USD,False,T19:19:50.280384+00:00,16,0.2033815879742585,20,0,86141.0,60,0.5423,approved,0.5446,credit_score,Meets policy thresholds given DTI/LTV/score.,approve,Meets policy thresholds given DTI/LTV/score.
APP_0128,27,35963.0,9,65570.0,12,34535.0,land,0,392,47432.0,21627.0,1,non-bank,1.318911103078127,1.8986535398870164,0.5266890346194826,0.1519385664769671,0.0,USD,False,T19:19:50.280384+00:00,9,1.318911103078127,7,0,65570.0,12,0.2551,denied,0.2627,credit_score,Fails one or more policy thresholds (DTI/LTV/history/amount).,denied,Fails one or more policy thresholds (DTI/LTV/history/amount).
APP_0129,61,86024.0,12,57836.0,60,11947.0,car,1,314,4318.0,178551.0,0,non-bank,0.0501952943364636,4.841047961831017,0.2065668441800918,0.0112054000432118,0.0,USD,False,T19:19:50.280384+00:00,12,0.0501952943364636,25,0,57836.0,60,0.4664,approved,0.5265,credit_score,Meets policy thresholds given DTI/LTV/score.,approve,Meets policy thresholds given DTI/LTV/score.
APP_0130,61,107232.0,17,66669.0,36,184414.0,real_estate,0,380,28843.0,143900.0,3,bank,0.2689775440167089,0.361518106000627,2.766113186038447,0.0172701867596912,1.2910683988023155,USD,False,T19:19:50.280384+00:00,17,0.2689775440167089,14,0,66669.0,36,0.5709,approved,0.5617,credit_score,Meets policy thresholds given DTI/LTV/score.,approve,Meets policy thresholds given DTI/LTV/score.
APP_0131,47,116101.0,16,43646.0,36,25245.0,deposit,0,335,45788.0,288704.0,0,non-bank,0.3943807546877254,1.728896811249684,0.5784035192228251,0.0104425361440056,0.0,USD,False,T19:19:50.280384+00:00,16,0.3943807546877254,17,0,43646.0,36,0.4186,denied,0.4024,credit_score,Fails one or more policy thresholds (DTI/LTV/history/amount).,denied,Fails one or more policy thresholds (DTI/LTV/history/amount).
APP_0132,28,77326.0,20,68669.0,60,9777.0,deposit,1,773,40309.0,161452.0,3,bank,0.5212865013061516,7.023524598546893,0.1423786570359239,0.0148007569680863,0.0,USD,False,T19:19:50.280384+00:00,20,0.5212865013061516,6,0,68669.0,60,0.586,approved,0.6284,credit_score,Meets policy thresholds given DTI/LTV/score.,approve,Meets policy thresholds given DTI/LTV/score.
APP_0133,27,140202.0,7,80472.0,36,187115.0,land,0,447,46247.0,280131.0,0,bank,0.3298597737550083,0.430067071052559,2.3252187096132526,0.0159436622392777,0.888082365884333,USD,False,T19:19:50.280384+00:00,7,0.3298597737550083,18,0,80472.0,36,0.5862,approved,0.565,credit_score,Meets policy thresholds given DTI/LTV/score.,approve,Meets policy thresholds given DTI/LTV/score.
APP_0134,33,121790.0,19,77475.0,60,44157.0,deposit,1,752,8517.0,72154.0,2,bank,0.0699318499055745,1.754534954820261,0.5699515972894408,0.0106022661957342,0.0,USD,False,T19:19:50.280384+00:00,19,0.0699318499055745,14,0,77475.0,60,0.6665,approved,0.7181,DTI,Meets policy thresholds given DTI/LTV/score.,approve,Meets policy thresholds given DTI/LTV/score.
APP_0135,46,51033.0,13,63313.0,48,164779.0,deposit,0,604,40067.0,139727.0,4,bank,0.7851194325240377,0.3842297865626058,2.6026092587619827,0.0258464294340099,0.3443695869650108,USD,False,T19:19:50.280384+00:00,13,0.7851194325240377,21,0,63313.0,48,0.6048,approved,0.599,DTI,Meets policy thresholds given DTI/LTV/score.,approve,Meets policy thresholds given DTI/LTV/score.
APP_0136,27,108903.0,28,10520.0,72,14006.0,deposit,0,596,48931.0,50490.0,1,non-bank,0.4493080998686863,0.751106668570559,1.331368821292649,0.0013416628661201,0.1824821258420143,USD,False,T19:19:50.280384+00:00,28,0.4493080998686863,7,1,10520.0,72,0.6327,approved,0.6349,DTI,Meets policy thresholds given DTI/LTV/score.,approve,Meets policy thresholds given DTI/LTV/score.
APP_0137,41,116316.0,4,73870.0,48,37482.0,land,0,550,16301.0,176526.0,3,bank,0.1401440902369395,1.9708126567418505,0.5074049005008731,0.0132308395517491,0.0,USD,False,T19:19:50.280384+00:00,4,0.1401440902369395,18,0,73870.0,48,0.5071,approved,0.5291,credit_score,Meets policy thresholds given DTI/LTV/score.,approve,Meets policy thresholds given DTI/LTV/score.
APP_0138,26,66704.0,4,39827.0,24,29240.0,real_estate,0,750,24931.0,64657.0,3,bank,0.3737556968097809,1.362072503419926,0.7341753082079813,0.024877943350686,0.0,USD,False,T19:19:50.280384+00:00,4,0.3737556968097809,25,1,39827.0,24,0.6028,approved,0.6392,credit_score,Meets policy thresholds given DTI/LTV/score.,approve,Meets policy thresholds given DTI/LTV/score.
APP_0139,44,117278.0,13,75648.0,60,143602.0,real_estate,0,323,26542.0,152756.0,4,bank,0.2263169562918857,0.526789320482998,1.8982920896784856,0.0107505243948479,0.6949933580813888,USD,False,T19:19:50.280384+00:00,13,0.2263169562918857,14,0,75648.0,60,0.508,approved,0.5379,credit_score,Meets policy thresholds given DTI/LTV/score.,approve,Meets policy thresholds given DTI/LTV/score.
APP_0140,21,137295.0,15,56255.0,36,127068.0,real_estate,0,351,24683.0,109800.0,0,non-bank,0.179780764048216,0.4427157112727009,2.258785885699009,0.0113816154182269,1.0324803973949517,USD,False,T19:19:50.280384+00:00,15,0.179780764048216,5,0,56255.0,36,0.5498,approved,0.5437,credit_score,Meets policy thresholds given DTI/LTV/score.,approve,Meets policy thresholds given DTI/LTV/score.
APP_0141,52,127139.0,20,88712.0,48,99296.0,car,0,532,14489.0,63861.0,3,bank,0.1139618842369366,0.8934096036094012,1.1193074217693082,0.0145365833192659,0.1057109231810459,USD,False,T19:19:50.280384+00:00,20,0.1139618842369366,2,0,88712.0,48,0.5852,approved,0.5742,credit_score,Meets policy thresholds given DTI/LTV/score.,approve,Meets policy thresholds given DTI/LTV/score.
APP_0142,23,120316.0,12,37153.0,12,54394.0,land,0,516,48544.0,38074.0,4,bank,0.4034708600684829,0.6830348935544236,1.464054046779494,0.0257329310571769,0.2768217614071385,USD,False,T19:19:50.280384+00:00,12,0.4034708600684829,25,0,37153.0,12,0.5875,approved,0.5979,credit_score,Meets policy thresholds given DTI/LTV/score.,approve,Meets policy thresholds given DTI/LTV/score.
APP_0143,29,104312.0,27,93482.0,12,25061.0,car,0,600,47824.0,158495.0,3,bank,0.4584707416212855,3.730178364789764,0.268083695256838,0.0746814044982112,0.0,USD,False,T19:19:50.280384+00:00,27,0.4584707416212855,15,0,93482.0,12,0.5545,approved,0.5585,credit_score,Meets policy thresholds given DTI/LTV/score.,approve,Meets policy thresholds given DTI/LTV/score.
APP_0144,28,58816.0,14,85225.0,48,117288.0,real_estate,0,705,19036.0,284722.0,0,bank,0.3236534276387323,0.7266301752949941,1.376215899090626,0.0301877181939661,0.2544523338177714,USD,False,T19:19:50.280384+00:00,14,0.3236534276387323,5,0,85225.0,48,0.6715,approved,0.6522,DTI,Meets policy thresholds given DTI/LTV/score.,approve,Meets policy thresholds given DTI/LTV/score.
APP_0145,57,124402.0,3,36455.0,24,52297.0,real_estate,0,623,40264.0,67636.0,4,bank,0.3236603913120341,0.6970763141289043,1.434563160060309,0.0122100796873846,0.2939122776254267,USD,False,T19:19:50.280384+00:00,3,0.3236603913120341,8,0,36455.0,24,0.5767,approved,0.589,credit_score,Meets policy thresholds given DTI/LTV/score.,approve,Meets policy thresholds given DTI/LTV/score.
APP_0146,23,70524.0,3,50844.0,72,121317.0,deposit,0,441,19876.0,127448.0,0,non-bank,0.2818331348193482,0.4191003734019105,2.38606325230111,0.0100131397347973,0.9954247008472068,USD,False,T19:19:50.280384+00:00,3,0.2818331348193482,22,0,50844.0,72,0.5888,approved,0.6186,credit_score,Meets policy thresholds given DTI/LTV/score.,approve,Meets policy thresholds given DTI/LTV/score.
APP_0147,39,91524.0,29,55478.0,72,139993.0,deposit,0,480,39740.0,75135.0,2,bank,0.434203050565967,0.3962912431335824,2.5233966617397434,0.0084188603838017,0.8619331839903503,USD,False,T19:19:50.280384+00:00,29,0.434203050565967,11,0,55478.0,72,0.6324,approved,0.6374,DTI,Meets policy thresholds given DTI/LTV/score.,approve,Meets policy thresholds given DTI/LTV/score.
APP_0148,47,64304.0,4,78019.0,60,171091.0,car,1,713,29237.0,244601.0,2,bank,0.454668449863143,0.456008790643573,2.1929401812378755,0.0202213962839788,0.6505479182550039,USD,False,T19:19:50.280384+00:00,4,0.454668449863143,18,0,78019.0,60,0.6762,approved,0.7231,DTI,Meets policy thresholds given DTI/LTV/score.,approve,Meets policy thresholds given DTI/LTV/score.
APP_0149,43,64127.0,28,70469.0,60,102845.0,deposit,1,410,23508.0,130321.0,2,bank,0.3665850577759701,0.685196168992166,1.459436064084896,0.018314958337576,0.2910136679879853,USD,False,T19:19:50.280384+00:00,28,0.3665850577759701,24,0,70469.0,60,0.6033,approved,0.6157,DTI,Meets policy thresholds given DTI/LTV/score.,approve,Meets policy thresholds given DTI/LTV/score.
APP_0150,50,44701.0,8,85941.0,48,8910.0,land,0,577,6402.0,292580.0,2,non-bank,0.1432182725218643,9.645454545453465,0.1036757775683305,0.0400536341460517,0.0,USD,False,T19:19:50.280384+00:00,8,0.1432182725218643,6,0,85941.0,48,0.5087,approved,0.504,credit_score,Meets policy thresholds given DTI/LTV/score.,approve,Meets policy thresholds given DTI/LTV/score.
APP_0151,56,145162.0,2,40137.0,12,61888.0,deposit,0,596,32729.0,81098.0,0,bank,0.2254653421694367,0.648542528438459,1.5419189276726826,0.023041498461865,0.4197349912168986,USD,False,T19:19:50.280384+00:00,2,0.2254653421694367,25,1,40137.0,12,0.6461,approved,0.6491,DTI,Meets policy thresholds given DTI/LTV/score.,approve,Meets policy thresholds given DTI/LTV/score.
APP_0152,38,43472.0,9,52955.0,36,171846.0,deposit,0,712,16054.0,33413.0,2,bank,0.3692951785056964,0.3081538121341183,3.245132659805434,0.0338372336718192,1.309052179258396,USD,False,T19:19:50.280384+00:00,9,0.3692951785056964,22,2,52955.0,36,0.7193,approved,0.7025,DTI,Meets policy thresholds given DTI/LTV/score.,approve,Meets policy thresholds given DTI/LTV/score.
APP_0153,57,35782.0,18,45932.0,36,110384.0,land,0,692,10842.0,178930.0,4,non-bank,0.3030015091386646,0.4161110305841388,2.4032047374379,0.0356572826799343,0.9780315843637138,USD,False,T19:19:50.280384+00:00,18,0.3030015091386646,10,0,45932.0,36,0.7039,approved,0.6729,DTI,Meets policy thresholds given DTI/LTV/score.,approve,Meets policy thresholds given DTI/LTV/score.
APP_0154,34,142015.0,12,91407.0,72,126870.0,car,0,555,9660.0,198984.0,2,bank,0.0680209836989045,0.720477654291789,1.3879680987232772,0.0089394899598565,0.3615781270043439,USD,False,T19:19:50.280384+00:00,12,0.0680209836989045,7,0,91407.0,72,0.6181,approved,0.6323,DTI,Meets policy thresholds given DTI/LTV/score.,approve,Meets policy thresholds given DTI/LTV/score.
APP_0155,64,94376.0,23,33973.0,24,95902.0,land,0,470,49093.0,297314.0,1,non-bank,0.520185216580481,0.3542470438572672,2.822888764607105,0.0149989580678103,0.8746489777878518,USD,False,T19:19:50.280384+00:00,23,0.520185216580481,10,0,33973.0,24,0.6041,approved,0.5785,DTI,Meets policy thresholds given DTI/LTV/score.,approve,Meets policy thresholds given DTI/LTV/score.
APP_0156,43,79738.0,18,60776.0,36,39246.0,car,0,502,5164.0,262708.0,4,bank,0.0647620958639536,1.548590939203956,0.645748321705926,0.0211721164585932,0.0,USD,False,T19:19:50.280384+00:00,18,0.0647620958639536,2,0,60776.0,36,0.4907,approved,0.4799,credit_score,Meets policy thresholds given DTI/LTV/score.,approve,Meets policy thresholds given DTI/LTV/score.
APP_0157,53,117186.0,12,16415.0,36,180167.0,car,1,526,39926.0,266409.0,0,non-bank,0.3407062277063784,0.091109914690259,10.97575388364234,0.0038910127678182,1.797676718832392,USD,False,T19:19:50.280384+00:00,12,0.3407062277063784,12,0,16415.0,36,0.6662,approved,0.6635,DTI,Meets policy thresholds given DTI/LTV/score.,approve,Meets policy thresholds given DTI/LTV/score.
APP_0158,59,72914.0,19,85776.0,12,156403.0,land,0,420,43307.0,193927.0,2,bank,0.5939462928929891,0.5484293779531049,1.823388826711413,0.0980332994953539,0.3343400854766688,USD,False,T19:19:50.280384+00:00,19,0.5939462928929891,18,1,85776.0,12,0.5385,approved,0.5501,credit_score,Meets policy thresholds given DTI/LTV/score.,approve,Meets policy thresholds given DTI/LTV/score.
APP_0159,55,40990.0,29,41500.0,12,199075.0,land,0,643,1552.0,114346.0,2,bank,0.0378628933886304,0.2084641466783865,4.796987951807114,0.0843701715795329,2.284698047082056,USD,False,T19:19:50.280384+00:00,29,0.0378628933886304,23,1,41500.0,12,0.821,approved,0.8349,DTI,Meets policy thresholds given DTI/LTV/score.,approve,Meets policy thresholds given DTI/LTV/score.
APP_0160,58,116210.0,12,37356.0,36,172254.0,land,1,414,29466.0,134417.0,2,bank,0.2535582135788636,0.2168657912152971,4.611146803726186,0.0089292373000415,1.7536922934382702,USD,False,T19:19:50.280384+00:00,12,0.2535582135788636,16,0,37356.0,36,0.6035,approved,0.6051,DTI,Meets policy thresholds given DTI/LTV/score.,approve,Meets policy thresholds given DTI/LTV/score.
APP_0161,44,46999.0,4,60377.0,12,63897.0,car,2,656,28870.0,48786.0,4,non-bank,0.614268388689108,0.9449113416905184,1.0583003461582878,0.1070536961690094,0.0224882864636315,USD,False,T19:19:50.280384+00:00,4,0.614268388689108,3,0,60377.0,12,0.5111,approved,0.4531,credit_score,Meets policy thresholds given DTI/LTV/score.,approve,Meets policy thresholds given DTI/LTV/score.
APP_0162,22,94124.0,12,52387.0,12,56818.0,car,0,713,17933.0,135012.0,2,bank,0.1905252645446412,0.9220141504452652,1.084582052799338,0.0463811921823285,0.0684670348140449,USD,False,T19:19:50.280384+00:00,12,0.1905252645446412,19,1,52387.0,12,0.6813,approved,0.6751,DTI,Meets policy thresholds given DTI/LTV/score.,approve,Meets policy thresholds given DTI/LTV/score.
APP_0163,42,143633.0,25,85557.0,36,55707.0,real_estate,0,829,33335.0,115687.0,4,non-bank,0.232084548815382,1.53583930206255,0.6511097864581431,0.0165462208076646,0.0,USD,False,T19:19:50.280384+00:00,25,0.232084548815382,2,0,85557.0,36,0.6559,approved,0.6327,DTI,Meets policy thresholds given DTI/LTV/score.,approve,Meets policy thresholds given DTI/LTV/score.
APP_0164,28,142017.0,6,55484.0,24,184408.0,land,0,365,20433.0,20410.0,0,non-bank,0.143877141468978,0.3008763177302487,3.3236248287794083,0.0162785675886477,1.7956072959945404,USD,False,T19:19:50.280384+00:00,6,0.143877141468978,5,0,55484.0,24,0.5492,approved,0.5459,credit_score,Meets policy thresholds given DTI/LTV/score.,approve,Meets policy thresholds given DTI/LTV/score.
APP_0165,60,70097.0,28,54114.0,48,114931.0,land,0,717,21984.0,69295.0,3,bank,0.3136225516070543,0.4708390251542189,2.1238681302435207,0.0160830706018302,0.771397739566717,USD,False,T19:19:50.280384+00:00,28,0.3136225516070543,28,1,54114.0,48,0.7898,approved,0.8195,DTI,Meets policy thresholds given DTI/LTV/score.,approve,Meets policy thresholds given DTI/LTV/score.
APP_0166,31,122537.0,17,14973.0,12,95255.0,deposit,2,347,21575.0,165034.0,2,bank,0.1760692688738897,0.1571885990236716,6.361784545514836,0.0101826387123563,2.0832546414235424,USD,False,T19:19:50.280384+00:00,17,0.1760692688738897,7,0,14973.0,12,0.5806,approved,0.6047,credit_score,Meets policy thresholds given DTI/LTV/score.,approve,Meets policy thresholds given DTI/LTV/score.
APP_0167,31,101584.0,18,7084.0,24,193906.0,land,0,485,40033.0,117109.0,1,bank,0.394087651598673,0.0365331655544437,27.372388481080268,0.0029056413082214,1.7513293567970982,USD,False,T19:19:50.280384+00:00,18,0.394087651598673,17,0,7084.0,24,0.6703,approved,0.6769,DTI,Meets policy thresholds given DTI/LTV/score.,approve,Meets policy thresholds given DTI/LTV/score.
APP_0168,31,84921.0,9,42862.0,36,123857.0,car,0,396,31657.0,298127.0,1,bank,0.372781761872795,0.3460603760788623,2.889669170827239,0.0140202200995987,1.1852349679695768,USD,False,T19:19:50.280384+00:00,9,0.372781761872795,20,2,42862.0,36,0.555,approved,0.5702,credit_score,Meets policy thresholds given DTI/LTV/score.,approve,Meets policy thresholds given DTI/LTV/score.
APP_0169,49,42491.0,27,99829.0,72,182610.0,real_estate,0,389,18952.0,148773.0,3,bank,0.4460238638770458,0.5466787141996575,1.829227979845517,0.0326307662533148,0.4593725122398712,USD,False,T19:19:50.280384+00:00,27,0.4460238638770458,24,0,99829.0,72,0.5873,approved,0.5426,credit_score,Meets policy thresholds given DTI/LTV/score.,approve,Meets policy thresholds given DTI/LTV/score.
APP_0170,46,72044.0,1,92147.0,48,197052.0,real_estate,0,396,46338.0,288025.0,3,bank,0.6431902726111731,0.4676278342772442,2.1384526897240046,0.026646621045842,0.4062109938655045,USD,False,T19:19:50.280384+00:00,1,0.6431902726111731,2,0,92147.0,48,0.4261,denied,0.4319,credit_score,Fails one or more policy thresholds (DTI/LTV/history/amount).,denied,Fails one or more policy thresholds (DTI/LTV/history/amount).
APP_0171,62,106489.0,8,64753.0,72,23253.0,car,1,324,40102.0,201606.0,3,non-bank,0.3765834968869989,2.784715950629906,0.3591030531403895,0.0084454471561355,0.0,USD,False,T19:19:50.280384+00:00,8,0.3765834968869989,25,0,64753.0,72,0.3893,denied,0.4081,credit_score,Fails one or more policy thresholds (DTI/LTV/history/amount).,denied,Fails one or more policy thresholds (DTI/LTV/history/amount).
APP_0172,39,148328.0,12,64929.0,36,77414.0,car,0,752,46638.0,21715.0,0,bank,0.3144247883069932,0.8387242617614277,1.1922869596020085,0.0121594259565504,0.131827173034971,USD,False,T19:19:50.280384+00:00,12,0.3144247883069932,26,1,64929.0,36,0.7257,approved,0.7045,DTI,Meets policy thresholds given DTI/LTV/score.,approve,Meets policy thresholds given DTI/LTV/score.
APP_0173,33,25611.0,14,42192.0,36,148954.0,car,0,333,36525.0,68999.0,2,non-bank,1.426145015813462,0.2832552331592284,3.5303849070913085,0.0457615868168911,0.0,USD,False,T19:19:50.280384+00:00,14,1.426145015813462,20,0,42192.0,36,0.3996,denied,0.4118,credit_score,Fails one or more policy thresholds (DTI/LTV/history/amount).,denied,Fails one or more policy thresholds (DTI/LTV/history/amount).
APP_0174,23,114720.0,14,21863.0,36,164126.0,car,1,519,19574.0,214681.0,4,bank,0.1706241283124113,0.1332086323921857,7.507020994373713,0.0052938071438169,2.156687538243024,USD,False,T19:19:50.280384+00:00,14,0.1706241283124113,12,1,21863.0,36,0.6541,approved,0.6427,DTI,Meets policy thresholds given DTI/LTV/score.,approve,Meets policy thresholds given DTI/LTV/score.
APP_0175,21,130792.0,4,5811.0,72,36509.0,deposit,1,684,38647.0,168084.0,0,non-bank,0.2954844332986704,0.1591662329836435,6.282739631731839,0.0006170739290798,1.7771414336134264,USD,False,T19:19:50.280384+00:00,4,0.2954844332986704,8,0,5811.0,72,0.7077,approved,0.7377,DTI,Meets policy thresholds given DTI/LTV/score.,approve,Meets policy thresholds given DTI/LTV/score.
APP_0176,37,143899.0,6,37191.0,72,69132.0,real_estate,0,844,16463.0,97511.0,2,non-bank,0.1144066324296894,0.5379708383961039,1.8588368153585049,0.0035896126217658,0.7605801875067357,USD,False,T19:19:50.280384+00:00,6,0.1144066324296894,18,0,37191.0,72,0.7896,approved,0.8229,DTI,Meets policy thresholds given DTI/LTV/score.,approve,Meets policy thresholds given DTI/LTV/score.
APP_0177,61,77975.0,2,35064.0,72,113249.0,car,0,769,13546.0,161404.0,2,bank,0.1737223469060574,0.3096186279790522,3.2297798311657764,0.0062455915356618,1.7113400994397343,USD,False,T19:19:50.280384+00:00,2,0.1737223469060574,20,0,35064.0,72,0.7621,approved,0.7461,DTI,Meets policy thresholds given DTI/LTV/score.,approve,Meets policy thresholds given DTI/LTV/score.
APP_0178,44,39809.0,17,23202.0,60,161448.0,real_estate,0,375,22552.0,271866.0,4,bank,0.5665050616694576,0.1437119072394818,6.958365658132619,0.0097138837949595,1.113589661893196,USD,False,T19:19:50.280384+00:00,17,0.5665050616694576,9,0,23202.0,60,0.5305,approved,0.5744,credit_score,Meets policy thresholds given DTI/LTV/score.,approve,Meets policy thresholds given DTI/LTV/score.
APP_0179,60,58870.0,10,29620.0,48,29689.0,car,0,843,48465.0,122725.0,1,bank,0.8232546288431999,0.9976759069015124,1.0023295070897704,0.0104821357791823,0.0004117295952057,USD,False,T19:19:50.280384+00:00,10,0.8232546288431999,20,0,29620.0,48,0.6556,approved,0.6499,DTI,Meets policy thresholds given DTI/LTV/score.,approve,Meets policy thresholds given DTI/LTV/score.
APP_0180,25,131316.0,16,7358.0,48,123340.0,land,0,659,28396.0,23083.0,2,bank,0.2162417374881947,0.0596562347981185,16.762707257404625,0.0011673494978789,2.211006586735307,USD,False,T19:19:50.280384+00:00,16,0.2162417374881947,5,0,7358.0,48,0.7366,approved,0.7984,DTI,Meets policy thresholds given DTI/LTV/score.,approve,Meets policy thresholds given DTI/LTV/score.
APP_0181,25,134741.0,17,62756.0,72,64917.0,real_estate,0,398,19184.0,100178.0,3,bank,0.1423768563391978,0.9667113390945212,1.034434954426652,0.0064687890923994,0.0295322138672285,USD,False,T19:19:50.280384+00:00,17,0.1423768563391978,7,0,62756.0,72,0.5073,approved,0.4926,credit_score,Meets policy thresholds given DTI/LTV/score.,approve,Meets policy thresholds given DTI/LTV/score.
APP_0182,57,104634.0,21,93108.0,24,49540.0,car,1,546,23090.0,281403.0,0,bank,0.2206739683085782,1.8794509487282625,0.5320702839712964,0.0370768583810072,0.0,USD,False,T19:19:50.280384+00:00,21,0.2206739683085782,0,0,93108.0,24,0.5229,approved,0.5248,credit_score,Meets policy thresholds given DTI/LTV/score.,approve,Meets policy thresholds given DTI/LTV/score.
APP_0183,25,40342.0,16,70625.0,36,106956.0,real_estate,1,804,14560.0,230915.0,4,bank,0.3609141837291071,0.6603182617150916,1.5144212389380316,0.0486293578776712,0.328759317393811,USD,False,T19:19:50.280384+00:00,16,0.3609141837291071,8,0,70625.0,36,0.7111,approved,0.7175,DTI,Meets policy thresholds given DTI/LTV/score.,approve,Meets policy thresholds given DTI/LTV/score.
APP_0184,23,40240.0,19,47579.0,72,87493.0,deposit,1,516,32937.0,252867.0,4,bank,0.8185139165009737,0.5438035042803362,1.838899514491649,0.0164219543845738,0.1522485873343299,USD,False,T19:19:50.280384+00:00,19,0.8185139165009737,6,0,47579.0,72,0.516,approved,0.4935,credit_score,Meets policy thresholds given DTI/LTV/score.,approve,Meets policy thresholds given DTI/LTV/score.
APP_0185,38,84771.0,17,44925.0,36,130056.0,land,2,401,17521.0,274365.0,3,bank,0.2066862488350944,0.3454281232699733,2.8949582637728906,0.0147210327427066,1.503296448534632,USD,False,T19:19:50.280384+00:00,17,0.2066862488350944,24,1,44925.0,36,0.6123,approved,0.5606,DTI,Meets policy thresholds given DTI/LTV/score.,approve,Meets policy thresholds given DTI/LTV/score.
APP_0186,61,98532.0,19,34215.0,24,68986.0,real_estate,1,781,27719.0,44076.0,3,bank,0.2813197742865233,0.4959701968515279,2.0162501826683616,0.014468649778149,0.7303589106614914,USD,False,T19:19:50.280384+00:00,19,0.2813197742865233,26,0,34215.0,24,0.7958,approved,0.7718,DTI,Meets policy thresholds given DTI/LTV/score.,approve,Meets policy thresholds given DTI/LTV/score.
APP_0187,51,29047.0,18,18528.0,48,166068.0,real_estate,1,824,18490.0,91975.0,3,bank,0.6365545495231646,0.1115687549678438,8.96308290155392,0.0132888077939871,0.9686888822052232,USD,False,T19:19:50.280384+00:00,18,0.6365545495231646,26,0,18528.0,48,0.8083,approved,0.8407,DTI,Meets policy thresholds given DTI/LTV/score.,approve,Meets policy thresholds given DTI/LTV/score.
APP_0188,25,110762.0,9,61855.0,24,22996.0,real_estate,1,836,16035.0,27349.0,3,non-bank,0.1447698669218672,2.689815620107728,0.3717726942041812,0.0232687353655518,0.0,USD,False,T19:19:50.280384+00:00,9,0.1447698669218672,29,1,61855.0,24,0.691,approved,0.6811,DTI,Meets policy thresholds given DTI/LTV/score.,approve,Meets policy thresholds given DTI/LTV/score.
APP_0189,57,93063.0,7,58819.0,72,173480.0,car,0,825,48511.0,11373.0,4,bank,0.5212705371629914,0.3390534931980612,2.9493871028068663,0.0087782529635214,0.9332290405881344,USD,False,T19:19:50.280384+00:00,7,0.5212705371629914,18,0,58819.0,72,0.7335,approved,0.7237,DTI,Meets policy thresholds given DTI/LTV/score.,approve,Meets policy thresholds given DTI/LTV/score.
APP_0190,58,26537.0,23,5694.0,72,13728.0,deposit,0,780,17286.0,252065.0,2,non-bank,0.6513923955232072,0.414772727272697,2.410958904109165,0.0029801158130998,0.4918710035767836,USD,False,T19:19:50.280384+00:00,23,0.6513923955232072,13,0,5694.0,72,0.7364,approved,0.7819,DTI,Meets policy thresholds given DTI/LTV/score.,approve,Meets policy thresholds given DTI/LTV/score.
APP_0191,56,36959.0,10,44474.0,24,149291.0,land,0,549,3526.0,281714.0,2,bank,0.0954030141508131,0.297901414016918,3.3568152178800346,0.0501388926447163,1.905348793947816,USD,False,T19:19:50.280384+00:00,10,0.0954030141508131,17,0,44474.0,24,0.6817,approved,0.6965,DTI,Meets policy thresholds given DTI/LTV/score.,approve,Meets policy thresholds given DTI/LTV/score.
APP_0192,60,81789.0,16,31412.0,48,74523.0,deposit,0,405,18929.0,55169.0,3,non-bank,0.2314369903043168,0.4215074540745753,2.372437285113893,0.0080012797155243,1.0548045304657412,USD,False,T19:19:50.280384+00:00,16,0.2314369903043168,11,0,31412.0,48,0.5706,approved,0.5917,credit_score,Meets policy thresholds given DTI/LTV/score.,approve,Meets policy thresholds given DTI/LTV/score.
APP_0193,31,115323.0,5,21176.0,72,81600.0,car,0,639,26607.0,219429.0,0,non-bank,0.2307172029863927,0.2595098039215654,3.853418964865704,0.0025503248363901,1.7089391076011178,USD,False,T19:19:50.280384+00:00,5,0.2307172029863927,14,0,21176.0,72,0.7016,approved,0.7271,DTI,Meets policy thresholds given DTI/LTV/score.,approve,Meets policy thresholds given DTI/LTV/score.
APP_0194,64,128174.0,12,71788.0,60,11654.0,car,0,421,4731.0,165120.0,4,bank,0.036910761932997,6.159945083232696,0.162339109600488,0.0093347064665744,0.0,USD,False,T19:19:50.280384+00:00,12,0.036910761932997,8,0,71788.0,60,0.4495,denied,0.4223,credit_score,Fails one or more policy thresholds (DTI/LTV/history/amount).,denied,Fails one or more policy thresholds (DTI/LTV/history/amount).
APP_0195,35,78912.0,15,54953.0,24,142803.0,car,0,560,15284.0,30075.0,3,non-bank,0.1936841038118385,0.3848168455844739,2.598638836824148,0.0290159713761899,1.2890079063950832,USD,False,T19:19:50.280384+00:00,15,0.1936841038118385,20,0,54953.0,24,0.6801,approved,0.6839,DTI,Meets policy thresholds given DTI/LTV/score.,approve,Meets policy thresholds given DTI/LTV/score.
APP_0196,56,61919.0,18,65208.0,48,39773.0,real_estate,0,660,8303.0,275566.0,3,non-bank,0.1340945428705222,1.6395041862569677,0.6099404980983835,0.0219399538101661,0.0,USD,False,T19:19:50.280384+00:00,18,0.1340945428705222,28,0,65208.0,48,0.6373,approved,0.6418,DTI,Meets policy thresholds given DTI/LTV/score.,approve,Meets policy thresholds given DTI/LTV/score.
APP_0197,46,146038.0,15,72780.0,48,134558.0,deposit,0,820,25032.0,262659.0,1,bank,0.1714074418986827,0.5408819988406447,1.8488320967298453,0.0103825716592147,0.7033359584279048,USD,False,T19:19:50.280384+00:00,15,0.1714074418986827,4,0,72780.0,48,0.7683,approved,0.7636,DTI,Meets policy thresholds given DTI/LTV/score.,approve,Meets policy thresholds given DTI/LTV/score.
APP_0198,55,82318.0,10,98271.0,48,147235.0,real_estate,1,458,36155.0,174559.0,1,bank,0.4392113511018192,0.6674432030427503,1.4982548259404962,0.0248707755285274,0.2794156506461786,USD,False,T19:19:50.280384+00:00,10,0.4392113511018192,1,0,98271.0,48,0.5049,approved,0.4721,credit_score,Meets policy thresholds given DTI/LTV/score.,approve,Meets policy thresholds given DTI/LTV/score.
APP_0199,48,64423.0,28,81262.0,12,170285.0,car,1,438,48424.0,215287.0,2,non-bank,0.7516570169038892,0.4772117332706905,2.095505894514015,0.1051151503774879,0.2720612018429883,USD,False,T19:19:50.280384+00:00,28,0.7516570169038892,11,0,81262.0,12,0.5514,approved,0.5653,credit_score,Meets policy thresholds given DTI/LTV/score.,approve,Meets policy thresholds given DTI/LTV/score.
APP_0200,49,80289.0,15,63933.0,24,143953.0,land,0,704,19454.0,125197.0,3,bank,0.2422996923613416,0.4441241238459744,2.25162279261098,0.0331785798787999,0.948354975008913,USD,False,T19:19:50.280384+00:00,15,0.2422996923613416,12,0,63933.0,24,0.7178,approved,0.6681,DTI,Meets policy thresholds given DTI/LTV/score.,approve,Meets policy thresholds given DTI/LTV/score.
