{
  "timestamp": "20251107-124521",
  "model_choice": "LogisticRegression",
  "metrics": {
    "AUC": 0.9010416666666666,
    "Accuracy": 0.775,
    "Precision": 0.7586206896551724,
    "Recall": 0.9166666666666666,
    "F1": 0.8301886792452831
  },
  "model_path": "agents/credit_appraisal/models/trained/LogisticRegression_20251107-124521.joblib",
  "features": [
    "application_id",
    "age",
    "income",
    "employment_length",
    "loan_amount",
    "loan_duration_months",
    "collateral_value",
    "collateral_type",
    "co_loaners",
    "credit_score",
    "existing_debt",
    "assets_owned",
    "current_loans",
    "customer_type",
    "DTI",
    "LTV",
    "CCR",
    "ITI",
    "CWI",
    "currency_code",
    "session_flagged",
    "created_at",
    "employment_years",
    "debt_to_income",
    "credit_history_length",
    "num_delinquencies",
    "requested_amount",
    "loan_term_months"
  ],
  "threshold": 0.60305
}