{
  "timestamp": "20251107-114130",
  "model_choice": "GradientBoostingRegressor",
  "trained_model_path": "/home/dzoan/AI-AIGENTbythePeoplesANDBOX/HUGKAG/agents/asset_appraisal/models/trained/GradientBoostingRegressor_asset_20251107-114130.joblib",
  "features": [
    "confidence",
    "loan_amount"
  ],
  "metrics_new": {
    "MAE": 397933.5112152258,
    "RMSE": 489571.1272760772,
    "MAPE%": 111.12406078130428,
    "R2": 0.003725967018805676
  },
  "metrics_prod": null,
  "holdout_rows": 30,
  "source_file": "./.tmp_runs/reviewed_appraisal.20251107-114120.csv",
  "preds_csv": "./.tmp_runs/training_preds_20251107-114130.csv"
}