{
  "model_path": "agents/credit_appraisal/models/trained/RandomForest_20251106-191701.joblib",
  "promoted_at": "2025-11-06T19:17:14.027799+00:00",
  "metrics": {
    "AUC": 0.8828125,
    "Accuracy": 0.75,
    "Precision": 0.8181818181818182,
    "Recall": 0.75,
    "F1": 0.782608695652174
  },
  "report": {
    "timestamp": "20251106-191701",
    "model_choice": "RandomForest",
    "metrics": {
      "AUC": 0.8828125,
      "Accuracy": 0.75,
      "Precision": 0.8181818181818182,
      "Recall": 0.75,
      "F1": 0.782608695652174
    },
    "model_path": "agents/credit_appraisal/models/trained/RandomForest_20251106-191701.joblib",
    "features": [
      "age",
      "income",
      "employment_length",
      "loan_amount",
      "loan_duration_months",
      "collateral_value",
      "co_loaners",
      "credit_score",
      "existing_debt",
      "assets_owned",
      "current_loans",
      "DTI",
      "LTV",
      "CCR",
      "ITI",
      "CWI",
      "employment_years",
      "debt_to_income",
      "credit_history_length",
      "num_delinquencies",
      "requested_amount",
      "loan_term_months"
    ],
    "threshold": 0.60305
  }
}