application_id,decision
APP_0001,approved
APP_0002,approved
APP_0003,approved
APP_0004,approved
APP_0005,approved
APP_0006,approved
APP_0007,approved
APP_0008,approved
APP_0009,approved
APP_0010,approved
APP_0011,approved
APP_0012,approved
APP_0013,approved
APP_0014,approved
APP_0015,approved
APP_0016,approved
APP_0017,approved
APP_0018,approved
APP_0019,approved
APP_0020,approved
APP_0021,approved
APP_0022,approved
APP_0023,approved
APP_0024,approved
APP_0025,approved
APP_0026,approved
APP_0027,approved
APP_0028,approved
APP_0029,approved
APP_0030,approved
APP_0031,approved
APP_0032,approved
APP_0033,approved
APP_0034,approved
APP_0035,approved
APP_0036,approved
APP_0037,approved
APP_0038,approved
APP_0039,approved
APP_0040,approved
APP_0041,approved
APP_0042,approved
APP_0043,approved
APP_0044,approved
APP_0045,approved
APP_0046,approved
APP_0047,approved
APP_0048,approved
APP_0049,approved
APP_0050,approved
APP_0051,approved
APP_0052,approved
APP_0053,approved
APP_0054,approved
APP_0055,denied
APP_0056,approved
APP_0057,approved
APP_0058,approved
APP_0059,approved
APP_0060,approved
APP_0061,approved
APP_0062,approved
APP_0063,approved
APP_0064,denied
APP_0065,approved
APP_0066,approved
APP_0067,denied
APP_0068,approved
APP_0069,approved
APP_0070,approved
APP_0071,approved
APP_0072,approved
APP_0073,approved
APP_0074,approved
APP_0075,approved
APP_0076,approved
APP_0077,approved
APP_0078,approved
APP_0079,approved
APP_0080,approved
APP_0081,approved
APP_0082,approved
APP_0083,approved
APP_0084,approved
APP_0085,approved
APP_0086,approved
APP_0087,approved
APP_0088,approved
APP_0089,approved
APP_0090,approved
APP_0091,approved
APP_0092,approved
APP_0093,approved
APP_0094,approved
APP_0095,denied
APP_0096,approved
APP_0097,approved
APP_0098,approved
APP_0099,approved
APP_0100,approved
APP_0101,approved
APP_0102,approved
APP_0103,approved
APP_0104,approved
APP_0105,approved
APP_0106,approved
APP_0107,denied
APP_0108,approved
APP_0109,approved
APP_0110,approved
APP_0111,approved
APP_0112,approved
APP_0113,approved
APP_0114,approved
APP_0115,approved
APP_0116,approved
APP_0117,approved
APP_0118,approved
APP_0119,approved
APP_0120,denied
APP_0121,approved
APP_0122,approved
APP_0123,approved
APP_0124,approved
APP_0125,approved
APP_0126,approved
APP_0127,approved
APP_0128,approved
APP_0129,approved
APP_0130,approved
APP_0131,approved
APP_0132,denied
APP_0133,approved
APP_0134,approved
APP_0135,approved
APP_0136,approved
APP_0137,approved
APP_0138,approved
APP_0139,approved
APP_0140,approved
APP_0141,denied
APP_0142,approved
APP_0143,approved
APP_0144,approved
APP_0145,approved
APP_0146,approved
APP_0147,approved
APP_0148,approved
APP_0149,approved
APP_0150,approved
APP_0151,approved
APP_0152,approved
APP_0153,approved
APP_0154,approved
APP_0155,approved
APP_0156,approved
APP_0157,approved
APP_0158,approved
APP_0159,approved
APP_0160,approved
APP_0161,approved
APP_0162,approved
APP_0163,approved
APP_0164,approved
APP_0165,approved
APP_0166,approved
APP_0167,approved
APP_0168,approved
APP_0169,approved
APP_0170,denied
APP_0171,approved
APP_0172,denied
APP_0173,approved
APP_0174,approved
APP_0175,approved
APP_0176,approved
APP_0177,approved
APP_0178,approved
APP_0179,approved
APP_0180,approved
APP_0181,approved
APP_0182,approved
APP_0183,approved
APP_0184,approved
APP_0185,approved
APP_0186,approved
APP_0187,approved
APP_0188,approved
APP_0189,approved
APP_0190,approved
APP_0191,approved
APP_0192,approved
APP_0193,approved
APP_0194,approved
APP_0195,approved
APP_0196,approved
APP_0197,approved
APP_0198,approved
APP_0199,approved
APP_0200,approved
APP_0201,approved
APP_0202,denied
APP_0203,denied
APP_0204,approved
APP_0205,approved
APP_0206,approved
APP_0207,approved
APP_0208,approved
APP_0209,approved
APP_0210,approved
APP_0211,approved
APP_0212,approved
APP_0213,approved
APP_0214,approved
APP_0215,approved
APP_0216,approved
APP_0217,approved
APP_0218,approved
APP_0219,approved
APP_0220,approved
APP_0221,approved
APP_0222,approved
APP_0223,denied
APP_0224,approved
APP_0225,approved
APP_0226,approved
APP_0227,approved
APP_0228,approved
APP_0229,approved
APP_0230,approved
APP_0231,approved
APP_0232,denied
APP_0233,approved
APP_0234,approved
APP_0235,approved
APP_0236,approved
APP_0237,approved
APP_0238,approved
APP_0239,approved
APP_0240,approved
APP_0241,approved
APP_0242,denied
APP_0243,denied
APP_0244,approved
APP_0245,approved
APP_0246,approved
APP_0247,approved
APP_0248,approved
APP_0249,denied
APP_0250,approved
APP_0251,approved
APP_0252,approved
APP_0253,approved
APP_0254,approved
APP_0255,approved
APP_0256,approved
APP_0257,approved
APP_0258,approved
APP_0259,approved
APP_0260,approved
APP_0261,approved
APP_0262,approved
APP_0263,approved
APP_0264,approved
APP_0265,approved
APP_0266,approved
APP_0267,approved
APP_0268,approved
APP_0269,approved
APP_0270,approved
APP_0271,approved
APP_0272,approved
APP_0273,approved
APP_0274,approved
APP_0275,denied
APP_0276,approved
APP_0277,approved
APP_0278,approved
APP_0279,approved
APP_0280,approved
APP_0281,approved
APP_0282,approved
APP_0283,approved
APP_0284,denied
APP_0285,approved
APP_0286,approved
APP_0287,approved
APP_0288,approved
APP_0289,approved
APP_0290,approved
APP_0291,approved
APP_0292,approved
APP_0293,approved
APP_0294,approved
APP_0295,approved
APP_0296,approved
APP_0297,approved
APP_0298,approved
APP_0299,approved
APP_0300,approved
APP_0301,denied
APP_0302,approved
APP_0303,approved
APP_0304,approved
APP_0305,denied
APP_0306,approved
APP_0307,approved
APP_0308,approved
APP_0309,approved
APP_0310,approved
APP_0311,approved
APP_0312,approved
APP_0313,approved
APP_0314,approved
APP_0315,approved
APP_0316,approved
APP_0317,approved
APP_0318,approved
APP_0319,approved
APP_0320,approved
APP_0321,approved
APP_0322,approved
APP_0323,approved
APP_0324,approved
APP_0325,approved
APP_0326,approved
APP_0327,approved
APP_0328,approved
APP_0329,approved
APP_0330,approved
APP_0331,denied
APP_0332,denied
APP_0333,approved
APP_0334,approved
APP_0335,approved
APP_0336,approved
APP_0337,approved
APP_0338,approved
APP_0339,approved
APP_0340,approved
APP_0341,approved
APP_0342,denied
APP_0343,approved
APP_0344,approved
APP_0345,approved
APP_0346,approved
APP_0347,approved
APP_0348,denied
APP_0349,approved
APP_0350,denied
APP_0351,approved
APP_0352,approved
APP_0353,approved
APP_0354,approved
APP_0355,approved
APP_0356,approved
APP_0357,approved
APP_0358,approved
APP_0359,approved
APP_0360,approved
APP_0361,approved
APP_0362,approved
APP_0363,approved
APP_0364,approved
APP_0365,approved
APP_0366,denied
APP_0367,approved
APP_0368,approved
APP_0369,approved
APP_0370,approved
APP_0371,approved
APP_0372,approved
APP_0373,denied
APP_0374,approved
APP_0375,approved
APP_0376,approved
APP_0377,approved
APP_0378,approved
APP_0379,approved
APP_0380,approved
APP_0381,approved
APP_0382,approved
APP_0383,approved
APP_0384,approved
APP_0385,approved
APP_0386,approved
APP_0387,approved
APP_0388,approved
APP_0389,approved
APP_0390,approved
APP_0391,approved
APP_0392,approved
APP_0393,approved
APP_0394,approved
APP_0395,approved
APP_0396,denied
APP_0397,approved
APP_0398,approved
APP_0399,approved
APP_0400,approved
APP_0401,approved
APP_0402,approved
APP_0403,approved
APP_0404,approved
APP_0405,approved
APP_0406,denied
APP_0407,approved
APP_0408,approved
APP_0409,approved
APP_0410,approved
APP_0411,approved
APP_0412,approved
APP_0413,approved
APP_0414,approved
APP_0415,approved
APP_0416,approved
APP_0417,approved
APP_0418,approved
APP_0419,approved
APP_0420,approved
APP_0421,approved
APP_0422,denied
APP_0423,approved
APP_0424,approved
APP_0425,approved
APP_0426,approved
APP_0427,approved
APP_0428,approved
APP_0429,approved
APP_0430,approved
APP_0431,approved
APP_0432,approved
APP_0433,approved
APP_0434,approved
APP_0435,approved
APP_0436,approved
APP_0437,approved
APP_0438,approved
APP_0439,approved
APP_0440,approved
APP_0441,denied
APP_0442,approved
APP_0443,approved
APP_0444,approved
APP_0445,approved
APP_0446,approved
APP_0447,approved
APP_0448,approved
APP_0449,approved
APP_0450,approved
APP_0451,denied
APP_0452,approved
APP_0453,approved
APP_0454,approved
APP_0455,approved
APP_0456,approved
APP_0457,approved
APP_0458,approved
APP_0459,approved
APP_0460,approved
APP_0461,approved
APP_0462,approved
APP_0463,approved
APP_0464,approved
APP_0465,approved
APP_0466,approved
APP_0467,approved
APP_0468,approved
APP_0469,approved
APP_0470,approved
APP_0471,approved
APP_0472,approved
APP_0473,approved
APP_0474,approved
APP_0475,approved
APP_0476,approved
APP_0477,approved
APP_0478,approved
APP_0479,approved
APP_0480,approved
APP_0481,approved
APP_0482,approved
APP_0483,approved
APP_0484,approved
APP_0485,approved
APP_0486,approved
APP_0487,approved
APP_0488,approved
APP_0489,approved
APP_0490,approved
APP_0491,approved
APP_0492,approved
APP_0493,denied
APP_0494,approved
APP_0495,approved
APP_0496,approved
APP_0497,approved
APP_0498,approved
APP_0499,approved
APP_0500,approved
APP_0501,approved
APP_0502,approved
APP_0503,approved
APP_0504,approved
APP_0505,approved
APP_0506,approved
APP_0507,approved
APP_0508,approved
APP_0509,denied
APP_0510,approved
APP_0511,approved
APP_0512,approved
APP_0513,approved
APP_0514,approved
APP_0515,approved
APP_0516,approved
APP_0517,approved
APP_0518,approved
APP_0519,approved
APP_0520,approved
APP_0521,approved
APP_0522,approved
APP_0523,approved
APP_0524,approved
APP_0525,approved
APP_0526,approved
APP_0527,approved
APP_0528,approved
APP_0529,approved
APP_0530,approved
APP_0531,approved
APP_0532,denied
APP_0533,approved
APP_0534,approved
APP_0535,approved
APP_0536,approved
APP_0537,approved
APP_0538,approved
APP_0539,approved
APP_0540,approved
APP_0541,approved
APP_0542,approved
APP_0543,approved
APP_0544,approved
APP_0545,approved
APP_0546,approved
APP_0547,approved
APP_0548,approved
APP_0549,approved
APP_0550,approved
APP_0551,approved
APP_0552,approved
APP_0553,approved
APP_0554,approved
APP_0555,approved
APP_0556,approved
APP_0557,approved
APP_0558,approved
APP_0559,approved
APP_0560,approved
APP_0561,approved
APP_0562,denied
APP_0563,approved
APP_0564,approved
APP_0565,denied
APP_0566,approved
APP_0567,approved
APP_0568,approved
APP_0569,approved
APP_0570,approved
APP_0571,approved
APP_0572,approved
APP_0573,approved
APP_0574,approved
APP_0575,approved
APP_0576,approved
APP_0577,approved
APP_0578,approved
APP_0579,approved
APP_0580,approved
APP_0581,approved
APP_0582,approved
APP_0583,approved
APP_0584,approved
APP_0585,approved
APP_0586,approved
APP_0587,approved
APP_0588,approved
APP_0589,approved
APP_0590,approved
APP_0591,approved
APP_0592,approved
APP_0593,approved
APP_0594,approved
APP_0595,approved
APP_0596,denied
APP_0597,approved
APP_0598,approved
APP_0599,approved
APP_0600,denied
APP_0601,approved
APP_0602,approved
APP_0603,approved
APP_0604,approved
APP_0605,denied
APP_0606,approved
APP_0607,approved
APP_0608,approved
APP_0609,approved
APP_0610,approved
APP_0611,approved
APP_0612,approved
APP_0613,approved
APP_0614,approved
APP_0615,approved
APP_0616,approved
APP_0617,approved
APP_0618,approved
APP_0619,approved
APP_0620,approved
APP_0621,approved
APP_0622,approved
APP_0623,approved
APP_0624,approved
APP_0625,approved
APP_0626,approved
APP_0627,approved
APP_0628,approved
APP_0629,approved
APP_0630,approved
APP_0631,approved
APP_0632,approved
APP_0633,approved
APP_0634,approved
APP_0635,approved
APP_0636,approved
APP_0637,approved
APP_0638,approved
APP_0639,approved
APP_0640,approved
APP_0641,approved
APP_0642,approved
APP_0643,approved
APP_0644,approved
APP_0645,approved
APP_0646,approved
APP_0647,approved
APP_0648,approved
APP_0649,approved
APP_0650,approved
APP_0651,approved
APP_0652,approved
APP_0653,approved
APP_0654,approved
APP_0655,approved
APP_0656,approved
APP_0657,approved
APP_0658,approved
APP_0659,approved
APP_0660,approved
APP_0661,approved
APP_0662,approved
APP_0663,approved
APP_0664,approved
APP_0665,approved
APP_0666,approved
APP_0667,approved
APP_0668,approved
APP_0669,approved
APP_0670,approved
APP_0671,approved
APP_0672,approved
APP_0673,approved
APP_0674,approved
APP_0675,approved
APP_0676,approved
APP_0677,approved
APP_0678,approved
APP_0679,approved
APP_0680,approved
APP_0681,approved
APP_0682,approved
APP_0683,approved
APP_0684,approved
APP_0685,approved
APP_0686,approved
APP_0687,approved
APP_0688,approved
APP_0689,approved
APP_0690,approved
APP_0691,denied
APP_0692,approved
APP_0693,approved
APP_0694,denied
APP_0695,approved
APP_0696,approved
APP_0697,denied
APP_0698,approved
APP_0699,approved
APP_0700,approved
APP_0701,denied
APP_0702,approved
APP_0703,approved
APP_0704,approved
APP_0705,approved
APP_0706,approved
APP_0707,approved
APP_0708,approved
APP_0709,denied
APP_0710,denied
APP_0711,approved
APP_0712,approved
APP_0713,approved
APP_0714,approved
APP_0715,approved
APP_0716,approved
APP_0717,denied
APP_0718,approved
APP_0719,approved
APP_0720,approved
APP_0721,approved
APP_0722,approved
APP_0723,approved
APP_0724,approved
APP_0725,approved
APP_0726,approved
APP_0727,approved
APP_0728,approved
APP_0729,approved
APP_0730,approved
APP_0731,approved
APP_0732,approved
APP_0733,denied
APP_0734,approved
APP_0735,denied
APP_0736,approved
APP_0737,approved
APP_0738,approved
APP_0739,denied
APP_0740,approved
APP_0741,approved
APP_0742,approved
APP_0743,approved
APP_0744,denied
APP_0745,approved
APP_0746,approved
APP_0747,approved
APP_0748,approved
APP_0749,approved
APP_0750,approved
APP_0751,approved
APP_0752,approved
APP_0753,approved
APP_0754,approved
APP_0755,approved
APP_0756,approved
APP_0757,approved
APP_0758,approved
APP_0759,approved
APP_0760,approved
APP_0761,approved
APP_0762,approved
APP_0763,approved
APP_0764,approved
APP_0765,approved
APP_0766,approved
APP_0767,approved
APP_0768,approved
APP_0769,approved
APP_0770,approved
APP_0771,approved
APP_0772,approved
APP_0773,approved
APP_0774,approved
APP_0775,approved
APP_0776,approved
APP_0777,approved
APP_0778,approved
APP_0779,approved
APP_0780,approved
APP_0781,approved
APP_0782,approved
APP_0783,approved
APP_0784,approved
APP_0785,approved
APP_0786,approved
APP_0787,approved
APP_0788,approved
APP_0789,approved
APP_0790,approved
APP_0791,approved
APP_0792,denied
APP_0793,approved
APP_0794,approved
APP_0795,approved
APP_0796,approved
APP_0797,denied
APP_0798,denied
APP_0799,approved
APP_0800,approved
APP_0801,approved
APP_0802,approved
APP_0803,approved
APP_0804,approved
APP_0805,approved
APP_0806,denied
APP_0807,approved
APP_0808,approved
APP_0809,denied
APP_0810,denied
APP_0811,approved
APP_0812,approved
APP_0813,approved
APP_0814,approved
APP_0815,approved
APP_0816,approved
APP_0817,approved
APP_0818,approved
APP_0819,approved
APP_0820,approved
APP_0821,approved
APP_0822,approved
APP_0823,approved
APP_0824,approved
APP_0825,approved
APP_0826,approved
APP_0827,approved
APP_0828,approved
APP_0829,approved
APP_0830,approved
APP_0831,approved
APP_0832,approved
APP_0833,denied
APP_0834,approved
APP_0835,denied
APP_0836,approved
APP_0837,approved
APP_0838,approved
APP_0839,approved
APP_0840,denied
APP_0841,approved
APP_0842,approved
APP_0843,approved
APP_0844,approved
APP_0845,approved
APP_0846,approved
APP_0847,approved
APP_0848,approved
APP_0849,denied
APP_0850,approved
APP_0851,approved
APP_0852,approved
APP_0853,approved
APP_0854,approved
APP_0855,approved
APP_0856,approved
APP_0857,approved
APP_0858,approved
APP_0859,approved
APP_0860,approved
APP_0861,approved
APP_0862,approved
APP_0863,approved
APP_0864,approved
APP_0865,approved
APP_0866,approved
APP_0867,approved
APP_0868,denied
APP_0869,approved
APP_0870,denied
APP_0871,approved
APP_0872,approved
APP_0873,approved
APP_0874,approved
APP_0875,approved
APP_0876,approved
APP_0877,approved
APP_0878,approved
APP_0879,approved
APP_0880,approved
APP_0881,approved
APP_0882,approved
APP_0883,approved
APP_0884,approved
APP_0885,approved
APP_0886,approved
APP_0887,approved
APP_0888,approved
APP_0889,approved
APP_0890,approved
APP_0891,denied
APP_0892,approved
APP_0893,approved
APP_0894,approved
APP_0895,approved
APP_0896,approved
APP_0897,approved
APP_0898,approved
APP_0899,approved
APP_0900,approved
APP_0901,approved
APP_0902,approved
APP_0903,approved
APP_0904,approved
APP_0905,approved
APP_0906,approved
APP_0907,approved
APP_0908,approved
APP_0909,approved
APP_0910,approved
APP_0911,approved
APP_0912,approved
APP_0913,approved
APP_0914,approved
APP_0915,approved
APP_0916,approved
APP_0917,approved
APP_0918,approved
APP_0919,approved
APP_0920,approved
APP_0921,approved
APP_0922,approved
APP_0923,approved
APP_0924,approved
APP_0925,approved
APP_0926,approved
APP_0927,approved
APP_0928,approved
APP_0929,approved
APP_0930,approved
APP_0931,approved
APP_0932,approved
APP_0933,approved
APP_0934,approved
APP_0935,denied
APP_0936,approved
APP_0937,approved
APP_0938,approved
APP_0939,denied
APP_0940,approved
APP_0941,denied
APP_0942,approved
APP_0943,approved
APP_0944,approved
APP_0945,approved
APP_0946,approved
APP_0947,denied
APP_0948,approved
APP_0949,approved
APP_0950,approved
APP_0951,approved
APP_0952,approved
APP_0953,approved
APP_0954,approved
APP_0955,approved
APP_0956,approved
APP_0957,approved
APP_0958,approved
APP_0959,denied
APP_0960,approved
APP_0961,approved
APP_0962,approved
APP_0963,approved
APP_0964,approved
APP_0965,denied
APP_0966,approved
APP_0967,approved
APP_0968,approved
APP_0969,approved
APP_0970,approved
APP_0971,approved
APP_0972,approved
APP_0973,approved
APP_0974,approved
APP_0975,approved
APP_0976,approved
APP_0977,approved
APP_0978,approved
APP_0979,approved
APP_0980,approved
APP_0981,approved
APP_0982,approved
APP_0983,approved
APP_0984,approved
APP_0985,approved
APP_0986,approved
APP_0987,approved
APP_0988,approved
APP_0989,approved
APP_0990,approved
APP_0991,approved
APP_0992,approved
APP_0993,approved
APP_0994,approved
APP_0995,approved
APP_0996,approved
APP_0997,approved
APP_0998,approved
APP_0999,approved
APP_1000,approved
APP_1001,approved
APP_1002,approved
APP_1003,approved
APP_1004,approved
APP_1005,approved
APP_1006,approved
APP_1007,approved
APP_1008,approved
APP_1009,approved
APP_1010,approved
APP_1011,approved
APP_1012,approved
APP_1013,approved
APP_1014,approved
APP_1015,approved
APP_1016,approved
APP_1017,approved
APP_1018,approved
APP_1019,approved
APP_1020,approved
APP_1021,approved
APP_1022,denied
APP_1023,denied
APP_1024,approved
APP_1025,approved
APP_1026,approved
APP_1027,approved
APP_1028,approved
APP_1029,approved
APP_1030,approved
APP_1031,approved
APP_1032,approved
APP_1033,approved
APP_1034,approved
APP_1035,approved
APP_1036,approved
APP_1037,approved
APP_1038,approved
APP_1039,approved
APP_1040,approved
APP_1041,approved
APP_1042,denied
APP_1043,approved
APP_1044,approved
APP_1045,denied
APP_1046,approved
APP_1047,approved
APP_1048,approved
APP_1049,approved
APP_1050,approved
APP_1051,approved
APP_1052,approved
APP_1053,approved
APP_1054,approved
APP_1055,approved
APP_1056,approved
APP_1057,approved
APP_1058,approved
APP_1059,approved
APP_1060,denied
APP_1061,denied
APP_1062,approved
APP_1063,approved
APP_1064,approved
APP_1065,approved
APP_1066,approved
APP_1067,approved
APP_1068,denied
APP_1069,approved
APP_1070,approved
APP_1071,approved
APP_1072,approved
APP_1073,approved
APP_1074,approved
APP_1075,approved
APP_1076,approved
APP_1077,approved
APP_1078,approved
APP_1079,approved
APP_1080,approved
APP_1081,denied
APP_1082,approved
APP_1083,approved
APP_1084,approved
APP_1085,approved
APP_1086,denied
APP_1087,approved
APP_1088,approved
APP_1089,approved
APP_1090,approved
APP_1091,approved
APP_1092,approved
APP_1093,approved
APP_1094,approved
APP_1095,approved
APP_1096,approved
APP_1097,approved
APP_1098,approved
APP_1099,approved
APP_1100,approved
APP_1101,approved
APP_1102,approved
APP_1103,approved
APP_1104,approved
APP_1105,approved
APP_1106,approved
APP_1107,approved
APP_1108,approved
APP_1109,approved
APP_1110,denied
APP_1111,approved
APP_1112,approved
APP_1113,approved
APP_1114,approved
APP_1115,approved
APP_1116,approved
APP_1117,approved
APP_1118,approved
APP_1119,approved
APP_1120,approved
APP_1121,approved
APP_1122,approved
APP_1123,approved
APP_1124,approved
APP_1125,approved
APP_1126,approved
APP_1127,denied
APP_1128,approved
APP_1129,denied
APP_1130,approved
APP_1131,approved
APP_1132,approved
APP_1133,approved
APP_1134,approved
APP_1135,approved
APP_1136,approved
APP_1137,approved
APP_1138,approved
APP_1139,approved
APP_1140,denied
APP_1141,approved
APP_1142,denied
APP_1143,approved
APP_1144,approved
APP_1145,approved
APP_1146,denied
APP_1147,approved
APP_1148,approved
APP_1149,approved
APP_1150,approved
