application_id,score,decision
APP_0001,0.5722,approved
APP_0002,0.5808,approved
APP_0003,0.7496,approved
APP_0004,0.7547,approved
APP_0005,0.7071,approved
APP_0006,0.7123,approved
APP_0007,0.5786,approved
APP_0008,0.5777,approved
APP_0009,0.668,approved
APP_0010,0.6181,approved
APP_0011,0.653,approved
APP_0012,0.6373,approved
APP_0013,0.5965,approved
APP_0014,0.6999,approved
APP_0015,0.5422,approved
APP_0016,0.6125,approved
APP_0017,0.5494,approved
APP_0018,0.5882,approved
APP_0019,0.7944,approved
APP_0020,0.6817,approved
APP_0021,0.6583,approved
APP_0022,0.6704,approved
APP_0023,0.7117,approved
APP_0024,0.6675,approved
APP_0025,0.6635,approved
APP_0026,0.5427,approved
APP_0027,0.5832,approved
APP_0028,0.4942,approved
APP_0029,0.6015,approved
APP_0030,0.7503,approved
APP_0031,0.6425,approved
APP_0032,0.7323,approved
APP_0033,0.7145,approved
APP_0034,0.7247,approved
APP_0035,0.5094,approved
APP_0036,0.535,approved
APP_0037,0.6463,approved
APP_0038,0.6887,approved
APP_0039,0.6675,approved
APP_0040,0.5549,approved
APP_0041,0.7265,approved
APP_0042,0.629,approved
APP_0043,0.8435,approved
APP_0044,0.5884,approved
APP_0045,0.6006,approved
APP_0046,0.7124,approved
APP_0047,0.5353,approved
APP_0048,0.5494,approved
APP_0049,0.5308,approved
APP_0050,0.6933,approved
APP_0051,0.7815,approved
APP_0052,0.8786,approved
APP_0053,0.5765,approved
APP_0054,0.7032,approved
APP_0055,0.3284,denied
APP_0056,0.6804,approved
APP_0057,0.5841,approved
APP_0058,0.5501,approved
APP_0059,0.7286,approved
APP_0060,0.5608,approved
APP_0061,0.7556,approved
APP_0062,0.7169,approved
APP_0063,0.528,approved
APP_0064,0.4049,denied
APP_0065,0.4605,approved
APP_0066,0.9064,approved
APP_0067,0.4147,denied
APP_0068,0.5747,approved
APP_0069,0.789,approved
APP_0070,0.6661,approved
APP_0071,0.6555,approved
APP_0072,0.6254,approved
APP_0073,0.562,approved
APP_0074,0.688,approved
APP_0075,0.7338,approved
APP_0076,0.5314,approved
APP_0077,0.6111,approved
APP_0078,0.5872,approved
APP_0079,0.7186,approved
APP_0080,0.5747,approved
APP_0081,0.6879,approved
APP_0082,0.5236,approved
APP_0083,0.5414,approved
APP_0084,0.6251,approved
APP_0085,0.57,approved
APP_0086,0.473,approved
APP_0087,0.6415,approved
APP_0088,0.6827,approved
APP_0089,0.5031,approved
APP_0090,0.5953,approved
APP_0091,0.5658,approved
APP_0092,0.6145,approved
APP_0093,0.4784,approved
APP_0094,0.5935,approved
APP_0095,0.4443,denied
APP_0096,0.8304,approved
APP_0097,0.5216,approved
APP_0098,0.4969,approved
APP_0099,0.508,approved
APP_0100,0.5106,approved
APP_0101,0.7065,approved
APP_0102,0.4882,approved
APP_0103,0.6399,approved
APP_0104,0.5577,approved
APP_0105,0.7498,approved
APP_0106,0.7626,approved
APP_0107,0.4126,denied
APP_0108,0.4739,approved
APP_0109,0.7692,approved
APP_0110,0.5799,approved
APP_0111,0.5957,approved
APP_0112,0.6657,approved
APP_0113,0.5631,approved
APP_0114,0.7403,approved
APP_0115,0.4768,approved
APP_0116,0.6448,approved
APP_0117,0.6084,approved
APP_0118,0.6453,approved
APP_0119,0.6333,approved
APP_0120,0.4391,denied
APP_0121,0.5996,approved
APP_0122,0.8247,approved
APP_0123,0.598,approved
APP_0124,0.5559,approved
APP_0125,0.464,approved
APP_0126,0.572,approved
APP_0127,0.6188,approved
APP_0128,0.7426,approved
APP_0129,0.6104,approved
APP_0130,0.6312,approved
APP_0131,0.711,approved
APP_0132,0.4325,denied
APP_0133,0.6944,approved
APP_0134,0.6864,approved
APP_0135,0.8743,approved
APP_0136,0.5907,approved
APP_0137,0.4628,approved
APP_0138,0.5591,approved
APP_0139,0.4662,approved
APP_0140,0.6508,approved
APP_0141,0.2333,denied
APP_0142,0.68,approved
APP_0143,0.6354,approved
APP_0144,0.7143,approved
APP_0145,0.4573,approved
APP_0146,0.559,approved
APP_0147,0.5168,approved
APP_0148,0.5828,approved
APP_0149,0.7272,approved
APP_0150,0.7116,approved
APP_0151,0.6455,approved
APP_0152,0.6045,approved
APP_0153,0.5835,approved
APP_0154,0.5536,approved
APP_0155,0.5341,approved
APP_0156,0.5306,approved
APP_0157,0.472,approved
APP_0158,0.5173,approved
APP_0159,0.5169,approved
APP_0160,0.5928,approved
APP_0161,0.5803,approved
APP_0162,0.6158,approved
APP_0163,0.6827,approved
APP_0164,0.5948,approved
APP_0165,0.4738,approved
APP_0166,0.5722,approved
APP_0167,0.6083,approved
APP_0168,0.6756,approved
APP_0169,0.4691,approved
APP_0170,0.4264,denied
APP_0171,0.6625,approved
APP_0172,0.447,denied
APP_0173,0.6355,approved
APP_0174,0.7564,approved
APP_0175,0.6142,approved
APP_0176,0.6769,approved
APP_0177,0.6788,approved
APP_0178,0.8237,approved
APP_0179,0.6841,approved
APP_0180,0.6762,approved
APP_0181,0.6441,approved
APP_0182,0.5091,approved
APP_0183,0.5709,approved
APP_0184,0.6972,approved
APP_0185,0.5833,approved
APP_0186,0.5911,approved
APP_0187,0.6424,approved
APP_0188,0.6948,approved
APP_0189,0.4978,approved
APP_0190,0.7126,approved
APP_0191,0.5722,approved
APP_0192,0.6794,approved
APP_0193,0.7492,approved
APP_0194,0.6132,approved
APP_0195,0.7693,approved
APP_0196,0.7476,approved
APP_0197,0.5845,approved
APP_0198,0.5716,approved
APP_0199,0.5126,approved
APP_0200,0.5414,approved
APP_0201,0.7661,approved
APP_0202,0.2617,denied
APP_0203,0.4429,denied
APP_0204,0.5041,approved
APP_0205,0.6165,approved
APP_0206,0.6117,approved
APP_0207,0.6109,approved
APP_0208,0.67,approved
APP_0209,0.7902,approved
APP_0210,0.5396,approved
APP_0211,0.809,approved
APP_0212,0.5816,approved
APP_0213,0.6475,approved
APP_0214,0.6792,approved
APP_0215,0.4938,approved
APP_0216,0.5923,approved
APP_0217,0.5904,approved
APP_0218,0.7698,approved
APP_0219,0.5935,approved
APP_0220,0.7247,approved
APP_0221,0.5716,approved
APP_0222,0.5118,approved
APP_0223,0.4418,denied
APP_0224,0.5762,approved
APP_0225,0.6069,approved
APP_0226,0.6826,approved
APP_0227,0.7278,approved
APP_0228,0.8395,approved
APP_0229,0.561,approved
APP_0230,0.6572,approved
APP_0231,0.7281,approved
APP_0232,0.4036,denied
APP_0233,0.5703,approved
APP_0234,0.6778,approved
APP_0235,0.7972,approved
APP_0236,0.6913,approved
APP_0237,0.5112,approved
APP_0238,0.7511,approved
APP_0239,0.7918,approved
APP_0240,0.5123,approved
APP_0241,0.58,approved
APP_0242,0.4206,denied
APP_0243,0.4154,denied
APP_0244,0.4757,approved
APP_0245,0.6646,approved
APP_0246,0.712,approved
APP_0247,0.497,approved
APP_0248,0.6033,approved
APP_0249,0.4079,denied
APP_0250,0.7891,approved
APP_0251,0.6437,approved
APP_0252,0.4528,approved
APP_0253,0.4724,approved
APP_0254,0.5833,approved
APP_0255,0.6933,approved
APP_0256,0.6701,approved
APP_0257,0.6283,approved
APP_0258,0.5772,approved
APP_0259,0.5829,approved
APP_0260,0.7671,approved
APP_0261,0.5818,approved
APP_0262,0.689,approved
APP_0263,0.6953,approved
APP_0264,0.7237,approved
APP_0265,0.5249,approved
APP_0266,0.744,approved
APP_0267,0.7211,approved
APP_0268,0.6948,approved
APP_0269,0.4513,approved
APP_0270,0.6305,approved
APP_0271,0.7252,approved
APP_0272,0.6324,approved
APP_0273,0.5232,approved
APP_0274,0.6719,approved
APP_0275,0.3881,denied
APP_0276,0.7457,approved
APP_0277,0.6362,approved
APP_0278,0.5336,approved
APP_0279,0.4515,approved
APP_0280,0.7232,approved
APP_0281,0.5528,approved
APP_0282,0.6584,approved
APP_0283,0.6946,approved
APP_0284,0.4472,denied
APP_0285,0.7717,approved
APP_0286,0.7727,approved
APP_0287,0.6252,approved
APP_0288,0.8225,approved
APP_0289,0.7483,approved
APP_0290,0.753,approved
APP_0291,0.7307,approved
APP_0292,0.5518,approved
APP_0293,0.4781,approved
APP_0294,0.6594,approved
APP_0295,0.6845,approved
APP_0296,0.7972,approved
APP_0297,0.7611,approved
APP_0298,0.6187,approved
APP_0299,0.7809,approved
APP_0300,0.6644,approved
APP_0301,0.4135,denied
APP_0302,0.572,approved
APP_0303,0.7672,approved
APP_0304,0.8366,approved
APP_0305,0.4328,denied
APP_0306,0.6505,approved
APP_0307,0.6462,approved
APP_0308,0.6021,approved
APP_0309,0.6494,approved
APP_0310,0.6961,approved
APP_0311,0.7002,approved
APP_0312,0.7331,approved
APP_0313,0.5445,approved
APP_0314,0.6323,approved
APP_0315,0.7881,approved
APP_0316,0.7444,approved
APP_0317,0.6674,approved
APP_0318,0.695,approved
APP_0319,0.6189,approved
APP_0320,0.8142,approved
APP_0321,0.8462,approved
APP_0322,0.8525,approved
APP_0323,0.6985,approved
APP_0324,0.5307,approved
APP_0325,0.5006,approved
APP_0326,0.7052,approved
APP_0327,0.6229,approved
APP_0328,0.5144,approved
APP_0329,0.5833,approved
APP_0330,0.7669,approved
APP_0331,0.4436,denied
APP_0332,0.3804,denied
APP_0333,0.6183,approved
APP_0334,0.7344,approved
APP_0335,0.6456,approved
APP_0336,0.7273,approved
APP_0337,0.7086,approved
APP_0338,0.5224,approved
APP_0339,0.6701,approved
APP_0340,0.6427,approved
APP_0341,0.5771,approved
APP_0342,0.4303,denied
APP_0343,0.7307,approved
APP_0344,0.5852,approved
APP_0345,0.4911,approved
APP_0346,0.6905,approved
APP_0347,0.5546,approved
APP_0348,0.438,denied
APP_0349,0.5255,approved
APP_0350,0.434,denied
APP_0351,0.6912,approved
APP_0352,0.5877,approved
APP_0353,0.457,approved
APP_0354,0.579,approved
APP_0355,0.5312,approved
APP_0356,0.5243,approved
APP_0357,0.6059,approved
APP_0358,0.7064,approved
APP_0359,0.7372,approved
APP_0360,0.7586,approved
APP_0361,0.5161,approved
APP_0362,0.4929,approved
APP_0363,0.7675,approved
APP_0364,0.5615,approved
APP_0365,0.6439,approved
APP_0366,0.2634,denied
APP_0367,0.5913,approved
APP_0368,0.7345,approved
APP_0369,0.6921,approved
APP_0370,0.7058,approved
APP_0371,0.7064,approved
APP_0372,0.5328,approved
APP_0373,0.4257,denied
APP_0374,0.532,approved
APP_0375,0.7565,approved
APP_0376,0.6342,approved
APP_0377,0.6045,approved
APP_0378,0.5831,approved
APP_0379,0.5812,approved
APP_0380,0.5745,approved
APP_0381,0.6033,approved
APP_0382,0.5898,approved
APP_0383,0.572,approved
APP_0384,0.6874,approved
APP_0385,0.6249,approved
APP_0386,0.6007,approved
APP_0387,0.7753,approved
APP_0388,0.6277,approved
APP_0389,0.6565,approved
APP_0390,0.6736,approved
APP_0391,0.5782,approved
APP_0392,0.8549,approved
APP_0393,0.5945,approved
APP_0394,0.4931,approved
APP_0395,0.705,approved
APP_0396,0.4241,denied
APP_0397,0.7988,approved
APP_0398,0.5351,approved
APP_0399,0.6256,approved
APP_0400,0.526,approved
APP_0401,0.5434,approved
APP_0402,0.7276,approved
APP_0403,0.4834,approved
APP_0404,0.6097,approved
APP_0405,0.6258,approved
APP_0406,0.4046,denied
APP_0407,0.5603,approved
APP_0408,0.6762,approved
APP_0409,0.5254,approved
APP_0410,0.5642,approved
APP_0411,0.7018,approved
APP_0412,0.5822,approved
APP_0413,0.5547,approved
APP_0414,0.7405,approved
APP_0415,0.6382,approved
APP_0416,0.7206,approved
APP_0417,0.748,approved
APP_0418,0.5531,approved
APP_0419,0.639,approved
APP_0420,0.5758,approved
APP_0421,0.4901,approved
APP_0422,0.3697,denied
APP_0423,0.6353,approved
APP_0424,0.502,approved
APP_0425,0.8389,approved
APP_0426,0.638,approved
APP_0427,0.5155,approved
APP_0428,0.5491,approved
APP_0429,0.7335,approved
APP_0430,0.4868,approved
APP_0431,0.5946,approved
APP_0432,0.6832,approved
APP_0433,0.5917,approved
APP_0434,0.5377,approved
APP_0435,0.469,approved
APP_0436,0.6943,approved
APP_0437,0.6093,approved
APP_0438,0.6387,approved
APP_0439,0.7632,approved
APP_0440,0.5778,approved
APP_0441,0.4395,denied
APP_0442,0.7791,approved
APP_0443,0.8117,approved
APP_0444,0.573,approved
APP_0445,0.6039,approved
APP_0446,0.5303,approved
APP_0447,0.539,approved
APP_0448,0.53,approved
APP_0449,0.8104,approved
APP_0450,0.742,approved
APP_0451,0.4443,denied
APP_0452,0.6508,approved
APP_0453,0.5896,approved
APP_0454,0.5756,approved
APP_0455,0.5467,approved
APP_0456,0.6981,approved
APP_0457,0.7485,approved
APP_0458,0.5382,approved
APP_0459,0.5784,approved
APP_0460,0.5971,approved
APP_0461,0.5145,approved
APP_0462,0.5272,approved
APP_0463,0.6677,approved
APP_0464,0.6431,approved
APP_0465,0.6894,approved
APP_0466,0.5875,approved
APP_0467,0.4745,approved
APP_0468,0.7577,approved
APP_0469,0.7115,approved
APP_0470,0.5432,approved
APP_0471,0.6365,approved
APP_0472,0.7042,approved
APP_0473,0.6109,approved
APP_0474,0.6708,approved
APP_0475,0.5337,approved
APP_0476,0.4663,approved
APP_0477,0.6818,approved
APP_0478,0.6968,approved
APP_0479,0.7568,approved
APP_0480,0.684,approved
APP_0481,0.7219,approved
APP_0482,0.6521,approved
APP_0483,0.7262,approved
APP_0484,0.7018,approved
APP_0485,0.6972,approved
APP_0486,0.6949,approved
APP_0487,0.6884,approved
APP_0488,0.7476,approved
APP_0489,0.5799,approved
APP_0490,0.7862,approved
APP_0491,0.6295,approved
APP_0492,0.6693,approved
APP_0493,0.44,denied
APP_0494,0.7334,approved
APP_0495,0.5754,approved
APP_0496,0.7287,approved
APP_0497,0.5373,approved
APP_0498,0.6508,approved
APP_0499,0.6975,approved
APP_0500,0.5691,approved
APP_0501,0.6654,approved
APP_0502,0.5433,approved
APP_0503,0.553,approved
APP_0504,0.5871,approved
APP_0505,0.7834,approved
APP_0506,0.7378,approved
APP_0507,0.6261,approved
APP_0508,0.7707,approved
APP_0509,0.296,denied
APP_0510,0.6649,approved
APP_0511,0.7052,approved
APP_0512,0.6207,approved
APP_0513,0.8587,approved
APP_0514,0.4629,approved
APP_0515,0.4648,approved
APP_0516,0.7402,approved
APP_0517,0.5815,approved
APP_0518,0.6073,approved
APP_0519,0.5376,approved
APP_0520,0.6251,approved
APP_0521,0.7578,approved
APP_0522,0.4916,approved
APP_0523,0.6863,approved
APP_0524,0.5551,approved
APP_0525,0.5291,approved
APP_0526,0.8193,approved
APP_0527,0.7273,approved
APP_0528,0.7735,approved
APP_0529,0.6859,approved
APP_0530,0.5929,approved
APP_0531,0.764,approved
APP_0532,0.3935,denied
APP_0533,0.7038,approved
APP_0534,0.6052,approved
APP_0535,0.5387,approved
APP_0536,0.4946,approved
APP_0537,0.6228,approved
APP_0538,0.6953,approved
APP_0539,0.7907,approved
APP_0540,0.9302,approved
APP_0541,0.7988,approved
APP_0542,0.5275,approved
APP_0543,0.7362,approved
APP_0544,0.5581,approved
APP_0545,0.8455,approved
APP_0546,0.5129,approved
APP_0547,0.6727,approved
APP_0548,0.5514,approved
APP_0549,0.4603,approved
APP_0550,0.6585,approved
APP_0551,0.6828,approved
APP_0552,0.5851,approved
APP_0553,0.7059,approved
APP_0554,0.5839,approved
APP_0555,0.7351,approved
APP_0556,0.6304,approved
APP_0557,0.4801,approved
APP_0558,0.5273,approved
APP_0559,0.647,approved
APP_0560,0.6263,approved
APP_0561,0.4585,approved
APP_0562,0.3938,denied
APP_0563,0.6456,approved
APP_0564,0.8546,approved
APP_0565,0.3587,denied
APP_0566,0.5176,approved
APP_0567,0.6947,approved
APP_0568,0.5391,approved
APP_0569,0.5116,approved
APP_0570,0.5274,approved
APP_0571,0.6045,approved
APP_0572,0.6226,approved
APP_0573,0.6636,approved
APP_0574,0.6165,approved
APP_0575,0.4928,approved
APP_0576,0.6032,approved
APP_0577,0.544,approved
APP_0578,0.5282,approved
APP_0579,0.5799,approved
APP_0580,0.6188,approved
APP_0581,0.7764,approved
APP_0582,0.5864,approved
APP_0583,0.642,approved
APP_0584,0.6902,approved
APP_0585,0.5926,approved
APP_0586,0.6853,approved
APP_0587,0.7148,approved
APP_0588,0.6208,approved
APP_0589,0.5461,approved
APP_0590,0.51,approved
APP_0591,0.724,approved
APP_0592,0.7726,approved
APP_0593,0.5995,approved
APP_0594,0.5496,approved
APP_0595,0.4889,approved
APP_0596,0.2982,denied
APP_0597,0.5637,approved
APP_0598,0.4914,approved
APP_0599,0.6738,approved
APP_0600,0.4428,denied
APP_0601,0.6248,approved
APP_0602,0.7639,approved
APP_0603,0.9006,approved
APP_0604,0.6219,approved
APP_0605,0.3759,denied
APP_0606,0.73,approved
APP_0607,0.5734,approved
APP_0608,0.6323,approved
APP_0609,0.5945,approved
APP_0610,0.6378,approved
APP_0611,0.5353,approved
APP_0612,0.4646,approved
APP_0613,0.6799,approved
APP_0614,0.5854,approved
APP_0615,0.653,approved
APP_0616,0.6714,approved
APP_0617,0.7231,approved
APP_0618,0.7921,approved
APP_0619,0.5223,approved
APP_0620,0.6949,approved
APP_0621,0.4836,approved
APP_0622,0.5957,approved
APP_0623,0.5681,approved
APP_0624,0.4757,approved
APP_0625,0.718,approved
APP_0626,0.473,approved
APP_0627,0.6368,approved
APP_0628,0.8219,approved
APP_0629,0.4693,approved
APP_0630,0.6266,approved
APP_0631,0.685,approved
APP_0632,0.5381,approved
APP_0633,0.5823,approved
APP_0634,0.7673,approved
APP_0635,0.6452,approved
APP_0636,0.5885,approved
APP_0637,0.5371,approved
APP_0638,0.5678,approved
APP_0639,0.8051,approved
APP_0640,0.7477,approved
APP_0641,0.4922,approved
APP_0642,0.5993,approved
APP_0643,0.6062,approved
APP_0644,0.5862,approved
APP_0645,0.5959,approved
APP_0646,0.5302,approved
APP_0647,0.8161,approved
APP_0648,0.8377,approved
APP_0649,0.5977,approved
APP_0650,0.5494,approved
APP_0651,0.5937,approved
APP_0652,0.5773,approved
APP_0653,0.6494,approved
APP_0654,0.7163,approved
APP_0655,0.6557,approved
APP_0656,0.6648,approved
APP_0657,0.4525,approved
APP_0658,0.5858,approved
APP_0659,0.5812,approved
APP_0660,0.5539,approved
APP_0661,0.5476,approved
APP_0662,0.6272,approved
APP_0663,0.6187,approved
APP_0664,0.7637,approved
APP_0665,0.7328,approved
APP_0666,0.9156,approved
APP_0667,0.5633,approved
APP_0668,0.7519,approved
APP_0669,0.4912,approved
APP_0670,0.5635,approved
APP_0671,0.6283,approved
APP_0672,0.5415,approved
APP_0673,0.7669,approved
APP_0674,0.7016,approved
APP_0675,0.6099,approved
APP_0676,0.5188,approved
APP_0677,0.5315,approved
APP_0678,0.7411,approved
APP_0679,0.81,approved
APP_0680,0.5203,approved
APP_0681,0.5523,approved
APP_0682,0.6292,approved
APP_0683,0.8409,approved
APP_0684,0.7912,approved
APP_0685,0.8865,approved
APP_0686,0.7076,approved
APP_0687,0.4709,approved
APP_0688,0.5229,approved
APP_0689,0.8556,approved
APP_0690,0.7048,approved
APP_0691,0.407,denied
APP_0692,0.6386,approved
APP_0693,0.6004,approved
APP_0694,0.4217,denied
APP_0695,0.7732,approved
APP_0696,0.6973,approved
APP_0697,0.4021,denied
APP_0698,0.5309,approved
APP_0699,0.6723,approved
APP_0700,0.7358,approved
APP_0701,0.3104,denied
APP_0702,0.5239,approved
APP_0703,0.5099,approved
APP_0704,0.6188,approved
APP_0705,0.7477,approved
APP_0706,0.6766,approved
APP_0707,0.7562,approved
APP_0708,0.4748,approved
APP_0709,0.3974,denied
APP_0710,0.3959,denied
APP_0711,0.725,approved
APP_0712,0.8141,approved
APP_0713,0.5847,approved
APP_0714,0.7193,approved
APP_0715,0.7028,approved
APP_0716,0.605,approved
APP_0717,0.4377,denied
APP_0718,0.6575,approved
APP_0719,0.5731,approved
APP_0720,0.6471,approved
APP_0721,0.5824,approved
APP_0722,0.598,approved
APP_0723,0.5248,approved
APP_0724,0.6307,approved
APP_0725,0.7459,approved
APP_0726,0.7129,approved
APP_0727,0.6468,approved
APP_0728,0.6886,approved
APP_0729,0.4504,approved
APP_0730,0.6367,approved
APP_0731,0.6801,approved
APP_0732,0.5352,approved
APP_0733,0.4308,denied
APP_0734,0.6075,approved
APP_0735,0.444,denied
APP_0736,0.6651,approved
APP_0737,0.6885,approved
APP_0738,0.727,approved
APP_0739,0.4104,denied
APP_0740,0.7324,approved
APP_0741,0.5038,approved
APP_0742,0.4951,approved
APP_0743,0.7359,approved
APP_0744,0.3956,denied
APP_0745,0.6552,approved
APP_0746,0.5468,approved
APP_0747,0.6048,approved
APP_0748,0.5872,approved
APP_0749,0.6945,approved
APP_0750,0.6561,approved
APP_0751,0.7505,approved
APP_0752,0.627,approved
APP_0753,0.5843,approved
APP_0754,0.6982,approved
APP_0755,0.6466,approved
APP_0756,0.6707,approved
APP_0757,0.5314,approved
APP_0758,0.5067,approved
APP_0759,0.5269,approved
APP_0760,0.6805,approved
APP_0761,0.7179,approved
APP_0762,0.6963,approved
APP_0763,0.7519,approved
APP_0764,0.591,approved
APP_0765,0.5882,approved
APP_0766,0.5874,approved
APP_0767,0.6559,approved
APP_0768,0.7639,approved
APP_0769,0.6178,approved
APP_0770,0.5438,approved
APP_0771,0.5248,approved
APP_0772,0.6219,approved
APP_0773,0.7156,approved
APP_0774,0.5941,approved
APP_0775,0.8101,approved
APP_0776,0.6477,approved
APP_0777,0.5812,approved
APP_0778,0.5598,approved
APP_0779,0.5474,approved
APP_0780,0.6365,approved
APP_0781,0.6065,approved
APP_0782,0.8806,approved
APP_0783,0.7523,approved
APP_0784,0.7388,approved
APP_0785,0.5331,approved
APP_0786,0.4994,approved
APP_0787,0.6141,approved
APP_0788,0.5661,approved
APP_0789,0.6261,approved
APP_0790,0.7041,approved
APP_0791,0.5348,approved
APP_0792,0.4242,denied
APP_0793,0.5363,approved
APP_0794,0.5581,approved
APP_0795,0.6989,approved
APP_0796,0.5771,approved
APP_0797,0.4191,denied
APP_0798,0.3869,denied
APP_0799,0.5742,approved
APP_0800,0.6501,approved
APP_0801,0.5035,approved
APP_0802,0.5626,approved
APP_0803,0.6279,approved
APP_0804,0.4906,approved
APP_0805,0.5046,approved
APP_0806,0.3772,denied
APP_0807,0.5678,approved
APP_0808,0.729,approved
APP_0809,0.4418,denied
APP_0810,0.4422,denied
APP_0811,0.6585,approved
APP_0812,0.7097,approved
APP_0813,0.7194,approved
APP_0814,0.7058,approved
APP_0815,0.7449,approved
APP_0816,0.7814,approved
APP_0817,0.5356,approved
APP_0818,0.7735,approved
APP_0819,0.6104,approved
APP_0820,0.6349,approved
APP_0821,0.6137,approved
APP_0822,0.8089,approved
APP_0823,0.6102,approved
APP_0824,0.5365,approved
APP_0825,0.7506,approved
APP_0826,0.5559,approved
APP_0827,0.5688,approved
APP_0828,0.7332,approved
APP_0829,0.6121,approved
APP_0830,0.5958,approved
APP_0831,0.6727,approved
APP_0832,0.5492,approved
APP_0833,0.3965,denied
APP_0834,0.5402,approved
APP_0835,0.3184,denied
APP_0836,0.6346,approved
APP_0837,0.696,approved
APP_0838,0.4809,approved
APP_0839,0.8221,approved
APP_0840,0.4156,denied
APP_0841,0.677,approved
APP_0842,0.4946,approved
APP_0843,0.712,approved
APP_0844,0.5852,approved
APP_0845,0.4648,approved
APP_0846,0.6168,approved
APP_0847,0.6206,approved
APP_0848,0.6272,approved
APP_0849,0.4405,denied
APP_0850,0.5747,approved
APP_0851,0.5442,approved
APP_0852,0.5746,approved
APP_0853,0.5553,approved
APP_0854,0.6084,approved
APP_0855,0.5669,approved
APP_0856,0.8035,approved
APP_0857,0.6359,approved
APP_0858,0.7437,approved
APP_0859,0.6855,approved
APP_0860,0.6501,approved
APP_0861,0.783,approved
APP_0862,0.6087,approved
APP_0863,0.5752,approved
APP_0864,0.6531,approved
APP_0865,0.6054,approved
APP_0866,0.8507,approved
APP_0867,0.5208,approved
APP_0868,0.4448,denied
APP_0869,0.8279,approved
APP_0870,0.4499,denied
APP_0871,0.8536,approved
APP_0872,0.4587,approved
APP_0873,0.5718,approved
APP_0874,0.5059,approved
APP_0875,0.5966,approved
APP_0876,0.7562,approved
APP_0877,0.6682,approved
APP_0878,0.7057,approved
APP_0879,0.5365,approved
APP_0880,0.5805,approved
APP_0881,0.791,approved
APP_0882,0.6485,approved
APP_0883,0.582,approved
APP_0884,0.6478,approved
APP_0885,0.5288,approved
APP_0886,0.6814,approved
APP_0887,0.6641,approved
APP_0888,0.7816,approved
APP_0889,0.6654,approved
APP_0890,0.5674,approved
APP_0891,0.3334,denied
APP_0892,0.7535,approved
APP_0893,0.5442,approved
APP_0894,0.5664,approved
APP_0895,0.6619,approved
APP_0896,0.6107,approved
APP_0897,0.7233,approved
APP_0898,0.6588,approved
APP_0899,0.5976,approved
APP_0900,0.6593,approved
APP_0901,0.6526,approved
APP_0902,0.5779,approved
APP_0903,0.6613,approved
APP_0904,0.6478,approved
APP_0905,0.489,approved
APP_0906,0.5746,approved
APP_0907,0.5464,approved
APP_0908,0.5984,approved
APP_0909,0.6593,approved
APP_0910,0.8222,approved
APP_0911,0.6045,approved
APP_0912,0.5523,approved
APP_0913,0.5392,approved
APP_0914,0.749,approved
APP_0915,0.7501,approved
APP_0916,0.79,approved
APP_0917,0.6053,approved
APP_0918,0.5058,approved
APP_0919,0.6917,approved
APP_0920,0.7602,approved
APP_0921,0.541,approved
APP_0922,0.6159,approved
APP_0923,0.5121,approved
APP_0924,0.7371,approved
APP_0925,0.5308,approved
APP_0926,0.5242,approved
APP_0927,0.6895,approved
APP_0928,0.6973,approved
APP_0929,0.5351,approved
APP_0930,0.7746,approved
APP_0931,0.703,approved
APP_0932,0.4772,approved
APP_0933,0.7949,approved
APP_0934,0.5734,approved
APP_0935,0.4008,denied
APP_0936,0.7799,approved
APP_0937,0.6097,approved
APP_0938,0.5389,approved
APP_0939,0.4019,denied
APP_0940,0.6957,approved
APP_0941,0.4479,denied
APP_0942,0.634,approved
APP_0943,0.476,approved
APP_0944,0.583,approved
APP_0945,0.6192,approved
APP_0946,0.6072,approved
APP_0947,0.2922,denied
APP_0948,0.6645,approved
APP_0949,0.5338,approved
APP_0950,0.5821,approved
APP_0951,0.6842,approved
APP_0952,0.6381,approved
APP_0953,0.6852,approved
APP_0954,0.7652,approved
APP_0955,0.4969,approved
APP_0956,0.6759,approved
APP_0957,0.716,approved
APP_0958,0.5776,approved
APP_0959,0.3943,denied
APP_0960,0.5504,approved
APP_0961,0.6007,approved
APP_0962,0.6885,approved
APP_0963,0.7671,approved
APP_0964,0.6539,approved
APP_0965,0.4432,denied
APP_0966,0.7296,approved
APP_0967,0.6937,approved
APP_0968,0.5282,approved
APP_0969,0.6919,approved
APP_0970,0.6698,approved
APP_0971,0.7168,approved
APP_0972,0.6072,approved
APP_0973,0.71,approved
APP_0974,0.5813,approved
APP_0975,0.596,approved
APP_0976,0.6708,approved
APP_0977,0.6451,approved
APP_0978,0.5049,approved
APP_0979,0.7802,approved
APP_0980,0.5558,approved
APP_0981,0.5842,approved
APP_0982,0.6202,approved
APP_0983,0.7683,approved
APP_0984,0.6008,approved
APP_0985,0.7154,approved
APP_0986,0.5069,approved
APP_0987,0.5308,approved
APP_0988,0.6366,approved
APP_0989,0.5011,approved
APP_0990,0.7073,approved
APP_0991,0.5385,approved
APP_0992,0.5532,approved
APP_0993,0.8161,approved
APP_0994,0.8299,approved
APP_0995,0.6503,approved
APP_0996,0.5897,approved
APP_0997,0.6435,approved
APP_0998,0.572,approved
APP_0999,0.7757,approved
APP_1000,0.7165,approved
APP_1001,0.5058,approved
APP_1002,0.7276,approved
APP_1003,0.6016,approved
APP_1004,0.6313,approved
APP_1005,0.7443,approved
APP_1006,0.5277,approved
APP_1007,0.7583,approved
APP_1008,0.5905,approved
APP_1009,0.5217,approved
APP_1010,0.6657,approved
APP_1011,0.8273,approved
APP_1012,0.6746,approved
APP_1013,0.7062,approved
APP_1014,0.5837,approved
APP_1015,0.5446,approved
APP_1016,0.4561,approved
APP_1017,0.8028,approved
APP_1018,0.7533,approved
APP_1019,0.6303,approved
APP_1020,0.5804,approved
APP_1021,0.5205,approved
APP_1022,0.4282,denied
APP_1023,0.3646,denied
APP_1024,0.506,approved
APP_1025,0.5005,approved
APP_1026,0.7713,approved
APP_1027,0.6427,approved
APP_1028,0.6027,approved
APP_1029,0.7355,approved
APP_1030,0.7203,approved
APP_1031,0.6415,approved
APP_1032,0.6487,approved
APP_1033,0.5763,approved
APP_1034,0.6557,approved
APP_1035,0.5446,approved
APP_1036,0.6804,approved
APP_1037,0.5806,approved
APP_1038,0.6584,approved
APP_1039,0.5654,approved
APP_1040,0.6788,approved
APP_1041,0.7519,approved
APP_1042,0.305,denied
APP_1043,0.7215,approved
APP_1044,0.6166,approved
APP_1045,0.4133,denied
APP_1046,0.6177,approved
APP_1047,0.7064,approved
APP_1048,0.6369,approved
APP_1049,0.6225,approved
APP_1050,0.7383,approved
APP_1051,0.5651,approved
APP_1052,0.8229,approved
APP_1053,0.6457,approved
APP_1054,0.6309,approved
APP_1055,0.5816,approved
APP_1056,0.5475,approved
APP_1057,0.6919,approved
APP_1058,0.6095,approved
APP_1059,0.5754,approved
APP_1060,0.4297,denied
APP_1061,0.3145,denied
APP_1062,0.5459,approved
APP_1063,0.6889,approved
APP_1064,0.5994,approved
APP_1065,0.5884,approved
APP_1066,0.6723,approved
APP_1067,0.5816,approved
APP_1068,0.3206,denied
APP_1069,0.5504,approved
APP_1070,0.5974,approved
APP_1071,0.5687,approved
APP_1072,0.6086,approved
APP_1073,0.8079,approved
APP_1074,0.8054,approved
APP_1075,0.5017,approved
APP_1076,0.4961,approved
APP_1077,0.5656,approved
APP_1078,0.5543,approved
APP_1079,0.5031,approved
APP_1080,0.6049,approved
APP_1081,0.3846,denied
APP_1082,0.6289,approved
APP_1083,0.5927,approved
APP_1084,0.6151,approved
APP_1085,0.5967,approved
APP_1086,0.3599,denied
APP_1087,0.6538,approved
APP_1088,0.7254,approved
APP_1089,0.8482,approved
APP_1090,0.5984,approved
APP_1091,0.6745,approved
APP_1092,0.5847,approved
APP_1093,0.5578,approved
APP_1094,0.7038,approved
APP_1095,0.6542,approved
APP_1096,0.4855,approved
APP_1097,0.5546,approved
APP_1098,0.6316,approved
APP_1099,0.5647,approved
APP_1100,0.6262,approved
APP_1101,0.6407,approved
APP_1102,0.4631,approved
APP_1103,0.6669,approved
APP_1104,0.5845,approved
APP_1105,0.7862,approved
APP_1106,0.5007,approved
APP_1107,0.6906,approved
APP_1108,0.6552,approved
APP_1109,0.8009,approved
APP_1110,0.4298,denied
APP_1111,0.7096,approved
APP_1112,0.6013,approved
APP_1113,0.66,approved
APP_1114,0.6906,approved
APP_1115,0.6467,approved
APP_1116,0.5313,approved
APP_1117,0.5308,approved
APP_1118,0.8427,approved
APP_1119,0.6168,approved
APP_1120,0.8263,approved
APP_1121,0.823,approved
APP_1122,0.7712,approved
APP_1123,0.6586,approved
APP_1124,0.6548,approved
APP_1125,0.7062,approved
APP_1126,0.6025,approved
APP_1127,0.4238,denied
APP_1128,0.6653,approved
APP_1129,0.4301,denied
APP_1130,0.7096,approved
APP_1131,0.6894,approved
APP_1132,0.6508,approved
APP_1133,0.7181,approved
APP_1134,0.6428,approved
APP_1135,0.8486,approved
APP_1136,0.5951,approved
APP_1137,0.5239,approved
APP_1138,0.5771,approved
APP_1139,0.622,approved
APP_1140,0.3552,denied
APP_1141,0.6362,approved
APP_1142,0.4093,denied
APP_1143,0.7408,approved
APP_1144,0.7869,approved
APP_1145,0.5524,approved
APP_1146,0.1485,denied
APP_1147,0.762,approved
APP_1148,0.567,approved
APP_1149,0.6013,approved
APP_1150,0.6955,approved
