application_id,ai_decision,customer_type,human_decision,human_rule_reasons
APP_0001,denied,bank,approved,yes
APP_0002,denied,bank,denied,
APP_0003,denied,bank,denied,
APP_0004,denied,bank,denied,
APP_0005,approved,non-bank,approved,
APP_0006,denied,bank,denied,
APP_0007,approved,bank,approved,
APP_0008,approved,bank,approved,
APP_0009,approved,non-bank,approved,
APP_0010,approved,bank,approved,
APP_0011,denied,bank,denied,
APP_0012,approved,bank,approved,
APP_0013,approved,bank,approved,
APP_0014,denied,bank,denied,
APP_0015,approved,bank,approved,
APP_0016,approved,non-bank,approved,
APP_0017,denied,bank,denied,
APP_0018,denied,non-bank,denied,
APP_0019,approved,bank,approved,
APP_0020,denied,bank,denied,
APP_0021,denied,bank,denied,
APP_0022,denied,bank,denied,
APP_0023,approved,bank,approved,
APP_0024,denied,bank,denied,
APP_0025,approved,bank,approved,
APP_0026,denied,non-bank,denied,
APP_0027,approved,bank,approved,
APP_0028,denied,non-bank,denied,
APP_0029,approved,non-bank,approved,
APP_0030,denied,bank,denied,
APP_0031,denied,bank,denied,
APP_0032,approved,bank,approved,
APP_0033,approved,bank,approved,
APP_0034,approved,bank,approved,
APP_0035,denied,bank,denied,
APP_0036,approved,non-bank,approved,
APP_0037,denied,non-bank,denied,
APP_0038,denied,bank,denied,
APP_0039,denied,non-bank,denied,
APP_0040,denied,bank,denied,
APP_0041,approved,bank,approved,
APP_0042,denied,bank,denied,
APP_0043,approved,bank,approved,
APP_0044,denied,bank,denied,
APP_0045,denied,bank,denied,
APP_0046,denied,bank,denied,
APP_0047,denied,bank,denied,
APP_0048,denied,non-bank,denied,
APP_0049,approved,bank,approved,
APP_0050,approved,non-bank,approved,
APP_0051,denied,non-bank,denied,
APP_0052,approved,non-bank,approved,
APP_0053,approved,bank,approved,
APP_0054,approved,bank,approved,
APP_0055,denied,bank,denied,
APP_0056,approved,bank,approved,
APP_0057,denied,bank,denied,
APP_0058,denied,bank,denied,
APP_0059,denied,non-bank,denied,
APP_0060,approved,non-bank,approved,
APP_0061,approved,bank,approved,
APP_0062,denied,bank,denied,
APP_0063,denied,bank,denied,
APP_0064,denied,bank,denied,
APP_0065,approved,bank,approved,
APP_0066,approved,bank,approved,
APP_0067,approved,bank,approved,
APP_0068,approved,bank,approved,
APP_0069,denied,non-bank,denied,
APP_0070,denied,bank,denied,
APP_0071,approved,non-bank,approved,
APP_0072,denied,bank,denied,
APP_0073,denied,bank,denied,
APP_0074,approved,non-bank,approved,
APP_0075,approved,non-bank,approved,
APP_0076,approved,non-bank,approved,
APP_0077,approved,non-bank,approved,
APP_0078,denied,bank,denied,
APP_0079,denied,bank,denied,
APP_0080,denied,bank,denied,
APP_0081,approved,bank,approved,
APP_0082,denied,bank,denied,
APP_0083,approved,bank,approved,
APP_0084,approved,non-bank,approved,
APP_0085,approved,non-bank,approved,
APP_0086,approved,non-bank,approved,
APP_0087,denied,bank,denied,
APP_0088,approved,bank,approved,
APP_0089,denied,non-bank,denied,
APP_0090,approved,bank,approved,
APP_0091,approved,non-bank,approved,
APP_0092,approved,bank,approved,
APP_0093,approved,bank,approved,
APP_0094,denied,bank,denied,
APP_0095,denied,bank,denied,
APP_0096,approved,bank,approved,
APP_0097,denied,bank,denied,
APP_0098,denied,non-bank,denied,
APP_0099,denied,non-bank,denied,
APP_0100,denied,bank,denied,
APP_0101,denied,bank,denied,
APP_0102,denied,bank,denied,
APP_0103,denied,non-bank,denied,
APP_0104,denied,bank,denied,
APP_0105,approved,bank,approved,
APP_0106,denied,bank,denied,
APP_0107,denied,bank,denied,
APP_0108,denied,non-bank,denied,
APP_0109,approved,non-bank,approved,
APP_0110,approved,bank,approved,
APP_0111,approved,bank,approved,
APP_0112,denied,non-bank,denied,
APP_0113,approved,bank,approved,
APP_0114,approved,bank,approved,
APP_0115,approved,non-bank,approved,
APP_0116,approved,bank,approved,
APP_0117,approved,bank,approved,
APP_0118,denied,bank,denied,
APP_0119,denied,bank,denied,
APP_0120,denied,bank,denied,
APP_0121,denied,bank,denied,
APP_0122,approved,bank,approved,
APP_0123,approved,non-bank,approved,
APP_0124,denied,bank,denied,
APP_0125,approved,non-bank,approved,
APP_0126,approved,bank,approved,
APP_0127,approved,bank,approved,
APP_0128,denied,non-bank,denied,
APP_0129,approved,non-bank,approved,
APP_0130,approved,bank,approved,
APP_0131,denied,non-bank,denied,
APP_0132,denied,bank,denied,
APP_0133,approved,bank,approved,
APP_0134,approved,bank,approved,
APP_0135,denied,bank,denied,
APP_0136,approved,non-bank,approved,
APP_0137,approved,bank,approved,
APP_0138,approved,bank,approved,
APP_0139,denied,bank,denied,
APP_0140,approved,non-bank,approved,
APP_0141,denied,bank,denied,
APP_0142,denied,bank,denied,
APP_0143,denied,bank,denied,
APP_0144,approved,bank,approved,
APP_0145,denied,bank,denied,
APP_0146,approved,non-bank,approved,
APP_0147,approved,bank,approved,
APP_0148,denied,bank,denied,
APP_0149,approved,bank,approved,
APP_0150,approved,non-bank,approved,
APP_0151,approved,bank,approved,
APP_0152,approved,bank,approved,
APP_0153,denied,non-bank,denied,
APP_0154,approved,bank,approved,
APP_0155,denied,non-bank,denied,
APP_0156,denied,bank,denied,
APP_0157,approved,non-bank,approved,
APP_0158,denied,bank,denied,
APP_0159,approved,bank,approved,
APP_0160,approved,bank,approved,
APP_0161,denied,non-bank,denied,
APP_0162,approved,bank,approved,
APP_0163,denied,non-bank,denied,
APP_0164,approved,non-bank,approved,
APP_0165,approved,bank,approved,
APP_0166,approved,bank,approved,
APP_0167,approved,bank,approved,
APP_0168,approved,bank,approved,
APP_0169,approved,bank,approved,
APP_0170,denied,bank,denied,
APP_0171,denied,non-bank,denied,
APP_0172,approved,bank,approved,
APP_0173,denied,non-bank,denied,
APP_0174,denied,bank,denied,
APP_0175,approved,non-bank,approved,
APP_0176,approved,non-bank,approved,
APP_0177,approved,bank,approved,
APP_0178,denied,bank,denied,
APP_0179,denied,bank,denied,
APP_0180,approved,bank,approved,
APP_0181,approved,bank,approved,
APP_0182,denied,bank,denied,
APP_0183,denied,bank,denied,
APP_0184,denied,bank,denied,
APP_0185,approved,bank,approved,
APP_0186,approved,bank,approved,
APP_0187,denied,bank,denied,
APP_0188,approved,non-bank,approved,
APP_0189,denied,bank,denied,
APP_0190,denied,non-bank,denied,
APP_0191,approved,bank,approved,
APP_0192,approved,non-bank,approved,
APP_0193,approved,non-bank,approved,
APP_0194,denied,bank,denied,
APP_0195,approved,non-bank,approved,
APP_0196,approved,non-bank,approved,
APP_0197,approved,bank,approved,
APP_0198,denied,bank,denied,
APP_0199,denied,non-bank,denied,
APP_0200,approved,bank,approved,
