application_id,ai_decision,customer_type,human_decision,human_rule_reasons
APP_0001,approved,bank,approved,
APP_0002,denied,bank,denied,
APP_0003,approved,bank,approved,
APP_0004,approved,bank,approved,
APP_0005,approved,non-bank,approved,
APP_0006,approved,bank,approved,
APP_0007,approved,bank,approved,
APP_0008,approved,bank,approved,
APP_0009,approved,non-bank,approved,
APP_0010,approved,bank,approved,
APP_0011,approved,bank,approved,
APP_0012,approved,bank,approved,
APP_0013,approved,bank,approved,
APP_0014,approved,bank,approved,
APP_0015,approved,bank,approved,
APP_0016,approved,non-bank,approved,
APP_0017,approved,bank,approved,
APP_0018,approved,non-bank,approved,
APP_0019,approved,bank,approved,
APP_0020,approved,bank,approved,
APP_0021,approved,bank,approved,
APP_0022,approved,bank,approved,
APP_0023,approved,bank,approved,
APP_0024,approved,bank,approved,
APP_0025,approved,bank,approved,
APP_0026,approved,non-bank,approved,
APP_0027,approved,bank,approved,
APP_0028,approved,non-bank,approved,
APP_0029,approved,non-bank,approved,
APP_0030,approved,bank,approved,
APP_0031,approved,bank,approved,
APP_0032,approved,bank,approved,
APP_0033,approved,bank,approved,
APP_0034,approved,bank,approved,
APP_0035,approved,bank,approved,
APP_0036,approved,non-bank,approved,
APP_0037,approved,non-bank,approved,
APP_0038,approved,bank,approved,
APP_0039,approved,non-bank,approved,
APP_0040,approved,bank,approved,
APP_0041,approved,bank,approved,
APP_0042,approved,bank,approved,
APP_0043,approved,bank,approved,
APP_0044,approved,bank,approved,
APP_0045,approved,bank,approved,
APP_0046,approved,bank,approved,
APP_0047,approved,bank,approved,
APP_0048,approved,non-bank,approved,
APP_0049,approved,bank,approved,
APP_0050,approved,non-bank,approved,
APP_0051,approved,non-bank,approved,
APP_0052,approved,non-bank,approved,
APP_0053,approved,bank,approved,
APP_0054,approved,bank,approved,
APP_0055,approved,bank,approved,
APP_0056,approved,bank,approved,
APP_0057,approved,bank,approved,
APP_0058,approved,bank,approved,
APP_0059,denied,non-bank,denied,
APP_0060,approved,non-bank,approved,
APP_0061,approved,bank,approved,
APP_0062,approved,bank,approved,
APP_0063,denied,bank,denied,
APP_0064,approved,bank,approved,
APP_0065,approved,bank,approved,
APP_0066,approved,bank,approved,
APP_0067,approved,bank,approved,
APP_0068,approved,bank,approved,
APP_0069,approved,non-bank,approved,
APP_0070,approved,bank,approved,
APP_0071,approved,non-bank,approved,
APP_0072,approved,bank,approved,
APP_0073,approved,bank,approved,
APP_0074,approved,non-bank,approved,
APP_0075,approved,non-bank,approved,
APP_0076,approved,non-bank,approved,
APP_0077,approved,non-bank,approved,
APP_0078,approved,bank,approved,
APP_0079,approved,bank,approved,
APP_0080,approved,bank,approved,
APP_0081,approved,bank,approved,
APP_0082,denied,bank,denied,
APP_0083,approved,bank,approved,
APP_0084,approved,non-bank,approved,
APP_0085,approved,non-bank,approved,
APP_0086,approved,non-bank,approved,
APP_0087,approved,bank,approved,
APP_0088,approved,bank,approved,
APP_0089,approved,non-bank,approved,
APP_0090,approved,bank,approved,
APP_0091,approved,non-bank,approved,
APP_0092,approved,bank,approved,
APP_0093,approved,bank,approved,
APP_0094,approved,bank,approved,
APP_0095,approved,bank,approved,
APP_0096,approved,bank,approved,
APP_0097,approved,bank,approved,
APP_0098,approved,non-bank,approved,
APP_0099,approved,non-bank,approved,
APP_0100,approved,bank,approved,
APP_0101,approved,bank,approved,
APP_0102,approved,bank,approved,
APP_0103,denied,non-bank,denied,
APP_0104,approved,bank,approved,
APP_0105,approved,bank,approved,
APP_0106,approved,bank,approved,
APP_0107,approved,bank,approved,
APP_0108,denied,non-bank,denied,
APP_0109,approved,non-bank,approved,
APP_0110,approved,bank,approved,
APP_0111,approved,bank,approved,
APP_0112,approved,non-bank,approved,
APP_0113,approved,bank,approved,
APP_0114,approved,bank,approved,
APP_0115,approved,non-bank,approved,
APP_0116,approved,bank,approved,
APP_0117,approved,bank,approved,
APP_0118,approved,bank,approved,
APP_0119,approved,bank,approved,
APP_0120,approved,bank,approved,
APP_0121,approved,bank,approved,
APP_0122,approved,bank,approved,
APP_0123,approved,non-bank,approved,
APP_0124,approved,bank,approved,
APP_0125,approved,non-bank,approved,
APP_0126,approved,bank,approved,
APP_0127,approved,bank,approved,
APP_0128,denied,non-bank,denied,
APP_0129,approved,non-bank,approved,
APP_0130,approved,bank,approved,
APP_0131,denied,non-bank,denied,
APP_0132,approved,bank,approved,
APP_0133,approved,bank,approved,
APP_0134,approved,bank,approved,
APP_0135,approved,bank,approved,
APP_0136,approved,non-bank,approved,
APP_0137,approved,bank,approved,
APP_0138,approved,bank,approved,
APP_0139,approved,bank,approved,
APP_0140,approved,non-bank,approved,
APP_0141,approved,bank,approved,
APP_0142,approved,bank,approved,
APP_0143,approved,bank,approved,
APP_0144,approved,bank,approved,
APP_0145,approved,bank,approved,
APP_0146,approved,non-bank,approved,
APP_0147,approved,bank,approved,
APP_0148,approved,bank,approved,
APP_0149,approved,bank,approved,
APP_0150,approved,non-bank,approved,
APP_0151,approved,bank,approved,
APP_0152,approved,bank,approved,
APP_0153,approved,non-bank,approved,
APP_0154,approved,bank,approved,
APP_0155,approved,non-bank,approved,
APP_0156,approved,bank,approved,
APP_0157,approved,non-bank,approved,
APP_0158,approved,bank,approved,
APP_0159,approved,bank,approved,
APP_0160,approved,bank,approved,
APP_0161,approved,non-bank,approved,
APP_0162,approved,bank,approved,
APP_0163,approved,non-bank,approved,
APP_0164,approved,non-bank,approved,
APP_0165,approved,bank,approved,
APP_0166,approved,bank,approved,
APP_0167,approved,bank,approved,
APP_0168,approved,bank,approved,
APP_0169,approved,bank,approved,
APP_0170,denied,bank,denied,
APP_0171,denied,non-bank,denied,
APP_0172,approved,bank,approved,
APP_0173,denied,non-bank,denied,
APP_0174,approved,bank,approved,
APP_0175,approved,non-bank,approved,
APP_0176,approved,non-bank,approved,
APP_0177,approved,bank,approved,
APP_0178,approved,bank,approved,
APP_0179,approved,bank,approved,
APP_0180,approved,bank,approved,
APP_0181,approved,bank,approved,
APP_0182,approved,bank,approved,
APP_0183,approved,bank,approved,
APP_0184,approved,bank,approved,
APP_0185,approved,bank,approved,
APP_0186,approved,bank,approved,
APP_0187,approved,bank,approved,
APP_0188,approved,non-bank,approved,
APP_0189,approved,bank,approved,
APP_0190,approved,non-bank,approved,
APP_0191,approved,bank,approved,
APP_0192,approved,non-bank,approved,
APP_0193,approved,non-bank,approved,
APP_0194,denied,bank,denied,
APP_0195,approved,non-bank,approved,
APP_0196,approved,non-bank,approved,
APP_0197,approved,bank,approved,
APP_0198,approved,bank,approved,
APP_0199,approved,non-bank,approved,
APP_0200,approved,bank,approved,
