application_id,score,decision_label,explanation,reason
APP_0001,0.6172,approve,Meets policy thresholds given DTI/LTV/score.,Meets policy thresholds given DTI/LTV/score.
APP_0002,0.3745,denied,Fails one or more policy thresholds (DTI/LTV/history/amount).,Fails one or more policy thresholds (DTI/LTV/history/amount).
APP_0003,0.4812,approve,Meets policy thresholds given DTI/LTV/score.,Meets policy thresholds given DTI/LTV/score.
APP_0004,0.498,approve,Meets policy thresholds given DTI/LTV/score.,Meets policy thresholds given DTI/LTV/score.
APP_0005,0.6851,approve,Meets policy thresholds given DTI/LTV/score.,Meets policy thresholds given DTI/LTV/score.
APP_0006,0.6269,approve,Meets policy thresholds given DTI/LTV/score.,Meets policy thresholds given DTI/LTV/score.
APP_0007,0.4946,approve,Meets policy thresholds given DTI/LTV/score.,Meets policy thresholds given DTI/LTV/score.
APP_0008,0.7366,approve,Meets policy thresholds given DTI/LTV/score.,Meets policy thresholds given DTI/LTV/score.
APP_0009,0.4948,approve,Meets policy thresholds given DTI/LTV/score.,Meets policy thresholds given DTI/LTV/score.
APP_0010,0.5985,approve,Meets policy thresholds given DTI/LTV/score.,Meets policy thresholds given DTI/LTV/score.
APP_0011,0.5814,approve,Meets policy thresholds given DTI/LTV/score.,Meets policy thresholds given DTI/LTV/score.
APP_0012,0.7717,approve,Meets policy thresholds given DTI/LTV/score.,Meets policy thresholds given DTI/LTV/score.
APP_0013,0.6909,approve,Meets policy thresholds given DTI/LTV/score.,Meets policy thresholds given DTI/LTV/score.
APP_0014,0.5226,approve,Meets policy thresholds given DTI/LTV/score.,Meets policy thresholds given DTI/LTV/score.
APP_0015,0.5859,approve,Meets policy thresholds given DTI/LTV/score.,Meets policy thresholds given DTI/LTV/score.
APP_0016,0.6406,approve,Meets policy thresholds given DTI/LTV/score.,Meets policy thresholds given DTI/LTV/score.
APP_0017,0.545,approve,Meets policy thresholds given DTI/LTV/score.,Meets policy thresholds given DTI/LTV/score.
APP_0018,0.7545,approve,Meets policy thresholds given DTI/LTV/score.,Meets policy thresholds given DTI/LTV/score.
APP_0019,0.6603,approve,Meets policy thresholds given DTI/LTV/score.,Meets policy thresholds given DTI/LTV/score.
APP_0020,0.6522,approve,Meets policy thresholds given DTI/LTV/score.,Meets policy thresholds given DTI/LTV/score.
APP_0021,0.8163,approve,Meets policy thresholds given DTI/LTV/score.,Meets policy thresholds given DTI/LTV/score.
APP_0022,0.564,approve,Meets policy thresholds given DTI/LTV/score.,Meets policy thresholds given DTI/LTV/score.
APP_0023,0.5221,approve,Meets policy thresholds given DTI/LTV/score.,Meets policy thresholds given DTI/LTV/score.
APP_0024,0.6153,approve,Meets policy thresholds given DTI/LTV/score.,Meets policy thresholds given DTI/LTV/score.
APP_0025,0.5469,approve,Meets policy thresholds given DTI/LTV/score.,Meets policy thresholds given DTI/LTV/score.
APP_0026,0.6615,approve,Meets policy thresholds given DTI/LTV/score.,Meets policy thresholds given DTI/LTV/score.
APP_0027,0.818,approve,Meets policy thresholds given DTI/LTV/score.,Meets policy thresholds given DTI/LTV/score.
APP_0028,0.8044,approve,Meets policy thresholds given DTI/LTV/score.,Meets policy thresholds given DTI/LTV/score.
APP_0029,0.5203,approve,Meets policy thresholds given DTI/LTV/score.,Meets policy thresholds given DTI/LTV/score.
APP_0030,0.7933,approve,Meets policy thresholds given DTI/LTV/score.,Meets policy thresholds given DTI/LTV/score.
APP_0031,0.6464,approve,Meets policy thresholds given DTI/LTV/score.,Meets policy thresholds given DTI/LTV/score.
APP_0032,0.5139,approve,Meets policy thresholds given DTI/LTV/score.,Meets policy thresholds given DTI/LTV/score.
APP_0033,0.6673,approve,Meets policy thresholds given DTI/LTV/score.,Meets policy thresholds given DTI/LTV/score.
APP_0034,0.5629,approve,Meets policy thresholds given DTI/LTV/score.,Meets policy thresholds given DTI/LTV/score.
APP_0035,0.7012,approve,Meets policy thresholds given DTI/LTV/score.,Meets policy thresholds given DTI/LTV/score.
APP_0036,0.6303,approve,Meets policy thresholds given DTI/LTV/score.,Meets policy thresholds given DTI/LTV/score.
APP_0037,0.4626,approve,Meets policy thresholds given DTI/LTV/score.,Meets policy thresholds given DTI/LTV/score.
APP_0038,0.577,approve,Meets policy thresholds given DTI/LTV/score.,Meets policy thresholds given DTI/LTV/score.
APP_0039,0.5968,approve,Meets policy thresholds given DTI/LTV/score.,Meets policy thresholds given DTI/LTV/score.
APP_0040,0.8097,approve,Meets policy thresholds given DTI/LTV/score.,Meets policy thresholds given DTI/LTV/score.
APP_0041,0.5845,approve,Meets policy thresholds given DTI/LTV/score.,Meets policy thresholds given DTI/LTV/score.
APP_0042,0.6685,approve,Meets policy thresholds given DTI/LTV/score.,Meets policy thresholds given DTI/LTV/score.
APP_0043,0.7356,approve,Meets policy thresholds given DTI/LTV/score.,Meets policy thresholds given DTI/LTV/score.
APP_0044,0.4996,approve,Meets policy thresholds given DTI/LTV/score.,Meets policy thresholds given DTI/LTV/score.
APP_0045,0.567,approve,Meets policy thresholds given DTI/LTV/score.,Meets policy thresholds given DTI/LTV/score.
APP_0046,0.528,approve,Meets policy thresholds given DTI/LTV/score.,Meets policy thresholds given DTI/LTV/score.
APP_0047,0.6371,approve,Meets policy thresholds given DTI/LTV/score.,Meets policy thresholds given DTI/LTV/score.
APP_0048,0.5296,approve,Meets policy thresholds given DTI/LTV/score.,Meets policy thresholds given DTI/LTV/score.
APP_0049,0.5854,approve,Meets policy thresholds given DTI/LTV/score.,Meets policy thresholds given DTI/LTV/score.
APP_0050,0.6494,approve,Meets policy thresholds given DTI/LTV/score.,Meets policy thresholds given DTI/LTV/score.
APP_0051,0.6501,approve,Meets policy thresholds given DTI/LTV/score.,Meets policy thresholds given DTI/LTV/score.
APP_0052,0.59,approve,Meets policy thresholds given DTI/LTV/score.,Meets policy thresholds given DTI/LTV/score.
APP_0053,0.545,approve,Meets policy thresholds given DTI/LTV/score.,Meets policy thresholds given DTI/LTV/score.
APP_0054,0.5022,approve,Meets policy thresholds given DTI/LTV/score.,Meets policy thresholds given DTI/LTV/score.
APP_0055,0.551,approve,Meets policy thresholds given DTI/LTV/score.,Meets policy thresholds given DTI/LTV/score.
APP_0056,0.5911,approve,Meets policy thresholds given DTI/LTV/score.,Meets policy thresholds given DTI/LTV/score.
APP_0057,0.6976,approve,Meets policy thresholds given DTI/LTV/score.,Meets policy thresholds given DTI/LTV/score.
APP_0058,0.5455,approve,Meets policy thresholds given DTI/LTV/score.,Meets policy thresholds given DTI/LTV/score.
APP_0059,0.3987,denied,Fails one or more policy thresholds (DTI/LTV/history/amount).,Fails one or more policy thresholds (DTI/LTV/history/amount).
APP_0060,0.8829,approve,Meets policy thresholds given DTI/LTV/score.,Meets policy thresholds given DTI/LTV/score.
APP_0061,0.5956,approve,Meets policy thresholds given DTI/LTV/score.,Meets policy thresholds given DTI/LTV/score.
APP_0062,0.8036,approve,Meets policy thresholds given DTI/LTV/score.,Meets policy thresholds given DTI/LTV/score.
APP_0063,0.3321,denied,Fails one or more policy thresholds (DTI/LTV/history/amount).,Fails one or more policy thresholds (DTI/LTV/history/amount).
APP_0064,0.5228,approve,Meets policy thresholds given DTI/LTV/score.,Meets policy thresholds given DTI/LTV/score.
APP_0065,0.5892,approve,Meets policy thresholds given DTI/LTV/score.,Meets policy thresholds given DTI/LTV/score.
APP_0066,0.5217,approve,Meets policy thresholds given DTI/LTV/score.,Meets policy thresholds given DTI/LTV/score.
APP_0067,0.7367,approve,Meets policy thresholds given DTI/LTV/score.,Meets policy thresholds given DTI/LTV/score.
APP_0068,0.7488,approve,Meets policy thresholds given DTI/LTV/score.,Meets policy thresholds given DTI/LTV/score.
APP_0069,0.6107,approve,Meets policy thresholds given DTI/LTV/score.,Meets policy thresholds given DTI/LTV/score.
APP_0070,0.8018,approve,Meets policy thresholds given DTI/LTV/score.,Meets policy thresholds given DTI/LTV/score.
APP_0071,0.6305,approve,Meets policy thresholds given DTI/LTV/score.,Meets policy thresholds given DTI/LTV/score.
APP_0072,0.6649,approve,Meets policy thresholds given DTI/LTV/score.,Meets policy thresholds given DTI/LTV/score.
APP_0073,0.5207,approve,Meets policy thresholds given DTI/LTV/score.,Meets policy thresholds given DTI/LTV/score.
APP_0074,0.5354,approve,Meets policy thresholds given DTI/LTV/score.,Meets policy thresholds given DTI/LTV/score.
APP_0075,0.623,approve,Meets policy thresholds given DTI/LTV/score.,Meets policy thresholds given DTI/LTV/score.
APP_0076,0.7051,approve,Meets policy thresholds given DTI/LTV/score.,Meets policy thresholds given DTI/LTV/score.
APP_0077,0.5491,approve,Meets policy thresholds given DTI/LTV/score.,Meets policy thresholds given DTI/LTV/score.
APP_0078,0.5708,approve,Meets policy thresholds given DTI/LTV/score.,Meets policy thresholds given DTI/LTV/score.
APP_0079,0.5833,approve,Meets policy thresholds given DTI/LTV/score.,Meets policy thresholds given DTI/LTV/score.
APP_0080,0.6591,approve,Meets policy thresholds given DTI/LTV/score.,Meets policy thresholds given DTI/LTV/score.
APP_0081,0.5866,approve,Meets policy thresholds given DTI/LTV/score.,Meets policy thresholds given DTI/LTV/score.
APP_0082,0.4202,denied,Fails one or more policy thresholds (DTI/LTV/history/amount).,Fails one or more policy thresholds (DTI/LTV/history/amount).
APP_0083,0.5162,approve,Meets policy thresholds given DTI/LTV/score.,Meets policy thresholds given DTI/LTV/score.
APP_0084,0.6282,approve,Meets policy thresholds given DTI/LTV/score.,Meets policy thresholds given DTI/LTV/score.
APP_0085,0.7782,approve,Meets policy thresholds given DTI/LTV/score.,Meets policy thresholds given DTI/LTV/score.
APP_0086,0.7903,approve,Meets policy thresholds given DTI/LTV/score.,Meets policy thresholds given DTI/LTV/score.
APP_0087,0.6186,approve,Meets policy thresholds given DTI/LTV/score.,Meets policy thresholds given DTI/LTV/score.
APP_0088,0.6742,approve,Meets policy thresholds given DTI/LTV/score.,Meets policy thresholds given DTI/LTV/score.
APP_0089,0.6091,approve,Meets policy thresholds given DTI/LTV/score.,Meets policy thresholds given DTI/LTV/score.
APP_0090,0.6596,approve,Meets policy thresholds given DTI/LTV/score.,Meets policy thresholds given DTI/LTV/score.
APP_0091,0.5575,approve,Meets policy thresholds given DTI/LTV/score.,Meets policy thresholds given DTI/LTV/score.
APP_0092,0.6407,approve,Meets policy thresholds given DTI/LTV/score.,Meets policy thresholds given DTI/LTV/score.
APP_0093,0.4685,approve,Meets policy thresholds given DTI/LTV/score.,Meets policy thresholds given DTI/LTV/score.
APP_0094,0.7348,approve,Meets policy thresholds given DTI/LTV/score.,Meets policy thresholds given DTI/LTV/score.
APP_0095,0.7378,approve,Meets policy thresholds given DTI/LTV/score.,Meets policy thresholds given DTI/LTV/score.
APP_0096,0.7934,approve,Meets policy thresholds given DTI/LTV/score.,Meets policy thresholds given DTI/LTV/score.
APP_0097,0.4716,approve,Meets policy thresholds given DTI/LTV/score.,Meets policy thresholds given DTI/LTV/score.
APP_0098,0.5355,approve,Meets policy thresholds given DTI/LTV/score.,Meets policy thresholds given DTI/LTV/score.
APP_0099,0.5693,approve,Meets policy thresholds given DTI/LTV/score.,Meets policy thresholds given DTI/LTV/score.
APP_0100,0.6734,approve,Meets policy thresholds given DTI/LTV/score.,Meets policy thresholds given DTI/LTV/score.
APP_0101,0.5152,approve,Meets policy thresholds given DTI/LTV/score.,Meets policy thresholds given DTI/LTV/score.
APP_0102,0.4671,approve,Meets policy thresholds given DTI/LTV/score.,Meets policy thresholds given DTI/LTV/score.
APP_0103,0.4252,denied,Fails one or more policy thresholds (DTI/LTV/history/amount).,Fails one or more policy thresholds (DTI/LTV/history/amount).
APP_0104,0.7998,approve,Meets policy thresholds given DTI/LTV/score.,Meets policy thresholds given DTI/LTV/score.
APP_0105,0.8187,approve,Meets policy thresholds given DTI/LTV/score.,Meets policy thresholds given DTI/LTV/score.
APP_0106,0.5988,approve,Meets policy thresholds given DTI/LTV/score.,Meets policy thresholds given DTI/LTV/score.
APP_0107,0.5019,approve,Meets policy thresholds given DTI/LTV/score.,Meets policy thresholds given DTI/LTV/score.
APP_0108,0.4284,denied,Fails one or more policy thresholds (DTI/LTV/history/amount).,Fails one or more policy thresholds (DTI/LTV/history/amount).
APP_0109,0.5915,approve,Meets policy thresholds given DTI/LTV/score.,Meets policy thresholds given DTI/LTV/score.
APP_0110,0.6941,approve,Meets policy thresholds given DTI/LTV/score.,Meets policy thresholds given DTI/LTV/score.
APP_0111,0.641,approve,Meets policy thresholds given DTI/LTV/score.,Meets policy thresholds given DTI/LTV/score.
APP_0112,0.4782,approve,Meets policy thresholds given DTI/LTV/score.,Meets policy thresholds given DTI/LTV/score.
APP_0113,0.6695,approve,Meets policy thresholds given DTI/LTV/score.,Meets policy thresholds given DTI/LTV/score.
APP_0114,0.5472,approve,Meets policy thresholds given DTI/LTV/score.,Meets policy thresholds given DTI/LTV/score.
APP_0115,0.6465,approve,Meets policy thresholds given DTI/LTV/score.,Meets policy thresholds given DTI/LTV/score.
APP_0116,0.504,approve,Meets policy thresholds given DTI/LTV/score.,Meets policy thresholds given DTI/LTV/score.
APP_0117,0.4823,approve,Meets policy thresholds given DTI/LTV/score.,Meets policy thresholds given DTI/LTV/score.
APP_0118,0.5231,approve,Meets policy thresholds given DTI/LTV/score.,Meets policy thresholds given DTI/LTV/score.
APP_0119,0.6929,approve,Meets policy thresholds given DTI/LTV/score.,Meets policy thresholds given DTI/LTV/score.
APP_0120,0.7129,approve,Meets policy thresholds given DTI/LTV/score.,Meets policy thresholds given DTI/LTV/score.
APP_0121,0.6089,approve,Meets policy thresholds given DTI/LTV/score.,Meets policy thresholds given DTI/LTV/score.
APP_0122,0.5909,approve,Meets policy thresholds given DTI/LTV/score.,Meets policy thresholds given DTI/LTV/score.
APP_0123,0.5918,approve,Meets policy thresholds given DTI/LTV/score.,Meets policy thresholds given DTI/LTV/score.
APP_0124,0.5707,approve,Meets policy thresholds given DTI/LTV/score.,Meets policy thresholds given DTI/LTV/score.
APP_0125,0.7495,approve,Meets policy thresholds given DTI/LTV/score.,Meets policy thresholds given DTI/LTV/score.
APP_0126,0.6448,approve,Meets policy thresholds given DTI/LTV/score.,Meets policy thresholds given DTI/LTV/score.
APP_0127,0.5423,approve,Meets policy thresholds given DTI/LTV/score.,Meets policy thresholds given DTI/LTV/score.
APP_0128,0.2551,denied,Fails one or more policy thresholds (DTI/LTV/history/amount).,Fails one or more policy thresholds (DTI/LTV/history/amount).
APP_0129,0.4664,approve,Meets policy thresholds given DTI/LTV/score.,Meets policy thresholds given DTI/LTV/score.
APP_0130,0.5709,approve,Meets policy thresholds given DTI/LTV/score.,Meets policy thresholds given DTI/LTV/score.
APP_0131,0.4186,denied,Fails one or more policy thresholds (DTI/LTV/history/amount).,Fails one or more policy thresholds (DTI/LTV/history/amount).
APP_0132,0.586,approve,Meets policy thresholds given DTI/LTV/score.,Meets policy thresholds given DTI/LTV/score.
APP_0133,0.5862,approve,Meets policy thresholds given DTI/LTV/score.,Meets policy thresholds given DTI/LTV/score.
APP_0134,0.6665,approve,Meets policy thresholds given DTI/LTV/score.,Meets policy thresholds given DTI/LTV/score.
APP_0135,0.6048,approve,Meets policy thresholds given DTI/LTV/score.,Meets policy thresholds given DTI/LTV/score.
APP_0136,0.6327,approve,Meets policy thresholds given DTI/LTV/score.,Meets policy thresholds given DTI/LTV/score.
APP_0137,0.5071,approve,Meets policy thresholds given DTI/LTV/score.,Meets policy thresholds given DTI/LTV/score.
APP_0138,0.6028,approve,Meets policy thresholds given DTI/LTV/score.,Meets policy thresholds given DTI/LTV/score.
APP_0139,0.508,approve,Meets policy thresholds given DTI/LTV/score.,Meets policy thresholds given DTI/LTV/score.
APP_0140,0.5498,approve,Meets policy thresholds given DTI/LTV/score.,Meets policy thresholds given DTI/LTV/score.
APP_0141,0.5852,approve,Meets policy thresholds given DTI/LTV/score.,Meets policy thresholds given DTI/LTV/score.
APP_0142,0.5875,approve,Meets policy thresholds given DTI/LTV/score.,Meets policy thresholds given DTI/LTV/score.
APP_0143,0.5545,approve,Meets policy thresholds given DTI/LTV/score.,Meets policy thresholds given DTI/LTV/score.
APP_0144,0.6715,approve,Meets policy thresholds given DTI/LTV/score.,Meets policy thresholds given DTI/LTV/score.
APP_0145,0.5767,approve,Meets policy thresholds given DTI/LTV/score.,Meets policy thresholds given DTI/LTV/score.
APP_0146,0.5888,approve,Meets policy thresholds given DTI/LTV/score.,Meets policy thresholds given DTI/LTV/score.
APP_0147,0.6324,approve,Meets policy thresholds given DTI/LTV/score.,Meets policy thresholds given DTI/LTV/score.
APP_0148,0.6762,approve,Meets policy thresholds given DTI/LTV/score.,Meets policy thresholds given DTI/LTV/score.
APP_0149,0.6033,approve,Meets policy thresholds given DTI/LTV/score.,Meets policy thresholds given DTI/LTV/score.
APP_0150,0.5087,approve,Meets policy thresholds given DTI/LTV/score.,Meets policy thresholds given DTI/LTV/score.
APP_0151,0.6461,approve,Meets policy thresholds given DTI/LTV/score.,Meets policy thresholds given DTI/LTV/score.
APP_0152,0.7193,approve,Meets policy thresholds given DTI/LTV/score.,Meets policy thresholds given DTI/LTV/score.
APP_0153,0.7039,approve,Meets policy thresholds given DTI/LTV/score.,Meets policy thresholds given DTI/LTV/score.
APP_0154,0.6181,approve,Meets policy thresholds given DTI/LTV/score.,Meets policy thresholds given DTI/LTV/score.
APP_0155,0.6041,approve,Meets policy thresholds given DTI/LTV/score.,Meets policy thresholds given DTI/LTV/score.
APP_0156,0.4907,approve,Meets policy thresholds given DTI/LTV/score.,Meets policy thresholds given DTI/LTV/score.
APP_0157,0.6662,approve,Meets policy thresholds given DTI/LTV/score.,Meets policy thresholds given DTI/LTV/score.
APP_0158,0.5385,approve,Meets policy thresholds given DTI/LTV/score.,Meets policy thresholds given DTI/LTV/score.
APP_0159,0.821,approve,Meets policy thresholds given DTI/LTV/score.,Meets policy thresholds given DTI/LTV/score.
APP_0160,0.6035,approve,Meets policy thresholds given DTI/LTV/score.,Meets policy thresholds given DTI/LTV/score.
APP_0161,0.5111,approve,Meets policy thresholds given DTI/LTV/score.,Meets policy thresholds given DTI/LTV/score.
APP_0162,0.6813,approve,Meets policy thresholds given DTI/LTV/score.,Meets policy thresholds given DTI/LTV/score.
APP_0163,0.6559,approve,Meets policy thresholds given DTI/LTV/score.,Meets policy thresholds given DTI/LTV/score.
APP_0164,0.5492,approve,Meets policy thresholds given DTI/LTV/score.,Meets policy thresholds given DTI/LTV/score.
APP_0165,0.7898,approve,Meets policy thresholds given DTI/LTV/score.,Meets policy thresholds given DTI/LTV/score.
APP_0166,0.5806,approve,Meets policy thresholds given DTI/LTV/score.,Meets policy thresholds given DTI/LTV/score.
APP_0167,0.6703,approve,Meets policy thresholds given DTI/LTV/score.,Meets policy thresholds given DTI/LTV/score.
APP_0168,0.555,approve,Meets policy thresholds given DTI/LTV/score.,Meets policy thresholds given DTI/LTV/score.
APP_0169,0.5873,approve,Meets policy thresholds given DTI/LTV/score.,Meets policy thresholds given DTI/LTV/score.
APP_0170,0.4261,denied,Fails one or more policy thresholds (DTI/LTV/history/amount).,Fails one or more policy thresholds (DTI/LTV/history/amount).
APP_0171,0.3893,denied,Fails one or more policy thresholds (DTI/LTV/history/amount).,Fails one or more policy thresholds (DTI/LTV/history/amount).
APP_0172,0.7257,approve,Meets policy thresholds given DTI/LTV/score.,Meets policy thresholds given DTI/LTV/score.
APP_0173,0.3996,denied,Fails one or more policy thresholds (DTI/LTV/history/amount).,Fails one or more policy thresholds (DTI/LTV/history/amount).
APP_0174,0.6541,approve,Meets policy thresholds given DTI/LTV/score.,Meets policy thresholds given DTI/LTV/score.
APP_0175,0.7077,approve,Meets policy thresholds given DTI/LTV/score.,Meets policy thresholds given DTI/LTV/score.
APP_0176,0.7896,approve,Meets policy thresholds given DTI/LTV/score.,Meets policy thresholds given DTI/LTV/score.
APP_0177,0.7621,approve,Meets policy thresholds given DTI/LTV/score.,Meets policy thresholds given DTI/LTV/score.
APP_0178,0.5305,approve,Meets policy thresholds given DTI/LTV/score.,Meets policy thresholds given DTI/LTV/score.
APP_0179,0.6556,approve,Meets policy thresholds given DTI/LTV/score.,Meets policy thresholds given DTI/LTV/score.
APP_0180,0.7366,approve,Meets policy thresholds given DTI/LTV/score.,Meets policy thresholds given DTI/LTV/score.
APP_0181,0.5073,approve,Meets policy thresholds given DTI/LTV/score.,Meets policy thresholds given DTI/LTV/score.
APP_0182,0.5229,approve,Meets policy thresholds given DTI/LTV/score.,Meets policy thresholds given DTI/LTV/score.
APP_0183,0.7111,approve,Meets policy thresholds given DTI/LTV/score.,Meets policy thresholds given DTI/LTV/score.
APP_0184,0.516,approve,Meets policy thresholds given DTI/LTV/score.,Meets policy thresholds given DTI/LTV/score.
APP_0185,0.6123,approve,Meets policy thresholds given DTI/LTV/score.,Meets policy thresholds given DTI/LTV/score.
APP_0186,0.7958,approve,Meets policy thresholds given DTI/LTV/score.,Meets policy thresholds given DTI/LTV/score.
APP_0187,0.8083,approve,Meets policy thresholds given DTI/LTV/score.,Meets policy thresholds given DTI/LTV/score.
APP_0188,0.691,approve,Meets policy thresholds given DTI/LTV/score.,Meets policy thresholds given DTI/LTV/score.
APP_0189,0.7335,approve,Meets policy thresholds given DTI/LTV/score.,Meets policy thresholds given DTI/LTV/score.
APP_0190,0.7364,approve,Meets policy thresholds given DTI/LTV/score.,Meets policy thresholds given DTI/LTV/score.
APP_0191,0.6817,approve,Meets policy thresholds given DTI/LTV/score.,Meets policy thresholds given DTI/LTV/score.
APP_0192,0.5706,approve,Meets policy thresholds given DTI/LTV/score.,Meets policy thresholds given DTI/LTV/score.
APP_0193,0.7016,approve,Meets policy thresholds given DTI/LTV/score.,Meets policy thresholds given DTI/LTV/score.
APP_0194,0.4495,denied,Fails one or more policy thresholds (DTI/LTV/history/amount).,Fails one or more policy thresholds (DTI/LTV/history/amount).
APP_0195,0.6801,approve,Meets policy thresholds given DTI/LTV/score.,Meets policy thresholds given DTI/LTV/score.
APP_0196,0.6373,approve,Meets policy thresholds given DTI/LTV/score.,Meets policy thresholds given DTI/LTV/score.
APP_0197,0.7683,approve,Meets policy thresholds given DTI/LTV/score.,Meets policy thresholds given DTI/LTV/score.
APP_0198,0.5049,approve,Meets policy thresholds given DTI/LTV/score.,Meets policy thresholds given DTI/LTV/score.
APP_0199,0.5514,approve,Meets policy thresholds given DTI/LTV/score.,Meets policy thresholds given DTI/LTV/score.
APP_0200,0.7178,approve,Meets policy thresholds given DTI/LTV/score.,Meets policy thresholds given DTI/LTV/score.
