{
  "timestamp": "20251119-101021",
  "model_choice": "GradientBoostingRegressor",
  "trained_model_path": "/home/dzoan/AI-AIGENTbythePeoplesANDBOX/HUGKAG/agents/asset_appraisal/models/trained/GradientBoostingRegressor_asset_20251119-101021.joblib",
  "features": [
    "confidence",
    "loan_amount"
  ],
  "metrics_new": {
    "MAE": 214810.59374315606,
    "RMSE": 340173.0431775342,
    "MAPE%": 134.97795519062208,
    "R2": 0.4249054544468782
  },
  "metrics_prod": null,
  "holdout_rows": 30,
  "source_file": "./.tmp_runs/reviewed_appraisal.20251119-100957.csv",
  "preds_csv": "./.tmp_runs/training_preds_20251119-101021.csv"
}