{
  "timestamp": "20251119-101053",
  "model_choice": "GradientBoostingRegressor",
  "trained_model_path": "/home/dzoan/AI-AIGENTbythePeoplesANDBOX/HUGKAG/agents/asset_appraisal/models/trained/GradientBoostingRegressor_asset_20251119-101053.joblib",
  "features": [
    "confidence",
    "loan_amount"
  ],
  "metrics_new": {
    "MAE": 216439.283877789,
    "RMSE": 340888.53714356193,
    "MAPE%": 135.19797686257203,
    "R2": 0.42248369046652434
  },
  "metrics_prod": null,
  "holdout_rows": 30,
  "source_file": "./.tmp_runs/reviewed_appraisal.20251119-100957.csv",
  "preds_csv": "./.tmp_runs/training_preds_20251119-101053.csv"
}