{
  "timestamp": "20251119-101004",
  "model_choice": "GradientBoostingRegressor",
  "trained_model_path": "/home/dzoan/AI-AIGENTbythePeoplesANDBOX/HUGKAG/agents/asset_appraisal/models/trained/GradientBoostingRegressor_asset_20251119-101004.joblib",
  "features": [
    "confidence",
    "loan_amount"
  ],
  "metrics_new": {
    "MAE": 212416.54578832927,
    "RMSE": 339437.219481337,
    "MAPE%": 134.52226893044227,
    "R2": 0.4273907220361757
  },
  "metrics_prod": null,
  "holdout_rows": 30,
  "source_file": "./.tmp_runs/reviewed_appraisal.20251119-100957.csv",
  "preds_csv": "./.tmp_runs/training_preds_20251119-101004.csv"
}