{
  "timestamp": "20251119-101046",
  "model_choice": "GradientBoostingRegressor",
  "trained_model_path": "/home/dzoan/AI-AIGENTbythePeoplesANDBOX/HUGKAG/agents/asset_appraisal/models/trained/GradientBoostingRegressor_asset_20251119-101046.joblib",
  "features": [
    "confidence",
    "loan_amount"
  ],
  "metrics_new": {
    "MAE": 212763.2210943603,
    "RMSE": 339574.62777822616,
    "MAPE%": 134.6381192427963,
    "R2": 0.4269270298615063
  },
  "metrics_prod": null,
  "holdout_rows": 30,
  "source_file": "./.tmp_runs/reviewed_appraisal.20251119-100957.csv",
  "preds_csv": "./.tmp_runs/training_preds_20251119-101046.csv"
}