applicant_id,country,gov_id,occupation,source_of_funds,transaction_amount,channel,ip_country,device_id,risk_score,id_doc_verified,selfie_match,sanctions_hit,pep_flag,kyc_status,fraud_score,model_score,model_action,fraud_action,session_user_name,session_user_email,session_flagged,created_at
AFK-SYN-,US,US****59,Teacher,Business,4400.54,Web,IN,DE*****32,8.96,True,True,False,False,Auto-Clear,11.62,0.47,Auto-Clear,Auto-Clear,dzoan,dzoannguyentran@gmail.com,False,2025-11-09T02:28:57.231797+00:00
AFK-SYN-,US,US****76,Founder,Investments,3479.84,API,SG,DE*****34,52.59,True,True,False,False,Auto-Clear,19.72,3.22,Auto-Clear,Auto-Clear,dzoan,dzoannguyentran@gmail.com,False,2025-11-09T02:28:57.231797+00:00
AFK-SYN-,GB,GB****87,Founder,Investments,4852.69,Branch,VN,DE*****40,42.38,True,True,False,False,Auto-Clear,19.97,1.82,Auto-Clear,Auto-Clear,dzoan,dzoannguyentran@gmail.com,False,2025-11-09T02:28:57.231797+00:00
AFK-SYN-,GB,GB****99,Engineer,Crypto,3440.09,API,GB,DE*****27,21.38,True,True,False,False,Review,12.22,0.88,Auto-Clear,Auto-Clear,dzoan,dzoannguyentran@gmail.com,False,2025-11-09T02:28:57.231797+00:00
AFK-SYN-,US,US****27,Consultant,Crypto,2986.01,API,GB,DE*****51,42.31,True,True,False,False,Auto-Clear,16.08,2.22,Auto-Clear,Auto-Clear,dzoan,dzoannguyentran@gmail.com,False,2025-11-09T02:28:57.231797+00:00
AFK-SYN-,VN,VN****12,Engineer,Investments,6069.98,Branch,DE,DE*****74,24.76,True,True,False,False,Auto-Clear,18.57,0.76,Auto-Clear,Auto-Clear,dzoan,dzoannguyentran@gmail.com,False,2025-11-09T02:28:57.231797+00:00
AFK-SYN-,CA,CA****13,Engineer,Business,4854.77,Mobile,US,DE*****82,18.51,True,True,False,False,Auto-Clear,14.62,0.67,Auto-Clear,Auto-Clear,dzoan,dzoannguyentran@gmail.com,False,2025-11-09T02:28:57.231797+00:00
AFK-SYN-,VN,VN****49,Founder,Crypto,4151.79,Mobile,SG,DE*****02,39.64,True,True,True,False,Review,61.36,28.75,Auto-Clear,Auto-Clear,dzoan,dzoannguyentran@gmail.com,False,2025-11-09T02:28:57.231797+00:00
AFK-SYN-,SG,SG****30,Doctor,Business,4545.71,Branch,US,DE*****45,36.35,True,False,False,False,Auto-Clear,17.92,1.46,Auto-Clear,Auto-Clear,dzoan,dzoannguyentran@gmail.com,False,2025-11-09T02:28:57.231797+00:00
AFK-SYN-,GB,GB****57,Founder,Crypto,1751.41,Branch,GB,DE*****64,25.59,True,True,False,False,Auto-Clear,9.57,1.26,Auto-Clear,Auto-Clear,dzoan,dzoannguyentran@gmail.com,False,2025-11-09T02:28:57.231797+00:00
AFK-SYN-,VN,VN****66,Engineer,Salary,5293.93,Mobile,IN,DE*****97,1.34,True,True,False,False,Auto-Clear,11.97,0.31,Auto-Clear,Auto-Clear,dzoan,dzoannguyentran@gmail.com,False,2025-11-09T02:28:57.231797+00:00
AFK-SYN-,VN,VN****77,Founder,Investments,4203.47,Branch,US,DE*****28,50.87,True,True,False,False,Auto-Clear,20.73,2.77,Auto-Clear,Auto-Clear,dzoan,dzoannguyentran@gmail.com,False,2025-11-09T02:28:57.231797+00:00
AFK-SYN-,IN,IN****36,Consultant,Business,4529.57,Mobile,DE,DE*****38,12.33,True,True,False,False,Auto-Clear,12.61,0.53,Auto-Clear,Auto-Clear,dzoan,dzoannguyentran@gmail.com,False,2025-11-09T02:28:57.231797+00:00
AFK-SYN-,SG,SG****06,Engineer,Crypto,3670.91,Mobile,VN,DE*****71,26.45,True,True,False,False,Auto-Clear,13.82,1.06,Auto-Clear,Auto-Clear,dzoan,dzoannguyentran@gmail.com,False,2025-11-09T02:28:57.231797+00:00
AFK-SYN-,VN,VN****07,Doctor,Investments,3128.78,Mobile,SG,DE*****09,27.74,True,True,False,False,Review,12.97,1.19,Auto-Clear,Auto-Clear,dzoan,dzoannguyentran@gmail.com,False,2025-11-09T02:28:57.231797+00:00
AFK-SYN-,GB,GB****28,Engineer,Crypto,4084.37,Branch,SG,DE*****14,35.25,True,True,False,False,Auto-Clear,16.7,1.47,Auto-Clear,Auto-Clear,dzoan,dzoannguyentran@gmail.com,False,2025-11-09T02:28:57.231797+00:00
AFK-SYN-,CA,CA****80,Consultant,Investments,4298.46,Web,DE,DE*****88,33.41,True,True,False,False,Auto-Clear,16.72,1.33,Auto-Clear,Auto-Clear,dzoan,dzoannguyentran@gmail.com,False,2025-11-09T02:28:57.231797+00:00
AFK-SYN-,DE,DE****76,Consultant,Crypto,1912.76,Web,DE,DE*****69,43.0,True,True,False,False,Auto-Clear,14.06,2.57,Auto-Clear,Auto-Clear,dzoan,dzoannguyentran@gmail.com,False,2025-11-09T02:28:57.231797+00:00
AFK-SYN-,VN,VN****35,Consultant,Business,5059.07,Mobile,SG,DE*****02,16.33,True,True,False,False,Auto-Clear,14.6,0.59,Auto-Clear,Auto-Clear,dzoan,dzoannguyentran@gmail.com,False,2025-11-09T02:28:57.231797+00:00
AFK-SYN-,SG,SG****26,Trader,Salary,3093.16,Web,US,DE*****19,0.45,True,True,False,False,Auto-Clear,7.02,0.38,Auto-Clear,Auto-Clear,dzoan,dzoannguyentran@gmail.com,False,2025-11-09T02:28:57.231797+00:00
AFK-SYN-,SG,SG****60,Founder,Investments,2787.02,Mobile,SG,DE*****57,24.41,True,True,False,False,Auto-Clear,11.5,1.07,Auto-Clear,Auto-Clear,dzoan,dzoannguyentran@gmail.com,False,2025-11-09T02:28:57.231797+00:00
AFK-SYN-,SG,SG****67,Consultant,Business,5422.13,Branch,US,DE*****85,14.53,True,True,False,False,Auto-Clear,15.0,0.53,Auto-Clear,Auto-Clear,dzoan,dzoannguyentran@gmail.com,False,2025-11-09T02:28:57.231797+00:00
AFK-SYN-,SG,SG****26,Founder,Salary,5131.03,Web,DE,DE*****53,64.27,True,True,False,False,Auto-Clear,26.22,4.35,Auto-Clear,Auto-Clear,dzoan,dzoannguyentran@gmail.com,False,2025-11-09T02:28:57.231797+00:00
AFK-SYN-,GB,GB****66,Teacher,Crypto,2388.11,Web,CA,DE*****94,7.47,True,True,False,False,Auto-Clear,6.98,0.55,Auto-Clear,Auto-Clear,dzoan,dzoannguyentran@gmail.com,False,2025-11-09T02:28:57.231797+00:00
AFK-SYN-,IN,IN****23,Trader,Salary,1735.03,Mobile,VN,DE*****39,51.76,True,True,False,False,Auto-Clear,16.01,3.75,Auto-Clear,Auto-Clear,dzoan,dzoannguyentran@gmail.com,False,2025-11-09T02:28:57.231797+00:00
AFK-SYN-,SG,SG****62,Consultant,Investments,3997.29,Mobile,GB,DE*****54,0.0,True,True,False,False,Auto-Clear,8.88,0.33,Auto-Clear,Auto-Clear,dzoan,dzoannguyentran@gmail.com,False,2025-11-09T02:28:57.231797+00:00
AFK-SYN-,SG,SG****77,Doctor,Business,3001.57,API,VN,DE*****10,56.32,True,True,False,False,Auto-Clear,19.78,3.95,Auto-Clear,Auto-Clear,dzoan,dzoannguyentran@gmail.com,False,2025-11-09T02:28:57.231797+00:00
AFK-SYN-,US,US****24,Doctor,Investments,2257.22,Web,DE,DE*****71,25.27,True,True,False,False,Auto-Clear,10.56,1.18,Auto-Clear,Auto-Clear,dzoan,dzoannguyentran@gmail.com,False,2025-11-09T02:28:57.231797+00:00
AFK-SYN-,US,US****10,Trader,Investments,5621.52,API,SG,DE*****60,25.01,True,True,False,False,Auto-Clear,17.66,0.8,Auto-Clear,Auto-Clear,dzoan,dzoannguyentran@gmail.com,False,2025-11-09T02:28:57.231797+00:00
AFK-SYN-,US,US****38,Trader,Salary,2629.73,Web,VN,DE*****82,18.57,True,True,False,False,Review,9.88,0.85,Auto-Clear,Auto-Clear,dzoan,dzoannguyentran@gmail.com,False,2025-11-09T02:28:57.231797+00:00
AFK-SYN-,VN,VN****25,Doctor,Business,4617.89,Branch,DE,DE*****66,34.18,True,True,False,False,Auto-Clear,17.57,1.32,Auto-Clear,Auto-Clear,dzoan,dzoannguyentran@gmail.com,False,2025-11-09T02:28:57.231797+00:00
AFK-SYN-,VN,VN****43,Doctor,Salary,2954.02,Web,DE,DE*****58,9.44,True,True,False,False,Auto-Clear,8.61,0.56,Auto-Clear,Auto-Clear,dzoan,dzoannguyentran@gmail.com,False,2025-11-09T02:28:57.231797+00:00
AFK-SYN-,GB,GB****08,Engineer,Investments,3691.99,Web,CA,DE*****38,61.12,True,True,False,False,Review,22.5,4.46,Auto-Clear,Auto-Clear,dzoan,dzoannguyentran@gmail.com,False,2025-11-09T02:28:57.231797+00:00
AFK-SYN-,VN,VN****02,Founder,Business,4827.55,Branch,CA,DE*****01,65.72,True,True,False,False,Auto-Clear,26.06,4.76,Auto-Clear,Auto-Clear,dzoan,dzoannguyentran@gmail.com,False,2025-11-09T02:28:57.231797+00:00
AFK-SYN-,DE,DE****14,Engineer,Crypto,1858.21,Web,US,DE*****87,31.41,True,True,False,False,Auto-Clear,11.13,1.59,Auto-Clear,Auto-Clear,dzoan,dzoannguyentran@gmail.com,False,2025-11-09T02:28:57.231797+00:00
AFK-SYN-,SG,SG****64,Trader,Business,2171.55,Branch,GB,DE*****28,47.87,True,True,True,False,Review,65.14,41.65,Auto-Clear,Auto-Clear,dzoan,dzoannguyentran@gmail.com,False,2025-11-09T02:28:57.231797+00:00
AFK-SYN-,DE,DE****42,Consultant,Investments,3303.87,API,US,DE*****84,36.81,True,True,False,False,Auto-Clear,15.42,1.7,Auto-Clear,Auto-Clear,dzoan,dzoannguyentran@gmail.com,False,2025-11-09T02:28:57.231797+00:00
AFK-SYN-,GB,GB****65,Founder,Crypto,3441.54,Web,CA,DE*****82,10.62,True,True,False,False,Auto-Clear,9.91,0.56,Auto-Clear,Auto-Clear,dzoan,dzoannguyentran@gmail.com,False,2025-11-09T02:28:57.231797+00:00
AFK-SYN-,DE,DE****97,Doctor,Crypto,4599.08,Web,SG,DE*****35,25.32,True,True,False,False,Auto-Clear,15.55,0.91,Auto-Clear,Auto-Clear,dzoan,dzoannguyentran@gmail.com,False,2025-11-09T02:28:57.231797+00:00
AFK-SYN-,US,US****07,Trader,Salary,4145.74,Mobile,DE,DE*****05,31.91,True,False,False,False,Auto-Clear,16.06,1.27,Auto-Clear,Auto-Clear,dzoan,dzoannguyentran@gmail.com,False,2025-11-09T02:28:57.231797+00:00
AFK-SYN-,CA,CA****26,Consultant,Salary,3791.0,Web,IN,DE*****70,36.81,True,True,False,False,Auto-Clear,16.44,1.62,Auto-Clear,Auto-Clear,dzoan,dzoannguyentran@gmail.com,False,2025-11-09T02:28:57.231797+00:00
AFK-SYN-,US,US****42,Consultant,Salary,5752.21,API,GB,DE*****71,29.25,True,True,False,False,Auto-Clear,18.87,0.95,Auto-Clear,Auto-Clear,dzoan,dzoannguyentran@gmail.com,False,2025-11-09T02:28:57.231797+00:00
AFK-SYN-,VN,VN****42,Teacher,Crypto,3878.73,Branch,US,DE*****13,21.92,True,True,False,False,Auto-Clear,13.28,0.86,Auto-Clear,Auto-Clear,dzoan,dzoannguyentran@gmail.com,False,2025-11-09T02:28:57.231797+00:00
AFK-SYN-,SG,SG****06,Trader,Business,2225.1,Branch,CA,DE*****95,79.22,True,True,False,False,Auto-Clear,26.0,10.6,Auto-Clear,Auto-Clear,dzoan,dzoannguyentran@gmail.com,False,2025-11-09T02:28:57.231797+00:00
AFK-SYN-,DE,DE****13,Engineer,Business,4848.63,Web,IN,DE*****34,5.66,True,True,False,False,Auto-Clear,11.9,0.39,Auto-Clear,Auto-Clear,dzoan,dzoannguyentran@gmail.com,False,2025-11-09T02:28:57.231797+00:00
AFK-SYN-,CA,CA****14,Trader,Business,2183.86,Web,SG,DE*****90,93.1,True,True,False,True,Auto-Clear,58.47,30.17,Auto-Clear,Auto-Clear,dzoan,dzoannguyentran@gmail.com,False,2025-11-09T02:28:57.231797+00:00
AFK-SYN-,CA,CA****02,Consultant,Investments,3909.87,Web,SG,DE*****84,30.09,True,True,False,False,Auto-Clear,15.14,1.2,Auto-Clear,Auto-Clear,dzoan,dzoannguyentran@gmail.com,False,2025-11-09T02:28:57.231797+00:00
AFK-SYN-,DE,DE****39,Doctor,Investments,3048.61,Web,IN,DE*****25,7.5,True,True,False,False,Auto-Clear,8.41,0.51,Auto-Clear,Auto-Clear,dzoan,dzoannguyentran@gmail.com,False,2025-11-09T02:28:57.231797+00:00
AFK-SYN-,VN,VN****33,Founder,Salary,3778.6,API,US,DE*****32,55.25,True,True,False,False,Review,21.03,3.48,Auto-Clear,Auto-Clear,dzoan,dzoannguyentran@gmail.com,False,2025-11-09T02:28:57.231797+00:00
AFK-SYN-,IN,IN****90,Consultant,Crypto,3563.79,Mobile,SG,DE*****49,20.57,True,True,False,False,Auto-Clear,12.3,0.84,Auto-Clear,Auto-Clear,dzoan,dzoannguyentran@gmail.com,False,2025-11-09T02:28:57.231797+00:00
AFK-SYN-,VN,VN****27,Consultant,Salary,6876.9,Web,GB,DE*****30,42.72,True,True,False,False,Auto-Clear,24.28,1.48,Auto-Clear,Auto-Clear,dzoan,dzoannguyentran@gmail.com,False,2025-11-09T02:28:57.231797+00:00
AFK-SYN-,VN,VN****50,Engineer,Salary,3813.39,Mobile,CA,DE*****50,58.82,True,True,False,False,Auto-Clear,22.08,4.01,Auto-Clear,Auto-Clear,dzoan,dzoannguyentran@gmail.com,False,2025-11-09T02:28:57.231797+00:00
AFK-SYN-,US,US****65,Consultant,Crypto,1406.5,API,SG,DE*****61,12.79,True,False,False,False,Auto-Clear,6.01,0.77,Auto-Clear,Auto-Clear,dzoan,dzoannguyentran@gmail.com,False,2025-11-09T02:28:57.231797+00:00
AFK-SYN-,CA,CA****26,Founder,Investments,3562.96,API,IN,DE*****08,32.93,True,True,False,False,Auto-Clear,15.06,1.41,Auto-Clear,Auto-Clear,dzoan,dzoannguyentran@gmail.com,False,2025-11-09T02:28:57.231797+00:00
AFK-SYN-,SG,SG****60,Trader,Investments,5265.79,API,VN,DE*****71,38.53,True,True,False,False,Auto-Clear,19.93,1.48,Auto-Clear,Auto-Clear,dzoan,dzoannguyentran@gmail.com,False,2025-11-09T02:28:57.231797+00:00
AFK-SYN-,DE,DE****18,Trader,Salary,1391.93,Web,GB,DE*****19,69.55,True,True,False,False,Auto-Clear,20.92,7.94,Auto-Clear,Auto-Clear,dzoan,dzoannguyentran@gmail.com,False,2025-11-09T02:28:57.231797+00:00
AFK-SYN-,DE,DE****60,Teacher,Business,3105.77,Mobile,DE,DE*****62,28.31,True,True,False,False,Auto-Clear,13.04,1.22,Auto-Clear,Auto-Clear,dzoan,dzoannguyentran@gmail.com,False,2025-11-09T02:28:57.231797+00:00
AFK-SYN-,IN,IN****75,Doctor,Investments,5578.77,API,SG,DE*****52,43.78,True,True,False,False,Auto-Clear,21.82,1.78,Auto-Clear,Auto-Clear,dzoan,dzoannguyentran@gmail.com,False,2025-11-09T02:28:57.231797+00:00
AFK-SYN-,CA,CA****03,Consultant,Investments,4493.59,Branch,VN,DE*****64,21.05,True,True,False,False,Auto-Clear,14.4,0.77,Auto-Clear,Auto-Clear,dzoan,dzoannguyentran@gmail.com,False,2025-11-09T02:28:57.231797+00:00
AFK-SYN-,IN,IN****46,Founder,Salary,4438.82,Web,VN,DE*****63,36.41,True,True,False,False,Review,17.7,1.48,Auto-Clear,Auto-Clear,dzoan,dzoannguyentran@gmail.com,False,2025-11-09T02:28:57.231797+00:00
AFK-SYN-,CA,CA****41,Teacher,Salary,5684.78,Branch,US,DE*****89,33.66,True,True,False,False,Auto-Clear,19.7,1.15,Auto-Clear,Auto-Clear,dzoan,dzoannguyentran@gmail.com,False,2025-11-09T02:28:57.231797+00:00
AFK-SYN-,CA,CA****43,Doctor,Salary,5313.47,API,VN,DE*****35,21.02,True,True,False,False,Auto-Clear,16.14,0.7,Auto-Clear,Auto-Clear,dzoan,dzoannguyentran@gmail.com,False,2025-11-09T02:28:57.231797+00:00
AFK-SYN-,CA,CA****23,Engineer,Business,2040.13,Web,US,DE*****48,21.95,True,True,False,False,Auto-Clear,9.36,1.05,Auto-Clear,Auto-Clear,dzoan,dzoannguyentran@gmail.com,False,2025-11-09T02:28:57.231797+00:00
AFK-SYN-,IN,IN****06,Teacher,Salary,750.45,Branch,IN,DE*****36,36.44,True,True,False,False,Review,10.04,2.22,Auto-Clear,Auto-Clear,dzoan,dzoannguyentran@gmail.com,False,2025-11-09T02:28:57.231797+00:00
AFK-SYN-,CA,CA****19,Teacher,Business,1024.11,Web,CA,DE*****53,3.37,True,True,False,False,Auto-Clear,3.18,0.54,Auto-Clear,Auto-Clear,dzoan,dzoannguyentran@gmail.com,False,2025-11-09T02:28:57.231797+00:00
AFK-SYN-,US,US****01,Engineer,Business,4515.9,Branch,CA,DE*****88,51.28,True,True,True,False,Review,69.43,38.86,Auto-Clear,Auto-Clear,dzoan,dzoannguyentran@gmail.com,False,2025-11-09T02:28:57.231797+00:00
AFK-SYN-,SG,SG****73,Founder,Crypto,3781.28,Branch,GB,DE*****69,32.05,True,True,False,False,Auto-Clear,15.32,1.33,Auto-Clear,Auto-Clear,dzoan,dzoannguyentran@gmail.com,False,2025-11-09T02:28:57.231797+00:00
AFK-SYN-,DE,DE****15,Engineer,Crypto,4699.79,Web,VN,DE*****10,32.5,True,True,False,False,Auto-Clear,17.36,1.22,Auto-Clear,Auto-Clear,dzoan,dzoannguyentran@gmail.com,False,2025-11-09T02:28:57.231797+00:00
AFK-SYN-,US,US****16,Trader,Investments,2513.3,Mobile,SG,DE*****40,35.23,True,True,False,False,Auto-Clear,13.4,1.74,Auto-Clear,Auto-Clear,dzoan,dzoannguyentran@gmail.com,False,2025-11-09T02:28:57.231797+00:00
AFK-SYN-,VN,VN****25,Doctor,Salary,4510.18,Branch,DE,DE*****62,81.55,True,True,False,False,Auto-Clear,30.76,9.21,Auto-Clear,Auto-Clear,dzoan,dzoannguyentran@gmail.com,False,2025-11-09T02:28:57.231797+00:00
AFK-SYN-,CA,CA****65,Engineer,Salary,5425.11,Web,IN,DE*****05,61.19,True,True,False,False,Auto-Clear,25.93,3.72,Auto-Clear,Auto-Clear,dzoan,dzoannguyentran@gmail.com,False,2025-11-09T02:28:57.231797+00:00
AFK-SYN-,US,US****26,Founder,Business,1578.47,Mobile,DE,DE*****07,43.79,True,True,False,False,Review,13.58,2.75,Auto-Clear,Auto-Clear,dzoan,dzoannguyentran@gmail.com,False,2025-11-09T02:28:57.231797+00:00
AFK-SYN-,VN,VN****96,Founder,Crypto,1804.68,Mobile,CA,DE*****75,25.56,True,True,False,False,Auto-Clear,9.68,1.25,Auto-Clear,Auto-Clear,dzoan,dzoannguyentran@gmail.com,False,2025-11-09T02:28:57.231797+00:00
AFK-SYN-,CA,CA****89,Doctor,Salary,3665.89,Web,IN,DE*****39,39.58,True,True,False,False,Auto-Clear,16.83,1.84,Auto-Clear,Auto-Clear,dzoan,dzoannguyentran@gmail.com,False,2025-11-09T02:28:57.231797+00:00
AFK-SYN-,CA,CA****99,Trader,Salary,3284.47,API,SG,DE*****50,27.13,True,True,False,False,Auto-Clear,13.16,1.14,Auto-Clear,Auto-Clear,dzoan,dzoannguyentran@gmail.com,False,2025-11-09T02:28:57.231797+00:00
AFK-SYN-,GB,GB****17,Teacher,Crypto,3358.95,Web,GB,DE*****49,0.0,True,True,False,False,Auto-Clear,7.5,0.36,Auto-Clear,Auto-Clear,dzoan,dzoannguyentran@gmail.com,False,2025-11-09T02:28:57.231797+00:00
AFK-SYN-,CA,CA****32,Doctor,Salary,699.66,Web,US,DE*****21,29.3,True,True,False,False,Review,8.22,1.66,Auto-Clear,Auto-Clear,dzoan,dzoannguyentran@gmail.com,False,2025-11-09T02:28:57.231797+00:00
AFK-SYN-,SG,SG****07,Founder,Crypto,5093.22,Branch,VN,DE*****13,19.61,True,True,False,False,Auto-Clear,15.37,0.68,Auto-Clear,Auto-Clear,dzoan,dzoannguyentran@gmail.com,False,2025-11-09T02:28:57.231797+00:00
AFK-SYN-,US,US****31,Founder,Investments,5124.3,Branch,IN,DE*****42,23.11,True,True,False,False,Auto-Clear,16.19,0.78,Auto-Clear,Auto-Clear,dzoan,dzoannguyentran@gmail.com,False,2025-11-09T02:28:57.231797+00:00
AFK-SYN-,SG,SG****94,Founder,Salary,3070.38,Web,US,DE*****90,69.42,True,True,False,False,Auto-Clear,23.9,6.64,Auto-Clear,Auto-Clear,dzoan,dzoannguyentran@gmail.com,False,2025-11-09T02:28:57.231797+00:00
AFK-SYN-,SG,SG****88,Teacher,Salary,2251.35,Web,US,DE*****21,0.0,True,False,False,False,Review,5.12,0.41,Auto-Clear,Auto-Clear,dzoan,dzoannguyentran@gmail.com,False,2025-11-09T02:28:57.231797+00:00
AFK-SYN-,CA,CA****05,Trader,Business,2859.32,Web,DE,DE*****01,21.91,True,True,False,False,Auto-Clear,11.1,0.96,Auto-Clear,Auto-Clear,dzoan,dzoannguyentran@gmail.com,False,2025-11-09T02:28:57.231797+00:00
AFK-SYN-,VN,VN****72,Trader,Investments,3894.39,Mobile,GB,DE*****45,28.14,True,True,False,False,Auto-Clear,14.68,1.11,Auto-Clear,Auto-Clear,dzoan,dzoannguyentran@gmail.com,False,2025-11-09T02:28:57.231797+00:00
AFK-SYN-,CA,CA****31,Teacher,Investments,3102.21,Branch,VN,DE*****52,42.67,True,True,False,False,Auto-Clear,16.41,2.22,Auto-Clear,Auto-Clear,dzoan,dzoannguyentran@gmail.com,False,2025-11-09T02:28:57.231797+00:00
AFK-SYN-,VN,VN****16,Founder,Business,5841.22,Web,US,DE*****05,38.2,True,True,False,False,Review,21.06,1.37,Auto-Clear,Auto-Clear,dzoan,dzoannguyentran@gmail.com,False,2025-11-09T02:28:57.231797+00:00
AFK-SYN-,US,US****68,Trader,Investments,3899.68,Mobile,DE,DE*****15,41.28,True,True,False,False,Auto-Clear,17.72,1.92,Auto-Clear,Auto-Clear,dzoan,dzoannguyentran@gmail.com,False,2025-11-09T02:28:57.231797+00:00
AFK-SYN-,GB,GB****04,Doctor,Salary,1012.42,Branch,DE,DE*****40,29.14,True,True,False,False,Auto-Clear,8.83,1.59,Auto-Clear,Auto-Clear,dzoan,dzoannguyentran@gmail.com,False,2025-11-09T02:28:57.231797+00:00
AFK-SYN-,US,US****47,Consultant,Salary,2345.49,Web,DE,DE*****18,26.86,True,True,False,False,Auto-Clear,11.12,1.25,Auto-Clear,Auto-Clear,dzoan,dzoannguyentran@gmail.com,False,2025-11-09T02:28:57.231797+00:00
AFK-SYN-,VN,VN****52,Teacher,Investments,4243.01,Web,SG,DE*****42,12.16,True,True,False,False,Auto-Clear,11.96,0.55,Auto-Clear,Auto-Clear,dzoan,dzoannguyentran@gmail.com,False,2025-11-09T02:28:57.231797+00:00
AFK-SYN-,VN,VN****96,Teacher,Investments,3767.7,Mobile,SG,DE*****02,36.83,True,True,False,False,Auto-Clear,16.4,1.62,Auto-Clear,Auto-Clear,dzoan,dzoannguyentran@gmail.com,False,2025-11-09T02:28:57.231797+00:00
AFK-SYN-,US,US****50,Doctor,Investments,3295.51,Mobile,SG,DE*****32,17.97,True,True,False,False,Auto-Clear,11.16,0.77,Auto-Clear,Auto-Clear,dzoan,dzoannguyentran@gmail.com,False,2025-11-09T02:28:57.231797+00:00
AFK-SYN-,DE,DE****33,Consultant,Salary,4298.7,Web,CA,DE*****78,42.33,True,True,False,False,Review,18.8,1.93,Auto-Clear,Auto-Clear,dzoan,dzoannguyentran@gmail.com,False,2025-11-09T02:28:57.231797+00:00
AFK-SYN-,US,US****50,Teacher,Business,3129.59,Branch,DE,DE*****88,28.29,True,True,False,False,Auto-Clear,13.1,1.22,Auto-Clear,Auto-Clear,dzoan,dzoannguyentran@gmail.com,False,2025-11-09T02:28:57.231797+00:00
AFK-SYN-,SG,SG****05,Founder,Investments,5136.63,API,IN,DE*****25,20.61,True,True,False,False,Auto-Clear,15.68,0.71,Auto-Clear,Auto-Clear,dzoan,dzoannguyentran@gmail.com,False,2025-11-09T02:28:57.231797+00:00
AFK-SYN-,IN,IN****05,Teacher,Business,2847.81,Web,CA,DE*****61,23.81,True,True,False,False,Review,11.5,1.04,Auto-Clear,Auto-Clear,dzoan,dzoannguyentran@gmail.com,False,2025-11-09T02:28:57.231797+00:00
AFK-SYN-,SG,SG****38,Founder,Salary,3143.21,Branch,CA,DE*****79,33.28,True,True,False,False,Auto-Clear,14.26,1.5,Auto-Clear,Auto-Clear,dzoan,dzoannguyentran@gmail.com,False,2025-11-09T02:28:57.231797+00:00
AFK-SYN-,IN,IN****51,Founder,Investments,4301.99,Branch,GB,DE*****97,67.58,True,True,False,False,Auto-Clear,25.62,5.43,Auto-Clear,Auto-Clear,dzoan,dzoannguyentran@gmail.com,False,2025-11-09T02:28:57.231797+00:00
AFK-SYN-,SG,SG****09,Teacher,Salary,5102.94,API,IN,DE*****43,63.08,True,True,False,False,Auto-Clear,25.82,4.15,Auto-Clear,Auto-Clear,dzoan,dzoannguyentran@gmail.com,False,2025-11-09T02:28:57.231797+00:00
AFK-SYN-,SG,SG****15,Trader,Salary,3657.78,Web,VN,DE*****74,27.76,True,True,False,False,Auto-Clear,14.09,1.12,Auto-Clear,Auto-Clear,dzoan,dzoannguyentran@gmail.com,False,2025-11-09T02:28:57.231797+00:00
AFK-SYN-,VN,VN****09,Trader,Salary,4042.8,API,IN,DE*****56,47.75,True,True,False,False,Auto-Clear,19.61,2.48,Auto-Clear,Auto-Clear,dzoan,dzoannguyentran@gmail.com,False,2025-11-09T02:28:57.231797+00:00
AFK-SYN-,GB,GB****77,Doctor,Investments,626.89,Web,US,DE*****98,18.48,True,True,False,False,Auto-Clear,5.6,1.06,Auto-Clear,Auto-Clear,dzoan,dzoannguyentran@gmail.com,False,2025-11-09T02:28:57.231797+00:00
AFK-SYN-,GB,GB****08,Teacher,Investments,3195.95,Branch,SG,DE*****60,39.07,True,True,False,False,Auto-Clear,15.74,1.9,Auto-Clear,Auto-Clear,dzoan,dzoannguyentran@gmail.com,False,2025-11-09T02:28:57.231797+00:00
AFK-SYN-,SG,SG****47,Founder,Investments,4295.2,API,SG,DE*****99,40.93,True,True,False,False,Auto-Clear,18.46,1.82,Auto-Clear,Auto-Clear,dzoan,dzoannguyentran@gmail.com,False,2025-11-09T02:28:57.231797+00:00
AFK-SYN-,VN,VN****40,Doctor,Business,3131.5,Branch,DE,DE*****40,14.35,True,True,False,False,Auto-Clear,10.04,0.68,Auto-Clear,Auto-Clear,dzoan,dzoannguyentran@gmail.com,False,2025-11-09T02:28:57.231797+00:00
AFK-SYN-,DE,DE****31,Teacher,Business,2883.47,Branch,US,DE*****74,41.69,True,True,False,False,Auto-Clear,15.72,2.19,Auto-Clear,Auto-Clear,dzoan,dzoannguyentran@gmail.com,False,2025-11-09T02:28:57.231797+00:00
AFK-SYN-,DE,DE****81,Teacher,Business,4580.22,Web,DE,DE*****44,31.81,True,True,False,False,Auto-Clear,16.95,1.2,Auto-Clear,Auto-Clear,dzoan,dzoannguyentran@gmail.com,False,2025-11-09T02:28:57.231797+00:00
AFK-SYN-,IN,IN****13,Founder,Business,3725.57,Web,IN,DE*****86,40.24,True,True,False,False,Auto-Clear,17.12,1.88,Auto-Clear,Auto-Clear,dzoan,dzoannguyentran@gmail.com,False,2025-11-09T02:28:57.231797+00:00
AFK-SYN-,US,US****53,Founder,Investments,1754.21,Branch,SG,DE*****31,59.96,True,True,False,False,Auto-Clear,18.44,5.23,Auto-Clear,Auto-Clear,dzoan,dzoannguyentran@gmail.com,False,2025-11-09T02:28:57.231797+00:00
AFK-SYN-,CA,CA****88,Teacher,Crypto,608.09,Mobile,CA,DE*****02,13.56,True,True,False,False,Auto-Clear,4.47,0.86,Auto-Clear,Auto-Clear,dzoan,dzoannguyentran@gmail.com,False,2025-11-09T02:28:57.231797+00:00
AFK-SYN-,SG,SG****60,Engineer,Investments,2088.06,Branch,IN,DE*****78,39.71,True,True,False,False,Auto-Clear,13.6,2.2,Auto-Clear,Auto-Clear,dzoan,dzoannguyentran@gmail.com,False,2025-11-09T02:28:57.231797+00:00
AFK-SYN-,DE,DE****32,Engineer,Crypto,3798.84,API,SG,DE*****30,26.52,True,True,False,False,Auto-Clear,14.12,1.05,Auto-Clear,Auto-Clear,dzoan,dzoannguyentran@gmail.com,False,2025-11-09T02:28:57.231797+00:00
AFK-SYN-,SG,SG****41,Engineer,Business,2991.67,Web,CA,DE*****72,51.25,True,True,False,False,Auto-Clear,18.38,3.21,Auto-Clear,Auto-Clear,dzoan,dzoannguyentran@gmail.com,False,2025-11-09T02:28:57.231797+00:00
AFK-SYN-,CA,CA****75,Trader,Crypto,4118.49,Web,SG,DE*****84,22.45,True,True,False,False,Auto-Clear,13.9,0.85,Auto-Clear,Auto-Clear,dzoan,dzoannguyentran@gmail.com,False,2025-11-09T02:28:57.231797+00:00
AFK-SYN-,US,US****70,Founder,Business,4415.51,API,GB,DE*****27,1.29,True,True,False,False,Auto-Clear,10.06,0.34,Auto-Clear,Auto-Clear,dzoan,dzoannguyentran@gmail.com,False,2025-11-09T02:28:57.231797+00:00
AFK-SYN-,CA,CA****28,Consultant,Salary,3782.33,API,IN,DE*****31,18.87,True,True,False,False,Auto-Clear,12.4,0.76,Auto-Clear,Auto-Clear,dzoan,dzoannguyentran@gmail.com,False,2025-11-09T02:28:57.231797+00:00
AFK-SYN-,SG,SG****77,Founder,Business,3789.97,API,CA,DE*****07,64.02,True,True,False,False,Auto-Clear,23.55,4.96,Auto-Clear,Auto-Clear,dzoan,dzoannguyentran@gmail.com,False,2025-11-09T02:28:57.231797+00:00
AFK-SYN-,GB,GB****11,Consultant,Salary,3822.7,Mobile,IN,DE*****54,24.33,True,True,False,False,Auto-Clear,13.68,0.95,Auto-Clear,Auto-Clear,dzoan,dzoannguyentran@gmail.com,False,2025-11-09T02:28:57.231797+00:00
AFK-SYN-,US,US****34,Doctor,Investments,2251.3,Branch,DE,DE*****49,67.22,True,True,False,False,Auto-Clear,21.67,6.63,Auto-Clear,Auto-Clear,dzoan,dzoannguyentran@gmail.com,False,2025-11-09T02:28:57.231797+00:00
AFK-SYN-,SG,SG****09,Doctor,Business,1175.79,Mobile,DE,DE*****09,31.2,True,True,False,False,Auto-Clear,9.65,1.7,Auto-Clear,Auto-Clear,dzoan,dzoannguyentran@gmail.com,False,2025-11-09T02:28:57.231797+00:00
AFK-SYN-,GB,GB****06,Trader,Investments,4129.41,Web,VN,DE*****86,48.98,True,True,False,False,Auto-Clear,20.1,2.58,Auto-Clear,Auto-Clear,dzoan,dzoannguyentran@gmail.com,False,2025-11-09T02:28:57.231797+00:00
AFK-SYN-,VN,VN****68,Teacher,Business,3095.21,Branch,US,DE*****40,0.39,True,True,False,False,Auto-Clear,7.02,0.38,Auto-Clear,Auto-Clear,dzoan,dzoannguyentran@gmail.com,False,2025-11-09T02:28:57.231797+00:00
AFK-SYN-,IN,IN****61,Consultant,Business,5717.39,API,DE,DE*****92,68.36,True,True,False,False,Auto-Clear,28.56,4.82,Auto-Clear,Auto-Clear,dzoan,dzoannguyentran@gmail.com,False,2025-11-09T02:28:57.231797+00:00
AFK-SYN-,US,US****49,Consultant,Salary,3883.28,Mobile,VN,DE*****82,59.25,True,True,False,False,Auto-Clear,22.34,4.05,Auto-Clear,Auto-Clear,dzoan,dzoannguyentran@gmail.com,False,2025-11-09T02:28:57.231797+00:00
AFK-SYN-,IN,IN****38,Consultant,Crypto,3478.92,API,VN,DE*****76,28.15,True,True,False,False,Auto-Clear,13.8,1.16,Auto-Clear,Auto-Clear,dzoan,dzoannguyentran@gmail.com,False,2025-11-09T02:28:57.231797+00:00
AFK-SYN-,DE,DE****96,Consultant,Salary,1561.21,API,CA,DE*****40,0.0,True,False,False,False,Auto-Clear,3.62,0.44,Auto-Clear,Auto-Clear,dzoan,dzoannguyentran@gmail.com,False,2025-11-09T02:28:57.231797+00:00
AFK-SYN-,VN,VN****64,Teacher,Investments,2643.35,Branch,SG,DE*****23,51.72,True,True,False,False,Auto-Clear,17.81,3.4,Auto-Clear,Auto-Clear,dzoan,dzoannguyentran@gmail.com,False,2025-11-09T02:28:57.231797+00:00
AFK-SYN-,GB,GB****97,Consultant,Crypto,3962.12,Web,VN,DE*****53,31.66,True,True,False,False,Auto-Clear,15.62,1.28,Auto-Clear,Auto-Clear,dzoan,dzoannguyentran@gmail.com,False,2025-11-09T02:28:57.231797+00:00
AFK-SYN-,SG,SG****16,Consultant,Crypto,5002.07,Mobile,IN,DE*****13,26.29,True,True,False,False,Auto-Clear,16.62,0.91,Auto-Clear,Auto-Clear,dzoan,dzoannguyentran@gmail.com,False,2025-11-09T02:28:57.231797+00:00
AFK-SYN-,VN,VN****61,Trader,Investments,5298.05,Mobile,IN,DE*****05,41.28,True,True,False,False,Review,20.64,1.65,Auto-Clear,Auto-Clear,dzoan,dzoannguyentran@gmail.com,False,2025-11-09T02:28:57.231797+00:00
AFK-SYN-,CA,CA****87,Consultant,Salary,797.87,Web,SG,DE*****70,19.35,True,True,False,False,Auto-Clear,6.15,1.08,Auto-Clear,Auto-Clear,dzoan,dzoannguyentran@gmail.com,False,2025-11-09T02:28:57.231797+00:00
AFK-SYN-,US,US****59,Teacher,Salary,2401.81,Mobile,VN,DE*****13,30.1,True,True,False,False,Auto-Clear,11.97,1.42,Auto-Clear,Auto-Clear,dzoan,dzoannguyentran@gmail.com,False,2025-11-09T02:28:57.231797+00:00
AFK-SYN-,DE,DE****86,Engineer,Investments,4759.01,Mobile,CA,DE*****36,16.79,True,True,False,False,Auto-Clear,14.06,0.63,Auto-Clear,Auto-Clear,dzoan,dzoannguyentran@gmail.com,False,2025-11-09T02:28:57.231797+00:00
AFK-SYN-,CA,CA****64,Consultant,Business,4276.98,Web,US,DE*****99,14.3,True,True,False,False,Auto-Clear,12.48,0.59,Auto-Clear,Auto-Clear,dzoan,dzoannguyentran@gmail.com,False,2025-11-09T02:28:57.231797+00:00
AFK-SYN-,US,US****12,Engineer,Salary,2040.93,Branch,US,DE*****78,48.71,True,True,False,False,Review,15.8,3.2,Auto-Clear,Auto-Clear,dzoan,dzoannguyentran@gmail.com,False,2025-11-09T02:28:57.231797+00:00
AFK-SYN-,VN,VN****22,Consultant,Crypto,3384.59,Web,DE,DE*****71,5.07,True,True,False,False,Auto-Clear,8.62,0.44,Auto-Clear,Auto-Clear,dzoan,dzoannguyentran@gmail.com,False,2025-11-09T02:28:57.231797+00:00
AFK-SYN-,GB,GB****44,Founder,Business,3839.1,Web,GB,DE*****33,12.2,True,False,False,False,Auto-Clear,11.1,0.57,Auto-Clear,Auto-Clear,dzoan,dzoannguyentran@gmail.com,False,2025-11-09T02:28:57.231797+00:00
AFK-SYN-,VN,VN****92,Doctor,Investments,3569.93,Branch,US,DE*****11,40.56,True,True,False,False,Auto-Clear,16.87,1.94,Auto-Clear,Auto-Clear,dzoan,dzoannguyentran@gmail.com,False,2025-11-09T02:28:57.231797+00:00
AFK-SYN-,US,US****38,Engineer,Crypto,4468.41,Web,GB,DE*****56,0.0,True,True,False,False,Auto-Clear,9.9,0.32,Auto-Clear,Auto-Clear,dzoan,dzoannguyentran@gmail.com,False,2025-11-09T02:28:57.231797+00:00
AFK-SYN-,VN,VN****74,Engineer,Investments,2275.25,Branch,SG,DE*****58,53.62,True,True,False,False,Auto-Clear,17.6,3.82,Auto-Clear,Auto-Clear,dzoan,dzoannguyentran@gmail.com,False,2025-11-09T02:28:57.231797+00:00
AFK-SYN-,US,US****25,Teacher,Business,3053.94,Web,CA,DE*****93,35.23,True,True,False,False,Auto-Clear,14.52,1.64,Auto-Clear,Auto-Clear,dzoan,dzoannguyentran@gmail.com,False,2025-11-09T02:28:57.231797+00:00
AFK-SYN-,GB,GB****13,Teacher,Business,5958.51,API,CA,DE*****50,16.58,True,True,False,False,Auto-Clear,16.58,0.54,Auto-Clear,Auto-Clear,dzoan,dzoannguyentran@gmail.com,False,2025-11-09T02:28:57.231797+00:00
AFK-SYN-,DE,DE****36,Trader,Investments,4031.05,API,DE,DE*****71,47.71,True,True,False,False,Auto-Clear,19.58,2.48,Auto-Clear,Auto-Clear,dzoan,dzoannguyentran@gmail.com,False,2025-11-09T02:28:57.231797+00:00
AFK-SYN-,IN,IN****71,Founder,Salary,3908.95,Branch,DE,DE*****99,23.88,True,True,False,False,Auto-Clear,13.76,0.93,Auto-Clear,Auto-Clear,dzoan,dzoannguyentran@gmail.com,False,2025-11-09T02:28:57.231797+00:00
AFK-SYN-,US,US****40,Founder,Crypto,5574.79,Branch,SG,DE*****43,40.1,True,True,False,False,Auto-Clear,20.94,1.53,Auto-Clear,Auto-Clear,dzoan,dzoannguyentran@gmail.com,False,2025-11-09T02:28:57.231797+00:00
AFK-SYN-,GB,GB****46,Trader,Salary,3743.36,Branch,IN,DE*****20,36.21,True,True,True,False,Review,58.78,26.74,Auto-Clear,Auto-Clear,dzoan,dzoannguyentran@gmail.com,False,2025-11-09T02:28:57.231797+00:00
AFK-SYN-,GB,GB****16,Doctor,Business,3404.32,Web,VN,DE*****76,52.88,True,True,False,False,Auto-Clear,19.64,3.28,Auto-Clear,Auto-Clear,dzoan,dzoannguyentran@gmail.com,False,2025-11-09T02:28:57.231797+00:00
AFK-SYN-,DE,DE****18,Teacher,Crypto,3553.05,Mobile,VN,DE*****86,31.98,True,True,False,False,Auto-Clear,14.82,1.36,Auto-Clear,Auto-Clear,dzoan,dzoannguyentran@gmail.com,False,2025-11-09T02:28:57.231797+00:00
AFK-SYN-,IN,IN****50,Engineer,Business,4113.47,Branch,DE,DE*****25,0.0,True,True,False,False,Review,9.14,0.33,Auto-Clear,Auto-Clear,dzoan,dzoannguyentran@gmail.com,False,2025-11-09T02:28:57.231797+00:00
AFK-SYN-,GB,GB****44,Engineer,Investments,4771.07,API,CA,DE*****11,18.1,True,True,False,False,Auto-Clear,14.36,0.66,Auto-Clear,Auto-Clear,dzoan,dzoannguyentran@gmail.com,False,2025-11-09T02:28:57.231797+00:00
AFK-SYN-,GB,GB****22,Teacher,Investments,3955.14,Mobile,VN,DE*****18,57.0,True,True,False,False,Auto-Clear,21.85,3.66,Auto-Clear,Auto-Clear,dzoan,dzoannguyentran@gmail.com,False,2025-11-09T02:28:57.231797+00:00
AFK-SYN-,GB,GB****79,Founder,Crypto,3117.07,API,VN,DE*****35,23.44,True,True,False,False,Auto-Clear,11.98,0.99,Auto-Clear,Auto-Clear,dzoan,dzoannguyentran@gmail.com,False,2025-11-09T02:28:57.231797+00:00
AFK-SYN-,US,US****87,Teacher,Business,2746.32,Mobile,SG,DE*****68,26.96,True,True,False,False,Auto-Clear,11.98,1.2,Auto-Clear,Auto-Clear,dzoan,dzoannguyentran@gmail.com,False,2025-11-09T02:28:57.231797+00:00
AFK-SYN-,GB,GB****22,Consultant,Salary,2132.69,Mobile,GB,DE*****77,11.76,True,True,False,False,Auto-Clear,7.34,0.68,Auto-Clear,Auto-Clear,dzoan,dzoannguyentran@gmail.com,False,2025-11-09T02:28:57.231797+00:00
AFK-SYN-,GB,GB****75,Consultant,Crypto,3534.93,Branch,IN,DE*****14,32.65,True,True,False,False,Auto-Clear,14.94,1.4,Auto-Clear,Auto-Clear,dzoan,dzoannguyentran@gmail.com,False,2025-11-09T02:28:57.231797+00:00
AFK-SYN-,US,US****44,Teacher,Investments,3975.12,API,VN,DE*****94,27.4,True,True,False,False,Auto-Clear,14.68,1.07,Auto-Clear,Auto-Clear,dzoan,dzoannguyentran@gmail.com,False,2025-11-09T02:28:57.231797+00:00
AFK-SYN-,US,US****40,Doctor,Crypto,3108.49,API,US,DE*****95,71.75,True,True,False,False,Auto-Clear,24.76,7.26,Auto-Clear,Auto-Clear,dzoan,dzoannguyentran@gmail.com,False,2025-11-09T02:28:57.231797+00:00
AFK-SYN-,VN,VN****26,Trader,Crypto,3542.69,API,SG,DE*****13,37.62,True,True,False,False,Review,16.11,1.72,Auto-Clear,Auto-Clear,dzoan,dzoannguyentran@gmail.com,False,2025-11-09T02:28:57.231797+00:00
AFK-SYN-,CA,CA****92,Trader,Business,4521.54,Branch,DE,DE*****22,54.38,True,True,False,False,Auto-Clear,22.29,3.1,Auto-Clear,Auto-Clear,dzoan,dzoannguyentran@gmail.com,False,2025-11-09T02:28:57.231797+00:00
AFK-SYN-,IN,IN****42,Teacher,Business,4590.32,Mobile,DE,DE*****41,35.28,True,True,False,False,Auto-Clear,17.76,1.39,Auto-Clear,Auto-Clear,dzoan,dzoannguyentran@gmail.com,False,2025-11-09T02:28:57.231797+00:00
AFK-SYN-,DE,DE****33,Engineer,Business,1175.64,Branch,US,DE*****39,15.36,True,True,False,False,Auto-Clear,6.08,0.88,Auto-Clear,Auto-Clear,dzoan,dzoannguyentran@gmail.com,False,2025-11-09T02:28:57.231797+00:00
AFK-SYN-,GB,GB****31,Consultant,Crypto,3600.78,Mobile,GB,DE*****24,8.16,True,True,False,False,Auto-Clear,9.73,0.49,Auto-Clear,Auto-Clear,dzoan,dzoannguyentran@gmail.com,False,2025-11-09T02:28:57.231797+00:00
AFK-SYN-,GB,GB****79,Teacher,Salary,3444.1,Mobile,US,DE*****65,14.84,True,True,False,False,Auto-Clear,10.82,0.67,Auto-Clear,Auto-Clear,dzoan,dzoannguyentran@gmail.com,False,2025-11-09T02:28:57.231797+00:00
AFK-SYN-,US,US****98,Trader,Investments,1229.66,API,US,DE*****62,30.58,True,True,False,False,Auto-Clear,9.62,1.65,Auto-Clear,Auto-Clear,dzoan,dzoannguyentran@gmail.com,False,2025-11-09T02:28:57.231797+00:00
AFK-SYN-,GB,GB****18,Founder,Business,3770.67,API,US,DE*****10,12.78,True,True,False,False,Review,11.08,0.59,Auto-Clear,Auto-Clear,dzoan,dzoannguyentran@gmail.com,False,2025-11-09T02:28:57.231797+00:00
AFK-SYN-,DE,DE****98,Teacher,Salary,3846.7,API,DE,DE*****12,0.0,True,True,False,False,Auto-Clear,8.56,0.34,Auto-Clear,Auto-Clear,dzoan,dzoannguyentran@gmail.com,False,2025-11-09T02:28:57.231797+00:00
AFK-SYN-,VN,VN****43,Doctor,Investments,2830.73,Branch,VN,DE*****77,35.77,True,True,False,False,Auto-Clear,14.19,1.72,Auto-Clear,Auto-Clear,dzoan,dzoannguyentran@gmail.com,False,2025-11-09T02:28:57.231797+00:00
AFK-SYN-,VN,VN****80,Engineer,Crypto,2688.78,Branch,SG,DE*****82,4.29,True,True,False,False,Auto-Clear,6.96,0.46,Auto-Clear,Auto-Clear,dzoan,dzoannguyentran@gmail.com,False,2025-11-09T02:28:57.231797+00:00
AFK-SYN-,DE,DE****84,Consultant,Salary,3323.07,API,US,DE*****13,22.56,True,True,False,False,Auto-Clear,12.23,0.94,Auto-Clear,Auto-Clear,dzoan,dzoannguyentran@gmail.com,False,2025-11-09T02:28:57.231797+00:00
AFK-SYN-,DE,DE****89,Trader,Crypto,1967.58,Mobile,GB,DE*****04,19.96,True,True,False,False,Auto-Clear,8.77,0.97,Auto-Clear,Auto-Clear,dzoan,dzoannguyentran@gmail.com,False,2025-11-09T02:28:57.231797+00:00
AFK-SYN-,SG,SG****24,Consultant,Salary,2753.4,Mobile,CA,DE*****21,58.15,True,True,False,False,Auto-Clear,19.82,4.37,Auto-Clear,Auto-Clear,dzoan,dzoannguyentran@gmail.com,False,2025-11-09T02:28:57.231797+00:00
AFK-SYN-,IN,IN****16,Founder,Business,4135.3,Branch,GB,DE*****77,28.64,True,False,False,False,Auto-Clear,15.3,1.1,Auto-Clear,Auto-Clear,dzoan,dzoannguyentran@gmail.com,False,2025-11-09T02:28:57.231797+00:00
AFK-SYN-,GB,GB****91,Doctor,Salary,2814.26,API,DE,DE*****89,72.64,True,True,False,False,Auto-Clear,24.54,7.75,Auto-Clear,Auto-Clear,dzoan,dzoannguyentran@gmail.com,False,2025-11-09T02:28:57.231797+00:00
AFK-SYN-,VN,VN****70,Consultant,Investments,3221.28,Mobile,US,DE*****74,43.97,True,True,False,False,Auto-Clear,16.98,2.32,Auto-Clear,Auto-Clear,dzoan,dzoannguyentran@gmail.com,False,2025-11-09T02:28:57.231797+00:00
AFK-SYN-,US,US****72,Consultant,Crypto,3871.54,API,DE,DE*****96,11.98,True,True,False,False,Auto-Clear,11.12,0.56,Auto-Clear,Auto-Clear,dzoan,dzoannguyentran@gmail.com,False,2025-11-09T02:28:57.231797+00:00
AFK-SYN-,GB,GB****65,Doctor,Salary,4539.16,Web,CA,DE*****49,44.82,True,True,False,False,Auto-Clear,19.9,2.08,Auto-Clear,Auto-Clear,dzoan,dzoannguyentran@gmail.com,False,2025-11-09T02:28:57.231797+00:00
AFK-SYN-,DE,DE****79,Consultant,Crypto,3073.16,Mobile,IN,DE*****51,0.0,True,True,False,False,Auto-Clear,6.89,0.37,Auto-Clear,Auto-Clear,dzoan,dzoannguyentran@gmail.com,False,2025-11-09T02:28:57.231797+00:00
AFK-SYN-,US,US****76,Founder,Investments,1431.84,API,GB,DE*****86,11.75,True,True,False,False,Auto-Clear,5.84,0.73,Auto-Clear,Auto-Clear,dzoan,dzoannguyentran@gmail.com,False,2025-11-09T02:28:57.231797+00:00
AFK-SYN-,CA,CA****35,Engineer,Crypto,2919.16,Mobile,IN,DE*****43,34.96,True,True,False,False,Auto-Clear,14.18,1.65,Auto-Clear,Auto-Clear,dzoan,dzoannguyentran@gmail.com,False,2025-11-09T02:28:57.231797+00:00
AFK-SYN-,IN,IN****71,Founder,Salary,3657.23,Branch,VN,DE*****47,34.29,True,True,False,False,Auto-Clear,15.58,1.48,Auto-Clear,Auto-Clear,dzoan,dzoannguyentran@gmail.com,False,2025-11-09T02:28:57.231797+00:00
AFK-SYN-,IN,IN****73,Doctor,Business,2609.37,Mobile,DE,DE*****43,35.69,True,True,False,False,Auto-Clear,13.71,1.76,Auto-Clear,Auto-Clear,dzoan,dzoannguyentran@gmail.com,False,2025-11-09T02:28:57.231797+00:00
AFK-SYN-,VN,VN****93,Founder,Investments,3767.75,Web,CA,DE*****88,14.17,True,True,False,False,Auto-Clear,11.36,0.63,Auto-Clear,Auto-Clear,dzoan,dzoannguyentran@gmail.com,False,2025-11-09T02:28:57.231797+00:00
AFK-SYN-,DE,DE****07,Consultant,Business,1799.79,Branch,US,DE*****50,44.27,True,True,False,False,Auto-Clear,14.15,2.74,Auto-Clear,Auto-Clear,dzoan,dzoannguyentran@gmail.com,False,2025-11-09T02:28:57.231797+00:00
AFK-SYN-,VN,VN****41,Teacher,Salary,4382.7,API,SG,DE*****28,6.91,True,True,False,False,Auto-Clear,11.16,0.43,Auto-Clear,Auto-Clear,dzoan,dzoannguyentran@gmail.com,False,2025-11-09T02:28:57.231797+00:00
AFK-SYN-,US,US****96,Doctor,Investments,4225.17,Branch,VN,DE*****26,25.34,True,True,False,False,Auto-Clear,14.76,0.95,Auto-Clear,Auto-Clear,dzoan,dzoannguyentran@gmail.com,False,2025-11-09T02:28:57.231797+00:00
AFK-SYN-,GB,GB****31,Consultant,Crypto,5653.24,Branch,SG,DE*****79,42.05,True,True,False,False,Auto-Clear,21.56,1.64,Auto-Clear,Auto-Clear,dzoan,dzoannguyentran@gmail.com,False,2025-11-09T02:28:57.231797+00:00
AFK-SYN-,DE,DE****63,Founder,Investments,3656.92,Branch,DE,DE*****36,33.81,True,True,False,False,Auto-Clear,15.46,1.45,Auto-Clear,Auto-Clear,dzoan,dzoannguyentran@gmail.com,False,2025-11-09T02:28:57.231797+00:00
AFK-SYN-,DE,DE****25,Founder,Business,4260.69,Mobile,US,DE*****50,48.4,True,True,False,False,Auto-Clear,20.22,2.49,Auto-Clear,Auto-Clear,dzoan,dzoannguyentran@gmail.com,False,2025-11-09T02:28:57.231797+00:00
AFK-SYN-,US,US****65,Teacher,Investments,3954.61,Branch,CA,DE*****88,63.85,True,True,False,False,Auto-Clear,23.82,4.84,Auto-Clear,Auto-Clear,dzoan,dzoannguyentran@gmail.com,False,2025-11-09T02:28:57.231797+00:00
AFK-SYN-,GB,GB****35,Doctor,Crypto,2245.95,API,IN,DE*****94,29.52,True,True,False,False,Review,11.51,1.41,Auto-Clear,Auto-Clear,dzoan,dzoannguyentran@gmail.com,False,2025-11-09T02:28:57.231797+00:00
AFK-SYN-,US,US****02,Engineer,Business,3907.85,Mobile,CA,DE*****28,43.2,True,True,False,False,Auto-Clear,18.2,2.08,Auto-Clear,Auto-Clear,dzoan,dzoannguyentran@gmail.com,False,2025-11-09T02:28:57.231797+00:00
AFK-SYN-,CA,CA****70,Teacher,Investments,3062.67,Branch,IN,DE*****96,34.91,True,True,False,False,Auto-Clear,14.47,1.62,Auto-Clear,Auto-Clear,dzoan,dzoannguyentran@gmail.com,False,2025-11-09T02:28:57.231797+00:00
AFK-SYN-,GB,GB****15,Trader,Investments,3743.33,API,VN,DE*****87,44.7,True,True,False,False,Review,18.24,2.26,Auto-Clear,Auto-Clear,dzoan,dzoannguyentran@gmail.com,False,2025-11-09T02:28:57.231797+00:00
AFK-SYN-,VN,VN****54,Founder,Crypto,4683.36,Mobile,VN,DE*****81,48.55,True,True,False,False,Auto-Clear,21.12,2.39,Auto-Clear,Auto-Clear,dzoan,dzoannguyentran@gmail.com,False,2025-11-09T02:28:57.231797+00:00
AFK-SYN-,CA,CA****10,Trader,Crypto,4338.28,Branch,VN,DE*****97,19.75,True,True,False,False,Auto-Clear,13.78,0.74,Auto-Clear,Auto-Clear,dzoan,dzoannguyentran@gmail.com,False,2025-11-09T02:28:57.231797+00:00
AFK-SYN-,SG,SG****84,Consultant,Crypto,4151.11,Mobile,SG,DE*****46,10.16,True,True,False,False,Review,11.34,0.51,Auto-Clear,Auto-Clear,dzoan,dzoannguyentran@gmail.com,False,2025-11-09T02:28:57.231797+00:00
AFK-SYN-,CA,CA****70,Founder,Salary,6434.16,API,IN,DE*****80,64.44,True,True,False,False,Auto-Clear,28.83,3.81,Auto-Clear,Auto-Clear,dzoan,dzoannguyentran@gmail.com,False,2025-11-09T02:28:57.231797+00:00
AFK-SYN-,IN,IN****36,Teacher,Business,3642.02,Mobile,IN,DE*****27,64.08,True,True,False,False,Auto-Clear,23.28,5.05,Auto-Clear,Auto-Clear,dzoan,dzoannguyentran@gmail.com,False,2025-11-09T02:28:57.231797+00:00
AFK-SYN-,DE,DE****93,Founder,Business,2726.76,API,DE,DE*****75,13.56,True,True,False,False,Auto-Clear,9.0,0.68,Auto-Clear,Auto-Clear,dzoan,dzoannguyentran@gmail.com,False,2025-11-09T02:28:57.231797+00:00
AFK-SYN-,VN,VN****58,Engineer,Crypto,3407.17,Branch,SG,DE*****41,30.41,True,True,False,False,Auto-Clear,14.16,1.29,Auto-Clear,Auto-Clear,dzoan,dzoannguyentran@gmail.com,False,2025-11-09T02:28:57.231797+00:00
AFK-SYN-,US,US****39,Doctor,Business,3772.14,Web,US,DE*****51,91.18,True,True,True,True,Review,94.16,88.32,Review,Review,dzoan,dzoannguyentran@gmail.com,False,2025-11-09T02:28:57.231797+00:00
AFK-SYN-,CA,CA****09,Trader,Crypto,3792.5,API,US,DE*****73,36.24,True,True,False,False,Auto-Clear,16.31,1.58,Auto-Clear,Auto-Clear,dzoan,dzoannguyentran@gmail.com,False,2025-11-09T02:28:57.231797+00:00
AFK-SYN-,SG,SG****58,Doctor,Salary,1822.27,Branch,IN,DE*****26,48.06,True,True,False,False,Auto-Clear,15.18,3.19,Auto-Clear,Auto-Clear,dzoan,dzoannguyentran@gmail.com,False,2025-11-09T02:28:57.231797+00:00
AFK-SYN-,GB,GB****45,Teacher,Investments,3510.21,Mobile,IN,DE*****81,21.88,True,True,False,False,Auto-Clear,12.48,0.89,Auto-Clear,Auto-Clear,dzoan,dzoannguyentran@gmail.com,False,2025-11-09T02:28:57.231797+00:00
AFK-SYN-,IN,IN****90,Doctor,Salary,5395.02,Branch,IN,DE*****05,54.47,True,True,False,False,Auto-Clear,24.08,2.83,Auto-Clear,Auto-Clear,dzoan,dzoannguyentran@gmail.com,False,2025-11-09T02:28:57.231797+00:00
AFK-SYN-,DE,DE****93,Trader,Business,4236.92,Web,US,DE*****85,13.05,True,True,False,False,Auto-Clear,12.14,0.57,Auto-Clear,Auto-Clear,dzoan,dzoannguyentran@gmail.com,False,2025-11-09T02:28:57.231797+00:00
AFK-SYN-,IN,IN****71,Founder,Investments,2546.48,API,CA,DE*****99,51.8,True,True,False,False,Auto-Clear,17.64,3.45,Auto-Clear,Auto-Clear,dzoan,dzoannguyentran@gmail.com,False,2025-11-09T02:28:57.231797+00:00
AFK-SYN-,GB,GB****37,Founder,Crypto,2117.3,Web,CA,DE*****66,36.58,True,True,False,False,Auto-Clear,12.9,1.92,Auto-Clear,Auto-Clear,dzoan,dzoannguyentran@gmail.com,False,2025-11-09T02:28:57.231797+00:00
AFK-SYN-,GB,GB****57,Engineer,Business,3922.44,Web,GB,DE*****76,44.01,True,True,False,False,Auto-Clear,18.43,2.15,Auto-Clear,Auto-Clear,dzoan,dzoannguyentran@gmail.com,False,2025-11-09T02:28:57.231797+00:00
AFK-SYN-,GB,GB****66,Engineer,Business,3217.0,Web,US,DE*****27,70.43,True,True,False,False,Auto-Clear,24.51,6.81,Auto-Clear,Auto-Clear,dzoan,dzoannguyentran@gmail.com,False,2025-11-09T02:28:57.231797+00:00
AFK-SYN-,IN,IN****83,Trader,Salary,983.06,Web,GB,DE*****80,29.74,True,True,False,False,Auto-Clear,8.91,1.64,Auto-Clear,Auto-Clear,dzoan,dzoannguyentran@gmail.com,False,2025-11-09T02:28:57.231797+00:00
AFK-SYN-,VN,VN****79,Engineer,Salary,3302.07,Branch,SG,DE*****78,35.74,True,True,False,False,Auto-Clear,15.16,1.63,Auto-Clear,Auto-Clear,dzoan,dzoannguyentran@gmail.com,False,2025-11-09T02:28:57.231797+00:00
AFK-SYN-,GB,GB****20,Teacher,Investments,5562.55,API,DE,DE*****11,0.0,True,True,False,False,Auto-Clear,12.28,0.28,Auto-Clear,Auto-Clear,dzoan,dzoannguyentran@gmail.com,False,2025-11-09T02:28:57.231797+00:00
AFK-SYN-,IN,IN****41,Teacher,Crypto,4328.13,API,US,DE*****51,55.38,True,True,False,False,Auto-Clear,22.16,3.29,Auto-Clear,Auto-Clear,dzoan,dzoannguyentran@gmail.com,False,2025-11-09T02:28:57.231797+00:00
AFK-SYN-,GB,GB****44,Founder,Salary,4655.19,Mobile,SG,DE*****48,23.77,True,True,False,False,Auto-Clear,15.34,0.85,Auto-Clear,Auto-Clear,dzoan,dzoannguyentran@gmail.com,False,2025-11-09T02:28:57.231797+00:00
AFK-SYN-,GB,GB****56,Doctor,Business,3501.61,API,CA,DE*****12,6.65,True,True,False,False,Auto-Clear,9.2,0.47,Auto-Clear,Auto-Clear,dzoan,dzoannguyentran@gmail.com,False,2025-11-09T02:28:57.231797+00:00
AFK-SYN-,CA,CA****40,Trader,Business,3194.47,Branch,GB,DE*****24,15.3,True,True,False,False,Auto-Clear,10.38,0.7,Auto-Clear,Auto-Clear,dzoan,dzoannguyentran@gmail.com,False,2025-11-09T02:28:57.231797+00:00
AFK-SYN-,SG,SG****17,Consultant,Crypto,5662.09,Mobile,US,DE*****45,12.02,True,True,False,False,Auto-Clear,14.99,0.46,Auto-Clear,Auto-Clear,dzoan,dzoannguyentran@gmail.com,False,2025-11-09T02:28:57.231797+00:00
AFK-SYN-,US,US****28,Consultant,Investments,2302.58,Mobile,GB,DE*****11,3.0,True,True,False,False,Auto-Clear,5.85,0.46,Auto-Clear,Auto-Clear,dzoan,dzoannguyentran@gmail.com,False,2025-11-09T02:28:57.231797+00:00
AFK-SYN-,DE,DE****00,Engineer,Business,3939.45,Web,VN,DE*****24,52.09,True,True,False,False,Auto-Clear,20.51,3.0,Auto-Clear,Auto-Clear,dzoan,dzoannguyentran@gmail.com,False,2025-11-09T02:28:57.231797+00:00
AFK-SYN-,DE,DE****38,Founder,Crypto,3487.23,Web,US,DE*****04,28.68,True,True,False,False,Auto-Clear,13.94,1.19,Auto-Clear,Auto-Clear,dzoan,dzoannguyentran@gmail.com,False,2025-11-09T02:28:57.231797+00:00
AFK-SYN-,SG,SG****61,Founder,Salary,3330.81,Web,VN,DE*****02,29.87,True,True,False,False,Auto-Clear,13.88,1.27,Auto-Clear,Auto-Clear,dzoan,dzoannguyentran@gmail.com,False,2025-11-09T02:28:57.231797+00:00
AFK-SYN-,VN,VN****97,Engineer,Business,5852.58,Web,VN,DE*****93,16.47,True,True,False,False,Review,16.33,0.55,Auto-Clear,Auto-Clear,dzoan,dzoannguyentran@gmail.com,False,2025-11-09T02:28:57.231797+00:00
AFK-SYN-,US,US****82,Doctor,Salary,1912.95,Web,DE,DE*****29,32.95,True,True,False,False,Auto-Clear,11.61,1.69,Auto-Clear,Auto-Clear,dzoan,dzoannguyentran@gmail.com,False,2025-11-09T02:28:57.231797+00:00
AFK-SYN-,GB,GB****89,Doctor,Salary,2645.2,Mobile,GB,DE*****74,80.63,True,True,False,False,Auto-Clear,27.26,10.73,Auto-Clear,Auto-Clear,dzoan,dzoannguyentran@gmail.com,False,2025-11-09T02:28:57.231797+00:00
AFK-SYN-,DE,DE****26,Doctor,Investments,2913.11,API,CA,DE*****08,0.0,True,True,False,False,Auto-Clear,6.55,0.38,Auto-Clear,Auto-Clear,dzoan,dzoannguyentran@gmail.com,False,2025-11-09T02:28:57.231797+00:00
AFK-SYN-,CA,CA****40,Engineer,Salary,800.26,Web,DE,DE*****77,61.5,True,True,False,False,Auto-Clear,17.11,6.14,Auto-Clear,Auto-Clear,dzoan,dzoannguyentran@gmail.com,False,2025-11-09T02:28:57.231797+00:00
AFK-SYN-,CA,CA****43,Engineer,Crypto,3993.18,Web,CA,DE*****34,45.48,True,True,False,False,Auto-Clear,18.94,2.27,Auto-Clear,Auto-Clear,dzoan,dzoannguyentran@gmail.com,False,2025-11-09T02:28:57.231797+00:00
AFK-SYN-,US,US****94,Trader,Business,4171.45,API,CA,DE*****56,24.01,True,True,False,False,Auto-Clear,14.36,0.91,Auto-Clear,Auto-Clear,dzoan,dzoannguyentran@gmail.com,False,2025-11-09T02:28:57.231797+00:00
AFK-SYN-,SG,SG****69,Trader,Business,3603.81,API,DE,DE*****32,35.53,True,True,False,False,Auto-Clear,15.74,1.56,Auto-Clear,Auto-Clear,dzoan,dzoannguyentran@gmail.com,False,2025-11-09T02:28:57.231797+00:00
AFK-SYN-,IN,IN****31,Trader,Salary,5362.26,Web,SG,DE*****52,14.97,True,True,False,False,Auto-Clear,14.96,0.54,Auto-Clear,Auto-Clear,dzoan,dzoannguyentran@gmail.com,False,2025-11-09T02:28:57.231797+00:00
AFK-SYN-,IN,IN****05,Founder,Business,4753.85,API,IN,DE*****13,0.0,True,True,False,False,Auto-Clear,10.52,0.31,Auto-Clear,Auto-Clear,dzoan,dzoannguyentran@gmail.com,False,2025-11-09T02:28:57.231797+00:00
AFK-SYN-,CA,CA****50,Consultant,Crypto,4660.76,Mobile,CA,DE*****13,19.06,True,True,False,False,Auto-Clear,14.33,0.7,Auto-Clear,Auto-Clear,dzoan,dzoannguyentran@gmail.com,False,2025-11-09T02:28:57.231797+00:00
AFK-SYN-,DE,DE****77,Consultant,Investments,2745.82,API,DE,DE*****46,69.79,True,True,False,False,Auto-Clear,23.43,6.97,Auto-Clear,Auto-Clear,dzoan,dzoannguyentran@gmail.com,False,2025-11-09T02:28:57.231797+00:00
AFK-SYN-,DE,DE****15,Engineer,Investments,3616.9,Branch,CA,DE*****08,26.06,True,True,False,False,Auto-Clear,13.62,1.05,Auto-Clear,Auto-Clear,dzoan,dzoannguyentran@gmail.com,False,2025-11-09T02:28:57.231797+00:00
AFK-SYN-,SG,SG****84,Teacher,Business,2496.73,API,CA,DE*****31,46.87,True,True,False,False,Auto-Clear,16.24,2.83,Auto-Clear,Auto-Clear,dzoan,dzoannguyentran@gmail.com,False,2025-11-09T02:28:57.231797+00:00
AFK-SYN-,IN,IN****01,Engineer,Investments,3050.07,API,US,DE*****50,22.53,True,True,False,False,Auto-Clear,11.64,0.96,Auto-Clear,Auto-Clear,dzoan,dzoannguyentran@gmail.com,False,2025-11-09T02:28:57.231797+00:00
AFK-SYN-,CA,CA****56,Teacher,Salary,5444.08,API,VN,DE*****93,58.87,True,True,False,False,Auto-Clear,25.33,3.37,Auto-Clear,Auto-Clear,dzoan,dzoannguyentran@gmail.com,False,2025-11-09T02:28:57.231797+00:00
AFK-SYN-,US,US****28,Doctor,Salary,4455.01,Mobile,VN,DE*****92,40.01,True,True,False,False,Auto-Clear,18.58,1.72,Auto-Clear,Auto-Clear,dzoan,dzoannguyentran@gmail.com,False,2025-11-09T02:28:57.231797+00:00
AFK-SYN-,CA,CA****44,Doctor,Crypto,5904.21,API,VN,DE*****44,26.22,True,True,False,False,Auto-Clear,18.53,0.82,Auto-Clear,Auto-Clear,dzoan,dzoannguyentran@gmail.com,False,2025-11-09T02:28:57.231797+00:00
AFK-SYN-,GB,GB****58,Founder,Salary,3809.17,Mobile,GB,DE*****86,3.49,True,True,False,False,Auto-Clear,9.2,0.4,Auto-Clear,Auto-Clear,dzoan,dzoannguyentran@gmail.com,False,2025-11-09T02:28:57.231797+00:00
AFK-SYN-,SG,SG****77,Doctor,Salary,2341.58,API,CA,DE*****64,0.0,True,True,False,False,Review,5.31,0.4,Auto-Clear,Auto-Clear,dzoan,dzoannguyentran@gmail.com,False,2025-11-09T02:28:57.231797+00:00
AFK-SYN-,DE,DE****38,Founder,Investments,3198.68,Mobile,IN,DE*****92,15.07,True,True,False,False,Auto-Clear,10.34,0.69,Auto-Clear,Auto-Clear,dzoan,dzoannguyentran@gmail.com,False,2025-11-09T02:28:57.231797+00:00
AFK-SYN-,CA,CA****81,Doctor,Business,3082.97,Web,US,DE*****07,21.5,True,True,False,False,Auto-Clear,11.49,0.92,Auto-Clear,Auto-Clear,dzoan,dzoannguyentran@gmail.com,False,2025-11-09T02:28:57.231797+00:00
AFK-SYN-,SG,SG****11,Trader,Investments,5703.47,Mobile,US,DE*****57,42.52,True,True,False,False,Auto-Clear,21.78,1.66,Auto-Clear,Auto-Clear,dzoan,dzoannguyentran@gmail.com,False,2025-11-09T02:28:57.231797+00:00
AFK-SYN-,VN,VN****07,Consultant,Investments,2587.39,Branch,IN,DE*****23,3.74,True,True,False,False,Auto-Clear,6.62,0.46,Auto-Clear,Auto-Clear,dzoan,dzoannguyentran@gmail.com,False,2025-11-09T02:28:57.231797+00:00
AFK-SYN-,DE,DE****32,Engineer,Investments,3851.52,Mobile,CA,DE*****89,32.52,True,True,False,False,Auto-Clear,15.58,1.34,Auto-Clear,Auto-Clear,dzoan,dzoannguyentran@gmail.com,False,2025-11-09T02:28:57.231797+00:00
AFK-SYN-,IN,IN****26,Consultant,Business,2210.28,Branch,CA,DE*****87,43.24,True,True,False,False,Auto-Clear,14.73,2.51,Auto-Clear,Auto-Clear,dzoan,dzoannguyentran@gmail.com,False,2025-11-09T02:28:57.231797+00:00
AFK-SYN-,DE,DE****11,Doctor,Salary,4289.47,Web,CA,DE*****25,30.72,True,True,False,False,Auto-Clear,16.1,1.19,Auto-Clear,Auto-Clear,dzoan,dzoannguyentran@gmail.com,False,2025-11-09T02:28:57.231797+00:00
AFK-SYN-,DE,DE****23,Engineer,Business,4026.79,Web,VN,DE*****40,81.2,True,True,True,False,Review,85.26,70.53,Review,Review,dzoan,dzoannguyentran@gmail.com,False,2025-11-09T02:28:57.231797+00:00
AFK-SYN-,CA,CA****39,Engineer,Salary,4599.12,Branch,VN,DE*****68,29.94,True,True,False,False,Review,16.58,1.11,Auto-Clear,Auto-Clear,dzoan,dzoannguyentran@gmail.com,False,2025-11-09T02:28:57.231797+00:00
AFK-SYN-,DE,DE****85,Founder,Crypto,3923.15,Web,SG,DE*****24,27.48,True,True,False,False,Auto-Clear,14.6,1.08,Auto-Clear,Auto-Clear,dzoan,dzoannguyentran@gmail.com,False,2025-11-09T02:28:57.231797+00:00
AFK-SYN-,GB,GB****02,Doctor,Crypto,3195.24,Branch,SG,DE*****50,53.33,True,True,False,False,Auto-Clear,19.35,3.42,Auto-Clear,Auto-Clear,dzoan,dzoannguyentran@gmail.com,False,2025-11-09T02:28:57.231797+00:00
AFK-SYN-,GB,GB****76,Trader,Business,3044.38,Branch,DE,DE*****14,61.57,True,True,False,False,Auto-Clear,21.38,4.86,Auto-Clear,Auto-Clear,dzoan,dzoannguyentran@gmail.com,False,2025-11-09T02:28:57.231797+00:00
AFK-SYN-,CA,CA****43,Doctor,Salary,1682.29,Branch,US,DE*****29,43.1,True,True,False,False,Auto-Clear,13.61,2.64,Auto-Clear,Auto-Clear,dzoan,dzoannguyentran@gmail.com,False,2025-11-09T02:28:57.231797+00:00
AFK-SYN-,DE,DE****43,Teacher,Salary,3937.44,Mobile,VN,DE*****25,40.82,True,True,False,False,Auto-Clear,17.69,1.88,Auto-Clear,Auto-Clear,dzoan,dzoannguyentran@gmail.com,False,2025-11-09T02:28:57.231797+00:00
AFK-SYN-,VN,VN****85,Doctor,Business,59.53,Branch,VN,DE*****75,31.71,True,True,False,False,Auto-Clear,7.46,1.97,Auto-Clear,Auto-Clear,dzoan,dzoannguyentran@gmail.com,False,2025-11-09T02:28:57.231797+00:00
AFK-SYN-,GB,GB****38,Trader,Business,4998.51,Branch,US,DE*****37,16.68,True,True,False,False,Auto-Clear,14.54,0.61,Auto-Clear,Auto-Clear,dzoan,dzoannguyentran@gmail.com,False,2025-11-09T02:28:57.231797+00:00
AFK-SYN-,SG,SG****68,Doctor,Crypto,2848.93,Branch,DE,DE*****76,0.0,True,False,False,False,Auto-Clear,6.4,0.38,Auto-Clear,Auto-Clear,dzoan,dzoannguyentran@gmail.com,False,2025-11-09T02:28:57.231797+00:00
AFK-SYN-,GB,GB****61,Founder,Salary,3281.0,Branch,CA,DE*****00,58.65,True,True,False,False,Auto-Clear,20.99,4.21,Auto-Clear,Auto-Clear,dzoan,dzoannguyentran@gmail.com,False,2025-11-09T02:28:57.231797+00:00
AFK-SYN-,CA,CA****00,Engineer,Business,2910.01,Web,GB,DE*****60,48.89,True,True,False,False,Review,17.6,2.94,Auto-Clear,Auto-Clear,dzoan,dzoannguyentran@gmail.com,False,2025-11-09T02:28:57.231797+00:00
AFK-SYN-,DE,DE****03,Trader,Investments,3489.45,API,GB,DE*****70,79.59,False,True,False,False,Review,28.26,9.47,Auto-Clear,Auto-Clear,dzoan,dzoannguyentran@gmail.com,False,2025-11-09T02:28:57.231797+00:00
AFK-SYN-,SG,SG****01,Doctor,Investments,5141.49,API,US,DE*****52,79.59,True,False,False,False,Auto-Clear,31.14,8.01,Auto-Clear,Auto-Clear,dzoan,dzoannguyentran@gmail.com,False,2025-11-09T02:28:57.231797+00:00
AFK-SYN-,DE,DE****56,Teacher,Crypto,3533.63,Mobile,SG,DE*****28,42.81,True,True,False,False,Auto-Clear,17.34,2.14,Auto-Clear,Auto-Clear,dzoan,dzoannguyentran@gmail.com,False,2025-11-09T02:28:57.231797+00:00
AFK-SYN-,VN,VN****03,Trader,Salary,2406.27,Branch,GB,DE*****27,53.42,True,True,False,False,Auto-Clear,17.8,3.74,Auto-Clear,Auto-Clear,dzoan,dzoannguyentran@gmail.com,False,2025-11-09T02:28:57.231797+00:00
AFK-SYN-,SG,SG****15,Doctor,Salary,3174.89,API,GB,DE*****93,2.29,True,True,False,False,Auto-Clear,7.58,0.4,Auto-Clear,Auto-Clear,dzoan,dzoannguyentran@gmail.com,False,2025-11-09T02:28:57.231797+00:00
AFK-SYN-,US,US****70,Teacher,Salary,2972.01,Branch,GB,DE*****32,10.05,True,True,False,False,Review,8.78,0.57,Auto-Clear,Auto-Clear,dzoan,dzoannguyentran@gmail.com,False,2025-11-09T02:28:57.231797+00:00
AFK-SYN-,VN,VN****51,Doctor,Business,3932.71,Branch,IN,DE*****48,32.12,True,True,False,False,Review,15.66,1.31,Auto-Clear,Auto-Clear,dzoan,dzoannguyentran@gmail.com,False,2025-11-09T02:28:57.231797+00:00
AFK-SYN-,GB,GB****52,Engineer,Investments,5319.73,API,VN,DE*****07,23.14,True,True,False,False,Auto-Clear,16.62,0.77,Auto-Clear,Auto-Clear,dzoan,dzoannguyentran@gmail.com,False,2025-11-09T02:28:57.231797+00:00
AFK-SYN-,SG,SG****97,Founder,Crypto,3373.73,Branch,SG,DE*****04,32.72,True,True,False,False,Review,14.62,1.43,Auto-Clear,Auto-Clear,dzoan,dzoannguyentran@gmail.com,False,2025-11-09T02:28:57.231797+00:00
AFK-SYN-,DE,DE****80,Doctor,Crypto,5642.38,Branch,VN,DE*****27,54.26,True,True,False,False,Auto-Clear,24.52,2.73,Auto-Clear,Auto-Clear,dzoan,dzoannguyentran@gmail.com,False,2025-11-09T02:28:57.231797+00:00
AFK-SYN-,CA,CA****27,Founder,Business,4051.65,Branch,SG,DE*****39,9.27,True,True,True,False,Review,45.74,10.09,Auto-Clear,Auto-Clear,dzoan,dzoannguyentran@gmail.com,False,2025-11-09T02:28:57.231797+00:00
AFK-SYN-,VN,VN****67,Consultant,Investments,1378.85,Web,DE,DE*****03,57.5,True,True,False,False,Review,16.97,4.92,Auto-Clear,Auto-Clear,dzoan,dzoannguyentran@gmail.com,False,2025-11-09T02:28:57.231797+00:00
AFK-SYN-,DE,DE****41,Engineer,Investments,3271.09,Branch,GB,DE*****89,5.86,True,True,False,False,Review,8.54,0.47,Auto-Clear,Auto-Clear,dzoan,dzoannguyentran@gmail.com,False,2025-11-09T02:28:57.231797+00:00
AFK-SYN-,US,US****87,Engineer,Business,4039.97,Web,DE,DE*****44,37.29,True,True,False,False,Auto-Clear,17.07,1.6,Auto-Clear,Auto-Clear,dzoan,dzoannguyentran@gmail.com,False,2025-11-09T02:28:57.231797+00:00
AFK-SYN-,SG,SG****90,Trader,Investments,2528.62,API,DE,DE*****81,41.57,True,True,False,False,Auto-Clear,14.96,2.26,Auto-Clear,Auto-Clear,dzoan,dzoannguyentran@gmail.com,False,2025-11-09T02:28:57.231797+00:00
AFK-SYN-,VN,VN****71,Trader,Salary,3472.78,Mobile,IN,DE*****21,13.57,True,False,False,False,Auto-Clear,10.6,0.63,Auto-Clear,Auto-Clear,dzoan,dzoannguyentran@gmail.com,False,2025-11-09T02:28:57.231797+00:00
AFK-SYN-,GB,GB****38,Consultant,Business,3887.36,Branch,SG,DE*****10,11.37,True,True,False,False,Auto-Clear,11.03,0.55,Auto-Clear,Auto-Clear,dzoan,dzoannguyentran@gmail.com,False,2025-11-09T02:28:57.231797+00:00
AFK-SYN-,SG,SG****33,Founder,Business,5090.18,Web,GB,DE*****71,30.77,True,True,False,False,Review,17.8,1.09,Auto-Clear,Auto-Clear,dzoan,dzoannguyentran@gmail.com,False,2025-11-09T02:28:57.231797+00:00
AFK-SYN-,DE,DE****53,Founder,Salary,3448.24,Web,DE,DE*****19,36.36,True,True,False,False,Auto-Clear,15.62,1.65,Auto-Clear,Auto-Clear,dzoan,dzoannguyentran@gmail.com,False,2025-11-09T02:28:57.231797+00:00
AFK-SYN-,GB,GB****90,Consultant,Investments,1103.04,Mobile,CA,DE*****39,39.21,True,True,False,False,Auto-Clear,11.45,2.4,Auto-Clear,Auto-Clear,dzoan,dzoannguyentran@gmail.com,False,2025-11-09T02:28:57.231797+00:00
AFK-SYN-,US,US****02,Consultant,Business,3121.79,Web,CA,DE*****23,0.0,True,True,False,False,Auto-Clear,6.99,0.37,Auto-Clear,Auto-Clear,dzoan,dzoannguyentran@gmail.com,False,2025-11-09T02:28:57.231797+00:00
AFK-SYN-,CA,CA****56,Doctor,Crypto,2990.64,API,DE,DE*****83,58.97,True,True,False,False,Auto-Clear,20.52,4.4,Auto-Clear,Auto-Clear,dzoan,dzoannguyentran@gmail.com,False,2025-11-09T02:28:57.231797+00:00
AFK-SYN-,IN,IN****24,Teacher,Business,4240.74,Mobile,DE,DE*****21,54.63,True,True,False,False,Review,21.78,3.22,Auto-Clear,Auto-Clear,dzoan,dzoannguyentran@gmail.com,False,2025-11-09T02:28:57.231797+00:00
AFK-SYN-,VN,VN****69,Doctor,Crypto,2348.69,Web,GB,DE*****69,1.25,True,True,False,False,Auto-Clear,5.58,0.42,Auto-Clear,Auto-Clear,dzoan,dzoannguyentran@gmail.com,False,2025-11-09T02:28:57.231797+00:00
AFK-SYN-,SG,SG****40,Founder,Crypto,3186.92,Web,DE,DE*****37,32.9,True,False,False,False,Review,14.26,1.47,Auto-Clear,Auto-Clear,dzoan,dzoannguyentran@gmail.com,False,2025-11-09T02:28:57.231797+00:00
AFK-SYN-,DE,DE****74,Teacher,Investments,1363.11,API,CA,DE*****29,46.02,True,True,False,False,Auto-Clear,13.72,3.09,Auto-Clear,Auto-Clear,dzoan,dzoannguyentran@gmail.com,False,2025-11-09T02:28:57.231797+00:00
AFK-SYN-,GB,GB****19,Trader,Salary,2630.79,Branch,CA,DE*****98,7.48,True,True,False,False,Review,7.5,0.53,Auto-Clear,Auto-Clear,dzoan,dzoannguyentran@gmail.com,False,2025-11-09T02:28:57.231797+00:00
AFK-SYN-,DE,DE****33,Founder,Investments,4425.84,Web,GB,DE*****78,32.08,True,True,False,False,Auto-Clear,16.69,1.24,Auto-Clear,Auto-Clear,dzoan,dzoannguyentran@gmail.com,False,2025-11-09T02:28:57.231797+00:00
AFK-SYN-,CA,CA****55,Founder,Salary,2520.11,API,SG,DE*****23,22.3,True,True,False,False,Auto-Clear,10.46,1.01,Auto-Clear,Auto-Clear,dzoan,dzoannguyentran@gmail.com,False,2025-11-09T02:28:57.231797+00:00
AFK-SYN-,GB,GB****96,Doctor,Investments,4375.66,Mobile,CA,DE*****25,35.5,True,True,False,False,Auto-Clear,17.36,1.43,Auto-Clear,Auto-Clear,dzoan,dzoannguyentran@gmail.com,False,2025-11-09T02:28:57.231797+00:00
AFK-SYN-,SG,SG****11,Teacher,Crypto,3484.47,Branch,SG,DE*****94,35.59,True,True,False,False,Auto-Clear,15.52,1.59,Auto-Clear,Auto-Clear,dzoan,dzoannguyentran@gmail.com,False,2025-11-09T02:28:57.231797+00:00
AFK-SYN-,GB,GB****98,Teacher,Business,3914.87,API,GB,DE*****19,31.94,True,True,False,False,Auto-Clear,15.58,1.3,Auto-Clear,Auto-Clear,dzoan,dzoannguyentran@gmail.com,False,2025-11-09T02:28:57.231797+00:00
AFK-SYN-,SG,SG****45,Founder,Salary,3356.76,Mobile,SG,DE*****61,53.86,True,True,False,False,Auto-Clear,19.81,3.44,Auto-Clear,Auto-Clear,dzoan,dzoannguyentran@gmail.com,False,2025-11-09T02:28:57.231797+00:00
AFK-SYN-,DE,DE****23,Trader,Investments,1836.27,Mobile,SG,DE*****62,31.52,True,True,False,False,Auto-Clear,11.12,1.61,Auto-Clear,Auto-Clear,dzoan,dzoannguyentran@gmail.com,False,2025-11-09T02:28:57.231797+00:00
AFK-SYN-,SG,SG****61,Engineer,Crypto,4043.05,Branch,DE,DE*****81,66.56,True,True,False,False,Review,24.8,5.35,Auto-Clear,Auto-Clear,dzoan,dzoannguyentran@gmail.com,False,2025-11-09T02:28:57.231797+00:00
AFK-SYN-,CA,CA****96,Founder,Salary,4859.23,API,DE,DE*****40,6.56,True,True,False,False,Auto-Clear,12.11,0.4,Auto-Clear,Auto-Clear,dzoan,dzoannguyentran@gmail.com,False,2025-11-09T02:28:57.231797+00:00
AFK-SYN-,GB,GB****37,Consultant,Business,4109.69,Web,SG,DE*****57,27.32,True,False,False,False,Auto-Clear,14.96,1.05,Auto-Clear,Auto-Clear,dzoan,dzoannguyentran@gmail.com,False,2025-11-09T02:28:57.231797+00:00
AFK-SYN-,CA,CA****54,Trader,Investments,3448.91,Mobile,GB,DE*****53,21.44,True,True,False,False,Auto-Clear,12.25,0.88,Auto-Clear,Auto-Clear,dzoan,dzoannguyentran@gmail.com,False,2025-11-09T02:28:57.231797+00:00
AFK-SYN-,VN,VN****42,Doctor,Salary,1367.62,Branch,DE,DE*****24,46.55,True,True,False,False,Auto-Clear,13.87,3.15,Auto-Clear,Auto-Clear,dzoan,dzoannguyentran@gmail.com,False,2025-11-09T02:28:57.231797+00:00
AFK-SYN-,US,US****56,Teacher,Business,4910.61,API,DE,DE*****64,57.64,True,True,False,False,Auto-Clear,23.94,3.39,Auto-Clear,Auto-Clear,dzoan,dzoannguyentran@gmail.com,False,2025-11-09T02:28:57.231797+00:00
