application_id,asset_id,customer_declared_value,ai_estimate_value,confidence,why,explanation_source
APP_0001,A0001,759172,127266.71604186394,55.0,"Condition, comps, and features (placeholder)",Customer input CSV vs AI model GradientBoostingRegressor_asset_20251106-070257.joblib (comps=5)
APP_0002,A0002,1661269,970229.0303214996,63.9,"Condition, comps, and features (placeholder)",Customer input CSV vs AI model GradientBoostingRegressor_asset_20251106-070257.joblib (comps=5)
APP_0003,A0003,69336,8591.88402881048,55.0,"Condition, comps, and features (placeholder)",Customer input CSV vs AI model GradientBoostingRegressor_asset_20251106-070257.joblib (comps=5)
APP_0004,A0004,1797513,736903.4220612918,60.0,"Condition, comps, and features (placeholder)",Customer input CSV vs AI model GradientBoostingRegressor_asset_20251106-070257.joblib (comps=5)
APP_0005,A0005,1108512,490284.0267441363,61.1,"Condition, comps, and features (placeholder)",Customer input CSV vs AI model GradientBoostingRegressor_asset_20251106-070257.joblib (comps=5)
APP_0006,A0006,323485,98225.63985542725,58.2,"Condition, comps, and features (placeholder)",Customer input CSV vs AI model GradientBoostingRegressor_asset_20251106-070257.joblib (comps=5)
APP_0007,A0007,639249,377550.44649105903,63.3,"Condition, comps, and features (placeholder)",Customer input CSV vs AI model GradientBoostingRegressor_asset_20251106-070257.joblib (comps=5)
APP_0008,A0008,1130370,467639.7273441057,60.7,"Condition, comps, and features (placeholder)",Customer input CSV vs AI model GradientBoostingRegressor_asset_20251106-070257.joblib (comps=5)
APP_0009,A0009,665599,257299.33347034533,59.5,"Condition, comps, and features (placeholder)",Customer input CSV vs AI model GradientBoostingRegressor_asset_20251106-070257.joblib (comps=5)
APP_0010,A0010,261722,29419.412438329076,55.0,"Condition, comps, and features (placeholder)",Customer input CSV vs AI model GradientBoostingRegressor_asset_20251106-070257.joblib (comps=5)
APP_0011,A0011,1348678,186963.55787465823,55.0,"Condition, comps, and features (placeholder)",Customer input CSV vs AI model GradientBoostingRegressor_asset_20251106-070257.joblib (comps=5)
APP_0012,A0012,1360868,525261.2394388348,60.3,"Condition, comps, and features (placeholder)",Customer input CSV vs AI model GradientBoostingRegressor_asset_20251106-070257.joblib (comps=5)
APP_0013,A0013,281804,111209.61737816152,60.1,"Condition, comps, and features (placeholder)",Customer input CSV vs AI model GradientBoostingRegressor_asset_20251106-070257.joblib (comps=5)
APP_0014,A0014,598405,299972.3529960485,62.2,"Condition, comps, and features (placeholder)",Customer input CSV vs AI model GradientBoostingRegressor_asset_20251106-070257.joblib (comps=5)
APP_0015,A0015,525552,229097.4293686069,61.0,"Condition, comps, and features (placeholder)",Customer input CSV vs AI model GradientBoostingRegressor_asset_20251106-070257.joblib (comps=5)
APP_0016,A0016,1335874,170577.84848616295,55.0,"Condition, comps, and features (placeholder)",Customer input CSV vs AI model GradientBoostingRegressor_asset_20251106-070257.joblib (comps=5)
APP_0017,A0017,1474076,790650.001248574,62.8,"Condition, comps, and features (placeholder)",Customer input CSV vs AI model GradientBoostingRegressor_asset_20251106-070257.joblib (comps=5)
APP_0018,A0018,1467639,1085833.39437813,66.4,"Condition, comps, and features (placeholder)",Customer input CSV vs AI model GradientBoostingRegressor_asset_20251106-070257.joblib (comps=5)
APP_0019,A0019,1880584,654167.3931507554,58.9,"Condition, comps, and features (placeholder)",Customer input CSV vs AI model GradientBoostingRegressor_asset_20251106-070257.joblib (comps=5)
APP_0020,A0020,1548862,1084107.251883725,65.6,"Condition, comps, and features (placeholder)",Customer input CSV vs AI model GradientBoostingRegressor_asset_20251106-070257.joblib (comps=5)
APP_0021,A0021,675324,301023.68775050924,60.5,"Condition, comps, and features (placeholder)",Customer input CSV vs AI model GradientBoostingRegressor_asset_20251106-070257.joblib (comps=5)
APP_0022,A0022,260094,174365.43152888116,64.8,"Condition, comps, and features (placeholder)",Customer input CSV vs AI model GradientBoostingRegressor_asset_20251106-070257.joblib (comps=5)
APP_0023,A0023,1248553,263648.9279590339,56.0,"Condition, comps, and features (placeholder)",Customer input CSV vs AI model GradientBoostingRegressor_asset_20251106-070257.joblib (comps=5)
APP_0024,A0024,1836223,442965.5702427783,56.9,"Condition, comps, and features (placeholder)",Customer input CSV vs AI model GradientBoostingRegressor_asset_20251106-070257.joblib (comps=5)
APP_0025,A0025,1951552,163153.5541830227,55.0,"Condition, comps, and features (placeholder)",Customer input CSV vs AI model GradientBoostingRegressor_asset_20251106-070257.joblib (comps=5)
APP_0026,A0026,498917,164455.90016049868,58.4,"Condition, comps, and features (placeholder)",Customer input CSV vs AI model GradientBoostingRegressor_asset_20251106-070257.joblib (comps=5)
APP_0027,A0027,511088,58044.76093745959,55.0,"Condition, comps, and features (placeholder)",Customer input CSV vs AI model GradientBoostingRegressor_asset_20251106-070257.joblib (comps=5)
APP_0028,A0028,122954,73932.47202263928,63.9,"Condition, comps, and features (placeholder)",Customer input CSV vs AI model GradientBoostingRegressor_asset_20251106-070257.joblib (comps=5)
APP_0029,A0029,325461,34364.12546194241,55.0,"Condition, comps, and features (placeholder)",Customer input CSV vs AI model GradientBoostingRegressor_asset_20251106-070257.joblib (comps=5)
APP_0030,A0030,1131962,249356.8909324321,56.3,"Condition, comps, and features (placeholder)",Customer input CSV vs AI model GradientBoostingRegressor_asset_20251106-070257.joblib (comps=5)
APP_0031,A0031,1116266,94309.5191509191,55.0,"Condition, comps, and features (placeholder)",Customer input CSV vs AI model GradientBoostingRegressor_asset_20251106-070257.joblib (comps=5)
APP_0032,A0032,773298,618299.6538657651,67.6,"Condition, comps, and features (placeholder)",Customer input CSV vs AI model GradientBoostingRegressor_asset_20251106-070257.joblib (comps=5)
APP_0033,A0033,654413,174491.14142312526,57.2,"Condition, comps, and features (placeholder)",Customer input CSV vs AI model GradientBoostingRegressor_asset_20251106-070257.joblib (comps=5)
APP_0034,A0034,1668089,223659.39101870728,55.0,"Condition, comps, and features (placeholder)",Customer input CSV vs AI model GradientBoostingRegressor_asset_20251106-070257.joblib (comps=5)
APP_0035,A0035,947066,272742.79853766697,57.9,"Condition, comps, and features (placeholder)",Customer input CSV vs AI model GradientBoostingRegressor_asset_20251106-070257.joblib (comps=5)
APP_0036,A0036,1626090,884207.6838992585,63.0,"Condition, comps, and features (placeholder)",Customer input CSV vs AI model GradientBoostingRegressor_asset_20251106-070257.joblib (comps=5)
APP_0037,A0037,1928263,1243190.881712476,64.8,"Condition, comps, and features (placeholder)",Customer input CSV vs AI model GradientBoostingRegressor_asset_20251106-070257.joblib (comps=5)
APP_0038,A0038,668420,383610.4987463426,63.8,"Condition, comps, and features (placeholder)",Customer input CSV vs AI model GradientBoostingRegressor_asset_20251106-070257.joblib (comps=5)
APP_0039,A0039,445339,173408.30140518706,59.4,"Condition, comps, and features (placeholder)",Customer input CSV vs AI model GradientBoostingRegressor_asset_20251106-070257.joblib (comps=5)
APP_0040,A0040,1908153,665566.7448240687,58.6,"Condition, comps, and features (placeholder)",Customer input CSV vs AI model GradientBoostingRegressor_asset_20251106-070257.joblib (comps=5)
APP_0041,A0041,1287920,353253.082999118,57.3,"Condition, comps, and features (placeholder)",Customer input CSV vs AI model GradientBoostingRegressor_asset_20251106-070257.joblib (comps=5)
APP_0042,A0042,617289,165434.87562419623,57.3,"Condition, comps, and features (placeholder)",Customer input CSV vs AI model GradientBoostingRegressor_asset_20251106-070257.joblib (comps=5)
APP_0043,A0043,1262626,296651.4574068673,56.7,"Condition, comps, and features (placeholder)",Customer input CSV vs AI model GradientBoostingRegressor_asset_20251106-070257.joblib (comps=5)
APP_0044,A0044,1054361,366422.80844553845,58.5,"Condition, comps, and features (placeholder)",Customer input CSV vs AI model GradientBoostingRegressor_asset_20251106-070257.joblib (comps=5)
APP_0045,A0045,1815787,258135.83330932495,55.0,"Condition, comps, and features (placeholder)",Customer input CSV vs AI model GradientBoostingRegressor_asset_20251106-070257.joblib (comps=5)
APP_0046,A0046,549131,343784.6535616429,64.2,"Condition, comps, and features (placeholder)",Customer input CSV vs AI model GradientBoostingRegressor_asset_20251106-070257.joblib (comps=5)
APP_0047,A0047,1983196,737305.1872369273,59.2,"Condition, comps, and features (placeholder)",Customer input CSV vs AI model GradientBoostingRegressor_asset_20251106-070257.joblib (comps=5)
APP_0048,A0048,1875284,990362.5745425718,62.2,"Condition, comps, and features (placeholder)",Customer input CSV vs AI model GradientBoostingRegressor_asset_20251106-070257.joblib (comps=5)
APP_0049,A0049,402368,224568.95165020644,63.4,"Condition, comps, and features (placeholder)",Customer input CSV vs AI model GradientBoostingRegressor_asset_20251106-070257.joblib (comps=5)
APP_0050,A0050,370985,58733.54602763935,55.0,"Condition, comps, and features (placeholder)",Customer input CSV vs AI model GradientBoostingRegressor_asset_20251106-070257.joblib (comps=5)
APP_0051,A0051,1089655,396975.0600206515,59.2,"Condition, comps, and features (placeholder)",Customer input CSV vs AI model GradientBoostingRegressor_asset_20251106-070257.joblib (comps=5)
APP_0052,A0052,137575,11811.094672928992,55.0,"Condition, comps, and features (placeholder)",Customer input CSV vs AI model GradientBoostingRegressor_asset_20251106-070257.joblib (comps=5)
APP_0053,A0053,632656,250284.18161030216,60.0,"Condition, comps, and features (placeholder)",Customer input CSV vs AI model GradientBoostingRegressor_asset_20251106-070257.joblib (comps=5)
APP_0054,A0054,898439,198783.6383261912,56.2,"Condition, comps, and features (placeholder)",Customer input CSV vs AI model GradientBoostingRegressor_asset_20251106-070257.joblib (comps=5)
APP_0055,A0055,1940277,874040.3204044402,61.4,"Condition, comps, and features (placeholder)",Customer input CSV vs AI model GradientBoostingRegressor_asset_20251106-070257.joblib (comps=5)
APP_0056,A0056,1985132,1443939.335088188,66.4,"Condition, comps, and features (placeholder)",Customer input CSV vs AI model GradientBoostingRegressor_asset_20251106-070257.joblib (comps=5)
APP_0057,A0057,345502,29033.03773345629,55.0,"Condition, comps, and features (placeholder)",Customer input CSV vs AI model GradientBoostingRegressor_asset_20251106-070257.joblib (comps=5)
APP_0058,A0058,1788770,154242.9963958508,55.0,"Condition, comps, and features (placeholder)",Customer input CSV vs AI model GradientBoostingRegressor_asset_20251106-070257.joblib (comps=5)
APP_0059,A0059,227311,121449.17637933482,62.8,"Condition, comps, and features (placeholder)",Customer input CSV vs AI model GradientBoostingRegressor_asset_20251106-070257.joblib (comps=5)
APP_0060,A0060,1509785,186924.3427306878,55.0,"Condition, comps, and features (placeholder)",Customer input CSV vs AI model GradientBoostingRegressor_asset_20251106-070257.joblib (comps=5)
APP_0061,A0061,1699003,1109864.5816978014,65.3,"Condition, comps, and features (placeholder)",Customer input CSV vs AI model GradientBoostingRegressor_asset_20251106-070257.joblib (comps=5)
APP_0062,A0062,1787045,344771.7416778107,55.4,"Condition, comps, and features (placeholder)",Customer input CSV vs AI model GradientBoostingRegressor_asset_20251106-070257.joblib (comps=5)
APP_0063,A0063,485664,124399.55693606788,57.1,"Condition, comps, and features (placeholder)",Customer input CSV vs AI model GradientBoostingRegressor_asset_20251106-070257.joblib (comps=5)
APP_0064,A0064,1792220,370332.5009698546,55.9,"Condition, comps, and features (placeholder)",Customer input CSV vs AI model GradientBoostingRegressor_asset_20251106-070257.joblib (comps=5)
APP_0065,A0065,276162,34762.56861017798,55.0,"Condition, comps, and features (placeholder)",Customer input CSV vs AI model GradientBoostingRegressor_asset_20251106-070257.joblib (comps=5)
APP_0066,A0066,1061773,502634.21987488575,61.2,"Condition, comps, and features (placeholder)",Customer input CSV vs AI model GradientBoostingRegressor_asset_20251106-070257.joblib (comps=5)
APP_0067,A0067,965613,517695.4740775079,62.1,"Condition, comps, and features (placeholder)",Customer input CSV vs AI model GradientBoostingRegressor_asset_20251106-070257.joblib (comps=5)
APP_0068,A0068,666061,464380.6788890889,65.3,"Condition, comps, and features (placeholder)",Customer input CSV vs AI model GradientBoostingRegressor_asset_20251106-070257.joblib (comps=5)
APP_0069,A0069,93122,15077.079452013377,55.0,"Condition, comps, and features (placeholder)",Customer input CSV vs AI model GradientBoostingRegressor_asset_20251106-070257.joblib (comps=5)
APP_0070,A0070,1555424,127390.35280504136,55.0,"Condition, comps, and features (placeholder)",Customer input CSV vs AI model GradientBoostingRegressor_asset_20251106-070257.joblib (comps=5)
APP_0071,A0071,704388,439930.8823377283,64.3,"Condition, comps, and features (placeholder)",Customer input CSV vs AI model GradientBoostingRegressor_asset_20251106-070257.joblib (comps=5)
APP_0072,A0072,1340239,414137.68152450287,58.1,"Condition, comps, and features (placeholder)",Customer input CSV vs AI model GradientBoostingRegressor_asset_20251106-070257.joblib (comps=5)
APP_0073,A0073,849928,100343.768204324,55.0,"Condition, comps, and features (placeholder)",Customer input CSV vs AI model GradientBoostingRegressor_asset_20251106-070257.joblib (comps=5)
APP_0074,A0074,778632,337416.3369586789,60.0,"Condition, comps, and features (placeholder)",Customer input CSV vs AI model GradientBoostingRegressor_asset_20251106-070257.joblib (comps=5)
APP_0075,A0075,1778277,517168.3188169135,58.0,"Condition, comps, and features (placeholder)",Customer input CSV vs AI model GradientBoostingRegressor_asset_20251106-070257.joblib (comps=5)
APP_0076,A0076,234210,104807.85968311138,60.8,"Condition, comps, and features (placeholder)",Customer input CSV vs AI model GradientBoostingRegressor_asset_20251106-070257.joblib (comps=5)
APP_0077,A0077,1486403,129380.75017502542,55.0,"Condition, comps, and features (placeholder)",Customer input CSV vs AI model GradientBoostingRegressor_asset_20251106-070257.joblib (comps=5)
APP_0078,A0078,1506239,148838.19864531426,55.0,"Condition, comps, and features (placeholder)",Customer input CSV vs AI model GradientBoostingRegressor_asset_20251106-070257.joblib (comps=5)
APP_0079,A0079,790983,344183.7046710559,61.1,"Condition, comps, and features (placeholder)",Customer input CSV vs AI model GradientBoostingRegressor_asset_20251106-070257.joblib (comps=5)
APP_0080,A0080,561798,279457.87060565024,61.6,"Condition, comps, and features (placeholder)",Customer input CSV vs AI model GradientBoostingRegressor_asset_20251106-070257.joblib (comps=5)
APP_0081,A0081,60348,24097.272874516017,60.1,"Condition, comps, and features (placeholder)",Customer input CSV vs AI model GradientBoostingRegressor_asset_20251106-070257.joblib (comps=5)
APP_0082,A0082,1876785,390131.43208710855,56.3,"Condition, comps, and features (placeholder)",Customer input CSV vs AI model GradientBoostingRegressor_asset_20251106-070257.joblib (comps=5)
APP_0083,A0083,1898076,1532991.1182629478,67.3,"Condition, comps, and features (placeholder)",Customer input CSV vs AI model GradientBoostingRegressor_asset_20251106-070257.joblib (comps=5)
APP_0084,A0084,519892,69941.98080428675,55.0,"Condition, comps, and features (placeholder)",Customer input CSV vs AI model GradientBoostingRegressor_asset_20251106-070257.joblib (comps=5)
APP_0085,A0085,112226,39666.880126824966,59.2,"Condition, comps, and features (placeholder)",Customer input CSV vs AI model GradientBoostingRegressor_asset_20251106-070257.joblib (comps=5)
APP_0086,A0086,289377,88909.2969678604,58.4,"Condition, comps, and features (placeholder)",Customer input CSV vs AI model GradientBoostingRegressor_asset_20251106-070257.joblib (comps=5)
APP_0087,A0087,181903,31813.154803305457,55.0,"Condition, comps, and features (placeholder)",Customer input CSV vs AI model GradientBoostingRegressor_asset_20251106-070257.joblib (comps=5)
APP_0088,A0088,1670669,816389.3580269986,61.7,"Condition, comps, and features (placeholder)",Customer input CSV vs AI model GradientBoostingRegressor_asset_20251106-070257.joblib (comps=5)
APP_0089,A0089,1789227,823388.4198528545,61.2,"Condition, comps, and features (placeholder)",Customer input CSV vs AI model GradientBoostingRegressor_asset_20251106-070257.joblib (comps=5)
APP_0090,A0090,348904,74712.40567288877,56.2,"Condition, comps, and features (placeholder)",Customer input CSV vs AI model GradientBoostingRegressor_asset_20251106-070257.joblib (comps=5)
APP_0091,A0091,1506141,777937.4835417364,61.9,"Condition, comps, and features (placeholder)",Customer input CSV vs AI model GradientBoostingRegressor_asset_20251106-070257.joblib (comps=5)
APP_0092,A0092,399573,114648.65263489504,57.8,"Condition, comps, and features (placeholder)",Customer input CSV vs AI model GradientBoostingRegressor_asset_20251106-070257.joblib (comps=5)
APP_0093,A0093,766057,442816.1286891277,63.1,"Condition, comps, and features (placeholder)",Customer input CSV vs AI model GradientBoostingRegressor_asset_20251106-070257.joblib (comps=5)
APP_0094,A0094,1218796,405066.70596370834,58.5,"Condition, comps, and features (placeholder)",Customer input CSV vs AI model GradientBoostingRegressor_asset_20251106-070257.joblib (comps=5)
APP_0095,A0095,1453857,434298.5638049227,58.1,"Condition, comps, and features (placeholder)",Customer input CSV vs AI model GradientBoostingRegressor_asset_20251106-070257.joblib (comps=5)
APP_0096,A0096,1755395,1529995.678157687,68.9,"Condition, comps, and features (placeholder)",Customer input CSV vs AI model GradientBoostingRegressor_asset_20251106-070257.joblib (comps=5)
APP_0097,A0097,137330,11934.454627603567,55.0,"Condition, comps, and features (placeholder)",Customer input CSV vs AI model GradientBoostingRegressor_asset_20251106-070257.joblib (comps=5)
APP_0098,A0098,433047,98484.88792664115,56.0,"Condition, comps, and features (placeholder)",Customer input CSV vs AI model GradientBoostingRegressor_asset_20251106-070257.joblib (comps=5)
APP_0099,A0099,596991,48547.24966978085,55.0,"Condition, comps, and features (placeholder)",Customer input CSV vs AI model GradientBoostingRegressor_asset_20251106-070257.joblib (comps=5)
APP_0100,A0100,655131,521578.00701926975,67.2,"Condition, comps, and features (placeholder)",Customer input CSV vs AI model GradientBoostingRegressor_asset_20251106-070257.joblib (comps=5)
APP_0101,A0101,1996154,1422381.0468596937,66.0,"Condition, comps, and features (placeholder)",Customer input CSV vs AI model GradientBoostingRegressor_asset_20251106-070257.joblib (comps=5)
APP_0102,A0102,1565939,634545.8730765077,60.1,"Condition, comps, and features (placeholder)",Customer input CSV vs AI model GradientBoostingRegressor_asset_20251106-070257.joblib (comps=5)
APP_0103,A0103,674813,419245.1790778447,64.4,"Condition, comps, and features (placeholder)",Customer input CSV vs AI model GradientBoostingRegressor_asset_20251106-070257.joblib (comps=5)
APP_0104,A0104,1945061,1181047.5741863814,63.8,"Condition, comps, and features (placeholder)",Customer input CSV vs AI model GradientBoostingRegressor_asset_20251106-070257.joblib (comps=5)
APP_0105,A0105,1023648,285246.2154065894,57.7,"Condition, comps, and features (placeholder)",Customer input CSV vs AI model GradientBoostingRegressor_asset_20251106-070257.joblib (comps=5)
APP_0106,A0106,1026445,647366.9620677262,64.5,"Condition, comps, and features (placeholder)",Customer input CSV vs AI model GradientBoostingRegressor_asset_20251106-070257.joblib (comps=5)
APP_0107,A0107,895712,134006.7898594137,55.0,"Condition, comps, and features (placeholder)",Customer input CSV vs AI model GradientBoostingRegressor_asset_20251106-070257.joblib (comps=5)
APP_0108,A0108,330600,214675.8876157512,64.8,"Condition, comps, and features (placeholder)",Customer input CSV vs AI model GradientBoostingRegressor_asset_20251106-070257.joblib (comps=5)
APP_0109,A0109,1872026,1388176.116000706,66.6,"Condition, comps, and features (placeholder)",Customer input CSV vs AI model GradientBoostingRegressor_asset_20251106-070257.joblib (comps=5)
APP_0110,A0110,77175,23402.889129125964,58.0,"Condition, comps, and features (placeholder)",Customer input CSV vs AI model GradientBoostingRegressor_asset_20251106-070257.joblib (comps=5)
APP_0111,A0111,389843,33138.23238013335,55.0,"Condition, comps, and features (placeholder)",Customer input CSV vs AI model GradientBoostingRegressor_asset_20251106-070257.joblib (comps=5)
APP_0112,A0112,497829,364863.3462109233,66.7,"Condition, comps, and features (placeholder)",Customer input CSV vs AI model GradientBoostingRegressor_asset_20251106-070257.joblib (comps=5)
APP_0113,A0113,594630,327758.71661460504,63.1,"Condition, comps, and features (placeholder)",Customer input CSV vs AI model GradientBoostingRegressor_asset_20251106-070257.joblib (comps=5)
APP_0114,A0114,307053,28095.730502829567,55.0,"Condition, comps, and features (placeholder)",Customer input CSV vs AI model GradientBoostingRegressor_asset_20251106-070257.joblib (comps=5)
APP_0115,A0115,85024,7070.130807764875,55.0,"Condition, comps, and features (placeholder)",Customer input CSV vs AI model GradientBoostingRegressor_asset_20251106-070257.joblib (comps=5)
APP_0116,A0116,1371434,621969.2270809021,61.5,"Condition, comps, and features (placeholder)",Customer input CSV vs AI model GradientBoostingRegressor_asset_20251106-070257.joblib (comps=5)
APP_0117,A0117,1940154,553813.7439636637,57.4,"Condition, comps, and features (placeholder)",Customer input CSV vs AI model GradientBoostingRegressor_asset_20251106-070257.joblib (comps=5)
APP_0118,A0118,287573,135339.51492331357,61.2,"Condition, comps, and features (placeholder)",Customer input CSV vs AI model GradientBoostingRegressor_asset_20251106-070257.joblib (comps=5)
APP_0119,A0119,628243,179407.92522405088,57.4,"Condition, comps, and features (placeholder)",Customer input CSV vs AI model GradientBoostingRegressor_asset_20251106-070257.joblib (comps=5)
APP_0120,A0120,1037343,288378.8568800519,57.5,"Condition, comps, and features (placeholder)",Customer input CSV vs AI model GradientBoostingRegressor_asset_20251106-070257.joblib (comps=5)
APP_0121,A0121,1858629,768476.9312089371,60.2,"Condition, comps, and features (placeholder)",Customer input CSV vs AI model GradientBoostingRegressor_asset_20251106-070257.joblib (comps=5)
APP_0122,A0122,1403811,1058524.2881831946,66.7,"Condition, comps, and features (placeholder)",Customer input CSV vs AI model GradientBoostingRegressor_asset_20251106-070257.joblib (comps=5)
APP_0123,A0123,1544066,837750.1706485827,62.6,"Condition, comps, and features (placeholder)",Customer input CSV vs AI model GradientBoostingRegressor_asset_20251106-070257.joblib (comps=5)
APP_0124,A0124,1183177,184974.707038748,55.0,"Condition, comps, and features (placeholder)",Customer input CSV vs AI model GradientBoostingRegressor_asset_20251106-070257.joblib (comps=5)
APP_0125,A0125,863219,223474.68209538492,56.9,"Condition, comps, and features (placeholder)",Customer input CSV vs AI model GradientBoostingRegressor_asset_20251106-070257.joblib (comps=5)
APP_0126,A0126,439562,141323.98990294378,58.5,"Condition, comps, and features (placeholder)",Customer input CSV vs AI model GradientBoostingRegressor_asset_20251106-070257.joblib (comps=5)
APP_0127,A0127,1735413,643390.8491771489,59.4,"Condition, comps, and features (placeholder)",Customer input CSV vs AI model GradientBoostingRegressor_asset_20251106-070257.joblib (comps=5)
APP_0128,A0128,1618042,219185.12916145613,55.0,"Condition, comps, and features (placeholder)",Customer input CSV vs AI model GradientBoostingRegressor_asset_20251106-070257.joblib (comps=5)
APP_0129,A0129,98947,77555.8459637287,67.1,"Condition, comps, and features (placeholder)",Customer input CSV vs AI model GradientBoostingRegressor_asset_20251106-070257.joblib (comps=5)
APP_0130,A0130,1445043,1091917.6248879093,66.9,"Condition, comps, and features (placeholder)",Customer input CSV vs AI model GradientBoostingRegressor_asset_20251106-070257.joblib (comps=5)
APP_0131,A0131,214556,132479.52435563982,64.5,"Condition, comps, and features (placeholder)",Customer input CSV vs AI model GradientBoostingRegressor_asset_20251106-070257.joblib (comps=5)
APP_0132,A0132,1491018,534278.4875339854,59.2,"Condition, comps, and features (placeholder)",Customer input CSV vs AI model GradientBoostingRegressor_asset_20251106-070257.joblib (comps=5)
APP_0133,A0133,1660609,601670.8137082389,59.6,"Condition, comps, and features (placeholder)",Customer input CSV vs AI model GradientBoostingRegressor_asset_20251106-070257.joblib (comps=5)
APP_0134,A0134,305562,104539.53936686993,58.9,"Condition, comps, and features (placeholder)",Customer input CSV vs AI model GradientBoostingRegressor_asset_20251106-070257.joblib (comps=5)
APP_0135,A0135,895979,350683.64178147,59.8,"Condition, comps, and features (placeholder)",Customer input CSV vs AI model GradientBoostingRegressor_asset_20251106-070257.joblib (comps=5)
APP_0136,A0136,291319,24321.622877161044,55.0,"Condition, comps, and features (placeholder)",Customer input CSV vs AI model GradientBoostingRegressor_asset_20251106-070257.joblib (comps=5)
APP_0137,A0137,1156200,937117.0586577128,68.0,"Condition, comps, and features (placeholder)",Customer input CSV vs AI model GradientBoostingRegressor_asset_20251106-070257.joblib (comps=5)
APP_0138,A0138,1858746,691184.209858107,59.2,"Condition, comps, and features (placeholder)",Customer input CSV vs AI model GradientBoostingRegressor_asset_20251106-070257.joblib (comps=5)
APP_0139,A0139,207695,97279.19076602296,61.6,"Condition, comps, and features (placeholder)",Customer input CSV vs AI model GradientBoostingRegressor_asset_20251106-070257.joblib (comps=5)
APP_0140,A0140,825277,296023.92816651275,59.2,"Condition, comps, and features (placeholder)",Customer input CSV vs AI model GradientBoostingRegressor_asset_20251106-070257.joblib (comps=5)
APP_0141,A0141,1947585,258997.42837703085,55.0,"Condition, comps, and features (placeholder)",Customer input CSV vs AI model GradientBoostingRegressor_asset_20251106-070257.joblib (comps=5)
APP_0142,A0142,636849,407056.0845583725,64.6,"Condition, comps, and features (placeholder)",Customer input CSV vs AI model GradientBoostingRegressor_asset_20251106-070257.joblib (comps=5)
APP_0143,A0143,307822,39904.64504940585,55.0,"Condition, comps, and features (placeholder)",Customer input CSV vs AI model GradientBoostingRegressor_asset_20251106-070257.joblib (comps=5)
APP_0144,A0144,1002738,508081.0885915869,62.2,"Condition, comps, and features (placeholder)",Customer input CSV vs AI model GradientBoostingRegressor_asset_20251106-070257.joblib (comps=5)
APP_0145,A0145,1041326,395071.7570869036,60.0,"Condition, comps, and features (placeholder)",Customer input CSV vs AI model GradientBoostingRegressor_asset_20251106-070257.joblib (comps=5)
APP_0146,A0146,1342585,501057.8508130991,59.8,"Condition, comps, and features (placeholder)",Customer input CSV vs AI model GradientBoostingRegressor_asset_20251106-070257.joblib (comps=5)
APP_0147,A0147,661788,61733.09519778701,55.0,"Condition, comps, and features (placeholder)",Customer input CSV vs AI model GradientBoostingRegressor_asset_20251106-070257.joblib (comps=5)
APP_0148,A0148,1913465,498101.49814391526,56.7,"Condition, comps, and features (placeholder)",Customer input CSV vs AI model GradientBoostingRegressor_asset_20251106-070257.joblib (comps=5)
APP_0149,A0149,1065994,441916.10040684114,60.2,"Condition, comps, and features (placeholder)",Customer input CSV vs AI model GradientBoostingRegressor_asset_20251106-070257.joblib (comps=5)
APP_0150,A0150,608570,327932.1445575084,61.8,"Condition, comps, and features (placeholder)",Customer input CSV vs AI model GradientBoostingRegressor_asset_20251106-070257.joblib (comps=5)
