{
  "timestamp": "20251108-075310",
  "model_choice": "GradientBoostingRegressor",
  "trained_model_path": "/home/dzoan/AI-AIGENTbythePeoplesANDBOX/HUGKAG/agents/asset_appraisal/models/trained/GradientBoostingRegressor_asset_20251108-075310.joblib",
  "features": [
    "confidence",
    "loan_amount"
  ],
  "metrics_new": {
    "MAE": 409005.7604163176,
    "RMSE": 499328.4158090725,
    "MAPE%": 114.07280436196379,
    "R2": -0.03638180527383095
  },
  "metrics_prod": null,
  "holdout_rows": 30,
  "source_file": "./.tmp_runs/reviewed_appraisal.20251108-075304.csv",
  "preds_csv": "./.tmp_runs/training_preds_20251108-075310.csv"
}