{
  "timestamp": "20251107-110817",
  "model_choice": "GradientBoostingRegressor",
  "trained_model_path": "/home/dzoan/AI-AIGENTbythePeoplesANDBOX/HUGKAG/agents/asset_appraisal/models/trained/GradientBoostingRegressor_asset_20251107-110817.joblib",
  "features": [
    "confidence",
    "loan_amount"
  ],
  "metrics_new": {
    "MAE": 215626.34782784604,
    "RMSE": 340173.2200545402,
    "MAPE%": 137.75438326841572,
    "R2": 0.42490485639227127
  },
  "metrics_prod": null,
  "holdout_rows": 30,
  "source_file": "./.tmp_runs/reviewed_appraisal.20251107-110656.csv",
  "preds_csv": "./.tmp_runs/training_preds_20251107-110817.csv"
}