{
  "timestamp": "20251108-081215",
  "model_choice": "GradientBoostingRegressor",
  "trained_model_path": "/home/dzoan/AI-AIGENTbythePeoplesANDBOX/HUGKAG/agents/asset_appraisal/models/trained/GradientBoostingRegressor_asset_20251108-081215.joblib",
  "features": [
    "confidence",
    "loan_amount"
  ],
  "metrics_new": {
    "MAE": 216725.35133448202,
    "RMSE": 340602.51643156266,
    "MAPE%": 138.02167936298042,
    "R2": 0.42345240786632654
  },
  "metrics_prod": null,
  "holdout_rows": 30,
  "source_file": "./.tmp_runs/reviewed_appraisal.20251108-081207.csv",
  "preds_csv": "./.tmp_runs/training_preds_20251108-081215.csv"
}