{
  "timestamp": "20251109-040432",
  "model_choice": "GradientBoostingRegressor",
  "trained_model_path": "/home/dzoan/AI-AIGENTbythePeoplesANDBOX/HUGKAG/agents/asset_appraisal/models/trained/GradientBoostingRegressor_asset_20251109-040432.joblib",
  "features": [
    "confidence",
    "loan_amount"
  ],
  "metrics_new": {
    "MAE": 213232.44844298408,
    "RMSE": 339533.3957816882,
    "MAPE%": 134.7946040115392,
    "R2": 0.4270661893053834
  },
  "metrics_prod": null,
  "holdout_rows": 30,
  "source_file": "./.tmp_runs/reviewed_appraisal.20251109-040424.csv",
  "preds_csv": "./.tmp_runs/training_preds_20251109-040432.csv"
}