application_id,decision
APP_0001,approved
APP_0002,denied
APP_0003,approved
APP_0004,approved
APP_0005,approved
APP_0006,approved
APP_0007,approved
APP_0008,approved
APP_0009,approved
APP_0010,approved
APP_0011,approved
APP_0012,approved
APP_0013,approved
APP_0014,approved
APP_0015,approved
APP_0016,approved
APP_0017,approved
APP_0018,approved
APP_0019,approved
APP_0020,approved
APP_0021,approved
APP_0022,approved
APP_0023,approved
APP_0024,approved
APP_0025,approved
APP_0026,approved
APP_0027,approved
APP_0028,approved
APP_0029,approved
APP_0030,approved
APP_0031,approved
APP_0032,approved
APP_0033,approved
APP_0034,approved
APP_0035,approved
APP_0036,approved
APP_0037,approved
APP_0038,approved
APP_0039,approved
APP_0040,approved
APP_0041,approved
APP_0042,approved
APP_0043,approved
APP_0044,approved
APP_0045,approved
APP_0046,approved
APP_0047,approved
APP_0048,approved
APP_0049,approved
APP_0050,approved
APP_0051,approved
APP_0052,approved
APP_0053,approved
APP_0054,approved
APP_0055,approved
APP_0056,approved
APP_0057,approved
APP_0058,approved
APP_0059,denied
APP_0060,approved
APP_0061,approved
APP_0062,approved
APP_0063,denied
APP_0064,approved
APP_0065,approved
APP_0066,approved
APP_0067,approved
APP_0068,approved
APP_0069,approved
APP_0070,approved
APP_0071,approved
APP_0072,approved
APP_0073,approved
APP_0074,approved
APP_0075,approved
APP_0076,approved
APP_0077,approved
APP_0078,approved
APP_0079,approved
APP_0080,approved
APP_0081,approved
APP_0082,denied
APP_0083,approved
APP_0084,approved
APP_0085,approved
APP_0086,approved
APP_0087,approved
APP_0088,approved
APP_0089,approved
APP_0090,approved
APP_0091,approved
APP_0092,approved
APP_0093,approved
APP_0094,approved
APP_0095,approved
APP_0096,approved
APP_0097,approved
APP_0098,approved
APP_0099,approved
APP_0100,approved
APP_0101,approved
APP_0102,approved
APP_0103,denied
APP_0104,approved
APP_0105,approved
APP_0106,approved
APP_0107,approved
APP_0108,denied
APP_0109,approved
APP_0110,approved
APP_0111,approved
APP_0112,approved
APP_0113,approved
APP_0114,approved
APP_0115,approved
APP_0116,approved
APP_0117,approved
APP_0118,approved
APP_0119,approved
APP_0120,approved
APP_0121,approved
APP_0122,approved
APP_0123,approved
APP_0124,approved
APP_0125,approved
APP_0126,approved
APP_0127,approved
APP_0128,denied
APP_0129,approved
APP_0130,approved
APP_0131,denied
APP_0132,approved
APP_0133,approved
APP_0134,approved
APP_0135,approved
APP_0136,approved
APP_0137,approved
APP_0138,approved
APP_0139,approved
APP_0140,approved
APP_0141,approved
APP_0142,approved
APP_0143,approved
APP_0144,approved
APP_0145,approved
APP_0146,approved
APP_0147,approved
APP_0148,approved
APP_0149,approved
APP_0150,approved
APP_0151,approved
APP_0152,approved
APP_0153,approved
APP_0154,approved
APP_0155,approved
APP_0156,approved
APP_0157,approved
APP_0158,approved
APP_0159,approved
APP_0160,approved
APP_0161,approved
APP_0162,approved
APP_0163,approved
APP_0164,approved
APP_0165,approved
APP_0166,approved
APP_0167,approved
APP_0168,approved
APP_0169,approved
APP_0170,denied
APP_0171,denied
APP_0172,approved
APP_0173,denied
APP_0174,approved
APP_0175,approved
APP_0176,approved
APP_0177,approved
APP_0178,approved
APP_0179,approved
APP_0180,approved
APP_0181,approved
APP_0182,approved
APP_0183,approved
APP_0184,approved
APP_0185,approved
APP_0186,approved
APP_0187,approved
APP_0188,approved
APP_0189,approved
APP_0190,approved
APP_0191,approved
APP_0192,approved
APP_0193,approved
APP_0194,denied
APP_0195,approved
APP_0196,approved
APP_0197,approved
APP_0198,approved
APP_0199,approved
APP_0200,approved
