application_id,asset_id,asset_type,age_years,market_value,condition_score,legal_penalty,employment_years,credit_history_years,delinquencies,current_loans,loan_amount,customer_type,city,lat,lon,depreciation_rate,market_segment,DTI,LTV,evidence_files,ai_adjusted,confidence,market_delta,decision,rule_reasons,ltv_ai,fmv,why
APP_0001,A0001,House,34,759172,0.9699233717248108,0.9573891686271097,15,21,0,4,46055,bank,Can Tho,10.0452,105.7469,3.00766282751892,High,0.5193571892754305,0.0606647768885048,[],617194.811658344,70.3,-18.7,denied,"{'min_emp_years': True, 'min_credit_hist': True, 'max_delinquencies': True, 'amount_min': True, 'amount_max': True, 'max_dti': False}",0.0746198754915884,617194.811658344,"Condition, comps, and features (placeholder)"
APP_0002,A0002,Land,11,1661269,0.6099437965545025,0.9968063731687872,10,11,2,2,13450,bank,Hue,16.4637,107.5909,39.00562034454976,High,0.4756512267182365,0.05,[],954492.2230349822,63.7,-42.54,denied,"{'min_emp_years': True, 'min_credit_hist': True, 'max_delinquencies': True, 'amount_min': True, 'amount_max': True, 'max_dti': False}",0.014091262008645,954492.2230349822,"Condition, comps, and features (placeholder)"
APP_0003,A0003,Land,36,69336,0.8220792169307298,0.9718952018599376,15,24,2,1,19863,bank,Hanoi,21.0285,105.8542,17.792078306927017,Mass,0.6332384782728779,0.2864745586708203,[],47088.06196242776,67.5,-32.09,denied,"{'min_emp_years': True, 'min_credit_hist': True, 'max_delinquencies': True, 'amount_min': True, 'amount_max': True, 'max_dti': False}",0.4218266620496926,47088.06196242776,"Condition, comps, and features (placeholder)"
APP_0004,A0004,Car,12,1797513,0.853590044672434,0.9691659911388704,28,19,5,2,123185,bank,Hanoi,21.0285,105.8542,14.640995532756596,High,0.604783724638867,0.068530797830113,[],1397807.6110145946,68.1,-22.24,denied,"{'min_emp_years': True, 'min_credit_hist': True, 'max_delinquencies': False, 'amount_min': True, 'amount_max': True, 'max_dti': False}",0.0881272923607752,1397807.6110145946,"Condition, comps, and features (placeholder)"
APP_0005,A0005,Car,17,1108512,0.6423589615003013,0.9864842854338688,2,16,1,4,39689,non-bank,Can Tho,10.0452,105.7469,35.76410384996988,High,0.8932357046988467,0.05,[],642731.302570509,64.1,-42.02,denied,"{'min_emp_years': True, 'min_credit_hist': True, 'max_delinquencies': True, 'amount_min': True, 'amount_max': True, 'max_dti': False}",0.0617505322072687,642731.302570509,"Condition, comps, and features (placeholder)"
APP_0006,A0006,Factory,26,323485,0.656135838825565,0.977649653262645,29,22,2,1,53943,bank,HCMC,10.7769,106.7009,34.386416117443495,Mass,0.8995086228405597,0.1667558001143793,[],184141.0360020531,64.3,-43.08,denied,"{'min_emp_years': True, 'min_credit_hist': True, 'max_delinquencies': True, 'amount_min': True, 'amount_max': True, 'max_dti': False}",0.2929439367300972,184141.0360020531,"Condition, comps, and features (placeholder)"
APP_0007,A0007,House,5,639249,0.7676457277265215,0.9968069993419232,13,12,2,7,171004,bank,Hue,16.4637,107.5909,23.23542722734785,High,0.4889904922402948,0.2675076535121682,[],491228.7919493257,66.8,-23.16,denied,"{'min_emp_years': True, 'min_credit_hist': True, 'max_delinquencies': True, 'amount_min': True, 'amount_max': True, 'max_dti': False}",0.3481147742204013,491228.7919493257,"Condition, comps, and features (placeholder)"
APP_0008,A0008,Land,22,1130370,0.9864927648572728,0.9890150746954696,23,18,0,3,176038,bank,Hanoi,21.0285,105.8542,1.3507235142727336,High,0.1309192239167343,0.155734847881667,[],981538.7395421016,71.1,-13.17,approved,"{'min_emp_years': True, 'min_credit_hist': True, 'max_delinquencies': True, 'amount_min': True, 'amount_max': True, 'max_dti': True}",0.1793490087636516,981538.7395421016,"Condition, comps, and features (placeholder)"
APP_0009,A0009,Apartment,20,665599,0.8384170212937492,0.973968478206227,12,7,0,6,169415,bank,HCMC,10.7769,106.7009,16.158297870625084,High,0.6686668041234106,0.2545301300032001,[],513628.9065454142,67.9,-22.83,denied,"{'min_emp_years': True, 'min_credit_hist': True, 'max_delinquencies': True, 'amount_min': True, 'amount_max': True, 'max_dti': False}",0.3298393019572402,513628.9065454142,"Condition, comps, and features (placeholder)"
APP_0010,A0010,House,31,261722,0.9732092886400844,0.9688179736740412,9,24,2,5,58196,bank,HCMC,10.7769,106.7009,2.679071135991551,Mass,0.8801644664841008,0.2223580745982378,[],220240.34962550373,70.5,-15.85,denied,"{'min_emp_years': True, 'min_credit_hist': True, 'max_delinquencies': True, 'amount_min': True, 'amount_max': True, 'max_dti': False}",0.264238592514752,220240.34962550373,"Condition, comps, and features (placeholder)"
APP_0011,A0011,Car,39,1348678,0.9217443662451884,0.999331577246216,23,15,0,2,127740,non-bank,HCMC,10.7769,106.7009,7.82556337548117,High,0.3205774294846673,0.0947149727362647,[],1077078.7885257662,69.9,-20.14,approved,"{'min_emp_years': True, 'min_credit_hist': True, 'max_delinquencies': True, 'amount_min': True, 'amount_max': True, 'max_dti': True}",0.1185985661966679,1077078.7885257662,"Condition, comps, and features (placeholder)"
APP_0012,A0012,Factory,26,1360868,0.7869526406221166,0.9858880118001822,20,19,0,1,126046,non-bank,Hue,16.4637,107.5909,21.304735937788344,High,0.4420275529619377,0.0926217678716819,[],918568.2653174156,67.0,-32.5,approved,"{'min_emp_years': True, 'min_credit_hist': True, 'max_delinquencies': True, 'amount_min': True, 'amount_max': True, 'max_dti': True}",0.1372200681856173,918568.2653174156,"Condition, comps, and features (placeholder)"
APP_0013,A0013,Land,16,281804,0.9139053797008748,0.997559733000192,4,11,2,5,45197,non-bank,Can Tho,10.0452,105.7469,8.609462029912507,Mass,0.4110603860931375,0.1603845225759748,[],236360.62231715757,69.7,-16.13,approved,"{'min_emp_years': True, 'min_credit_hist': True, 'max_delinquencies': True, 'amount_min': True, 'amount_max': True, 'max_dti': True}",0.1912205153164344,236360.62231715757,"Condition, comps, and features (placeholder)"
APP_0014,A0014,Land,16,598405,0.6071347135907951,0.955923928860852,21,21,1,2,115172,non-bank,Can Tho,10.0452,105.7469,39.286528640920494,High,0.0937062813733899,0.192464969376927,[],319515.1379323032,63.0,-46.61,approved,"{'min_emp_years': True, 'min_credit_hist': True, 'max_delinquencies': True, 'amount_min': True, 'amount_max': True, 'max_dti': True}",0.3604586647922825,319515.1379323032,"Condition, comps, and features (placeholder)"
APP_0015,A0015,Land,17,525552,0.6436575987062939,0.9925266839595392,22,1,3,1,109798,non-bank,Hue,16.4637,107.5909,35.63424012937061,High,0.6214247665399282,0.2089193838097847,[],307208.96095246327,64.3,-41.55,denied,"{'min_emp_years': True, 'min_credit_hist': False, 'max_delinquencies': False, 'amount_min': True, 'amount_max': True, 'max_dti': False}",0.3574049391644857,307208.96095246327,"Condition, comps, and features (placeholder)"
APP_0016,A0016,Land,32,1335874,0.9317714459530946,0.9818536941995604,11,2,0,7,85271,non-bank,HCMC,10.7769,106.7009,6.822855404690542,High,0.3503370408081976,0.0638316188502808,[],1059597.1235434662,69.9,-20.68,denied,"{'min_emp_years': True, 'min_credit_hist': False, 'max_delinquencies': True, 'amount_min': True, 'amount_max': True, 'max_dti': True}",0.0804749258990434,1059597.1235434662,"Condition, comps, and features (placeholder)"
APP_0017,A0017,Car,13,1474076,0.9187268353300648,0.9560960839167556,27,12,1,3,152815,bank,Can Tho,10.0452,105.7469,8.127316466993529,High,0.719344293436777,0.1036683318906216,[],1210652.2891680235,69.2,-17.87,denied,"{'min_emp_years': True, 'min_credit_hist': True, 'max_delinquencies': True, 'amount_min': True, 'amount_max': True, 'max_dti': False}",0.1262253426250211,1210652.2891680235,"Condition, comps, and features (placeholder)"
APP_0018,A0018,House,7,1467639,0.6930562967865734,0.979412899998461,19,18,2,0,138747,bank,Da Nang,16.0544,108.2022,30.694370321342657,High,0.7573020639896881,0.0945375531721356,[],990189.0410985546,65.1,-32.53,denied,"{'min_emp_years': True, 'min_credit_hist': True, 'max_delinquencies': True, 'amount_min': True, 'amount_max': True, 'max_dti': False}",0.1401217285197063,990189.0410985546,"Condition, comps, and features (placeholder)"
APP_0019,A0019,Factory,14,1880584,0.8123078362396214,0.9843048182552724,10,20,5,3,111204,bank,Da Nang,16.0544,108.2022,18.769216376037857,High,0.7480461686081686,0.0591326949500793,[],1398382.367549484,67.5,-25.64,denied,"{'min_emp_years': True, 'min_credit_hist': True, 'max_delinquencies': False, 'amount_min': True, 'amount_max': True, 'max_dti': False}",0.0795233139236968,1398382.367549484,"Condition, comps, and features (placeholder)"
APP_0020,A0020,Car,1,1548862,0.8424063282800044,0.95061513429443,0,11,3,3,147896,bank,Hue,16.4637,107.5909,15.75936717199956,High,0.4041660983338981,0.0954868800448329,[],1234133.5263798577,67.6,-20.32,denied,"{'min_emp_years': False, 'min_credit_hist': True, 'max_delinquencies': False, 'amount_min': True, 'amount_max': True, 'max_dti': True}",0.1198379242105433,1234133.5263798577,"Condition, comps, and features (placeholder)"
APP_0021,A0021,Car,5,675324,0.9470955815104044,0.9727158980920872,20,16,5,6,154990,bank,Hue,16.4637,107.5909,5.290441848959548,High,0.3233138299047646,0.2295046525815756,[],606591.9246776063,70.0,-10.18,denied,"{'min_emp_years': True, 'min_credit_hist': True, 'max_delinquencies': False, 'amount_min': True, 'amount_max': True, 'max_dti': True}",0.2555095010247204,606591.9246776063,"Condition, comps, and features (placeholder)"
APP_0022,A0022,Apartment,4,260094,0.8412428629354902,0.991269975559816,6,13,2,5,117718,non-bank,Can Tho,10.0452,105.7469,15.875713706450975,Mass,0.6864976627169966,0.4525979069105785,[],218930.85793483316,68.2,-15.83,denied,"{'min_emp_years': True, 'min_credit_hist': True, 'max_delinquencies': True, 'amount_min': True, 'amount_max': True, 'max_dti': False}",0.5376948736712113,218930.85793483316,"Condition, comps, and features (placeholder)"
APP_0023,A0023,House,31,1248553,0.7650286277094721,0.9647679512672044,22,24,2,1,60858,bank,Da Nang,16.0544,108.2022,23.49713722905279,High,0.7311810187663146,0.05,[],806795.9102142928,66.3,-35.38,denied,"{'min_emp_years': True, 'min_credit_hist': True, 'max_delinquencies': True, 'amount_min': True, 'amount_max': True, 'max_dti': False}",0.0754317160381186,806795.9102142928,"Condition, comps, and features (placeholder)"
APP_0024,A0024,Factory,29,1836223,0.7496736173628731,0.9729274040899276,15,16,2,1,154100,bank,Hue,16.4637,107.5909,25.03263826371269,High,0.4675688294326612,0.0839222687004792,[],1145102.073831419,66.1,-37.64,denied,"{'min_emp_years': True, 'min_credit_hist': True, 'max_delinquencies': True, 'amount_min': True, 'amount_max': True, 'max_dti': False}",0.134573155984596,1145102.073831419,"Condition, comps, and features (placeholder)"
APP_0025,A0025,Land,28,1951552,0.770352834549404,0.9721157063533946,14,10,5,4,146346,bank,Hue,16.4637,107.5909,22.96471654505961,High,0.8090763666058576,0.0749895467812284,[],1256858.0293170128,66.5,-35.6,denied,"{'min_emp_years': True, 'min_credit_hist': True, 'max_delinquencies': False, 'amount_min': True, 'amount_max': True, 'max_dti': False}",0.11643797197964,1256858.0293170128,"Condition, comps, and features (placeholder)"
APP_0026,A0026,Land,19,498917,0.8607724102319896,0.9650963695721244,4,24,5,0,196849,bank,HCMC,10.7769,106.7009,13.922758976801042,Mass,0.1723223916667745,0.3945526009336222,[],382592.1663730376,68.2,-23.32,denied,"{'min_emp_years': True, 'min_credit_hist': True, 'max_delinquencies': False, 'amount_min': True, 'amount_max': True, 'max_dti': True}",0.514513932331973,382592.1663730376,"Condition, comps, and features (placeholder)"
APP_0027,A0027,Car,28,511088,0.94699625270093,0.9959220947757778,21,2,5,2,38459,bank,HCMC,10.7769,106.7009,5.300374729907009,High,0.7972084627101161,0.0752492721410011,[],422832.085359197,70.4,-17.27,denied,"{'min_emp_years': True, 'min_credit_hist': False, 'max_delinquencies': False, 'amount_min': True, 'amount_max': True, 'max_dti': False}",0.090955727655646,422832.085359197,"Condition, comps, and features (placeholder)"
APP_0028,A0028,Factory,7,122954,0.7815587528305199,0.9890647017715758,4,24,4,1,89661,non-bank,Hue,16.4637,107.5909,21.84412471694801,Mass,0.1316809480260991,0.7292239374074857,[],91718.36607570044,67.0,-25.4,denied,"{'min_emp_years': True, 'min_credit_hist': True, 'max_delinquencies': False, 'amount_min': True, 'amount_max': True, 'max_dti': True}",0.9775686575794168,91718.36607570044,"Condition, comps, and features (placeholder)"
APP_0029,A0029,Car,36,325461,0.6991358251805433,0.9555294205498056,12,3,3,0,185603,bank,Hanoi,21.0285,105.8542,30.08641748194567,Mass,0.1804966937464218,0.5702772375184738,[],184809.1631649448,64.8,-43.22,denied,"{'min_emp_years': True, 'min_credit_hist': True, 'max_delinquencies': False, 'amount_min': True, 'amount_max': True, 'max_dti': True}",1.0042954408832352,184809.1631649448,"Condition, comps, and features (placeholder)"
APP_0030,A0030,Car,20,1131962,0.6946649451990324,0.9998517328918788,25,7,3,7,107770,non-bank,HCMC,10.7769,106.7009,30.53350548009676,High,0.5037640112828663,0.095206376185773,[],721747.8790607464,65.4,-36.24,denied,"{'min_emp_years': True, 'min_credit_hist': True, 'max_delinquencies': False, 'amount_min': True, 'amount_max': True, 'max_dti': False}",0.1493180695456251,721747.8790607464,"Condition, comps, and features (placeholder)"
APP_0031,A0031,Car,37,1116266,0.8984057120973785,0.9939600012153872,27,20,5,0,189098,bank,Hue,16.4637,107.5909,10.159428790262147,High,0.1073907081593027,0.1694022750849708,[],847282.1071034283,69.4,-24.1,denied,"{'min_emp_years': True, 'min_credit_hist': True, 'max_delinquencies': False, 'amount_min': True, 'amount_max': True, 'max_dti': True}",0.2231818640033155,847282.1071034283,"Condition, comps, and features (placeholder)"
APP_0032,A0032,Apartment,6,773298,0.9266275053695642,0.964195421893202,29,18,1,0,12369,bank,Can Tho,10.0452,105.7469,7.337249463043582,High,0.0948860361900938,0.05,[],690281.2841355411,69.5,-10.74,approved,"{'min_emp_years': True, 'min_credit_hist': True, 'max_delinquencies': True, 'amount_min': True, 'amount_max': True, 'max_dti': True}",0.0179187822185995,690281.2841355411,"Condition, comps, and features (placeholder)"
APP_0033,A0033,House,20,654413,0.64211123194165,0.9918448289830468,28,24,2,7,16682,bank,Da Nang,16.0544,108.2022,35.788876805835,High,0.0504409325408496,0.05,[],386354.2130417505,64.2,-40.96,approved,"{'min_emp_years': True, 'min_credit_hist': True, 'max_delinquencies': True, 'amount_min': True, 'amount_max': True, 'max_dti': True}",0.0431779942780054,386354.2130417505,"Condition, comps, and features (placeholder)"
APP_0034,A0034,Car,28,1668089,0.6266235427820712,0.9553209765935692,16,18,5,1,161245,non-bank,HCMC,10.7769,106.7009,37.33764572179288,High,0.4208691607401236,0.0966645065101442,[],875938.9998538939,63.4,-47.49,denied,"{'min_emp_years': True, 'min_credit_hist': True, 'max_delinquencies': False, 'amount_min': True, 'amount_max': True, 'max_dti': True}",0.1840824532608955,875938.9998538939,"Condition, comps, and features (placeholder)"
APP_0035,A0035,Factory,20,947066,0.8377734655025807,0.999955236523712,6,15,2,6,78101,non-bank,Da Nang,16.0544,108.2022,16.22265344974193,High,0.7084302990983954,0.0824662695102558,[],714052.1235055419,68.3,-24.6,denied,"{'min_emp_years': True, 'min_credit_hist': True, 'max_delinquencies': True, 'amount_min': True, 'amount_max': True, 'max_dti': False}",0.1093771692976329,714052.1235055419,"Condition, comps, and features (placeholder)"
APP_0036,A0036,House,18,1626090,0.6584692976770793,0.9832842368053268,25,8,1,0,108843,bank,Hue,16.4637,107.5909,34.15307023229207,High,0.0796125977379283,0.0669354094791801,[],986819.6824030876,64.4,-39.31,approved,"{'min_emp_years': True, 'min_credit_hist': True, 'max_delinquencies': True, 'amount_min': True, 'amount_max': True, 'max_dti': True}",0.110296746144085,986819.6824030876,"Condition, comps, and features (placeholder)"
APP_0037,A0037,Factory,7,1928263,0.9298656761825366,0.9825062507779398,24,0,3,1,91321,non-bank,Da Nang,16.0544,108.2022,7.013432381746343,High,0.6044189654959771,0.05,[],1700000.7791875526,69.8,-11.84,denied,"{'min_emp_years': True, 'min_credit_hist': False, 'max_delinquencies': False, 'amount_min': True, 'amount_max': True, 'max_dti': False}",0.0537182106726111,1700000.7791875526,"Condition, comps, and features (placeholder)"
APP_0038,A0038,Factory,15,668420,0.7241338695696298,0.9545220363492066,29,3,1,0,87512,bank,Hanoi,21.0285,105.8542,27.586613043037023,High,0.7496582198037586,0.1309236707459382,[],427362.0844072689,65.3,-36.06,denied,"{'min_emp_years': True, 'min_credit_hist': True, 'max_delinquencies': True, 'amount_min': True, 'amount_max': True, 'max_dti': False}",0.2047724943156224,427362.0844072689,"Condition, comps, and features (placeholder)"
APP_0039,A0039,Apartment,10,445339,0.6575487731884571,0.9948516699448312,19,7,5,5,188500,non-bank,Da Nang,16.0544,108.2022,34.24512268115429,Mass,0.1928007212911904,0.4232730571542129,[],285061.03962418734,64.6,-35.99,denied,"{'min_emp_years': True, 'min_credit_hist': True, 'max_delinquencies': False, 'amount_min': True, 'amount_max': True, 'max_dti': True}",0.6612618835899517,285061.03962418734,"Condition, comps, and features (placeholder)"
APP_0040,A0040,Land,12,1908153,0.96838818899498,0.9514499751602234,4,1,5,4,27873,bank,Da Nang,16.0544,108.2022,3.1611811005019863,High,0.1748341745981936,0.05,[],1652633.268398625,70.1,-13.39,denied,"{'min_emp_years': True, 'min_credit_hist': False, 'max_delinquencies': False, 'amount_min': True, 'amount_max': True, 'max_dti': True}",0.0168658107839063,1652633.268398625,"Condition, comps, and features (placeholder)"
APP_0041,A0041,House,27,1287920,0.6662126890941112,0.9620414029020572,15,12,1,3,156721,bank,Hue,16.4637,107.5909,33.37873109058888,High,0.7816808275774557,0.1216853531275234,[],735442.7698613366,64.3,-42.9,denied,"{'min_emp_years': True, 'min_credit_hist': True, 'max_delinquencies': True, 'amount_min': True, 'amount_max': True, 'max_dti': False}",0.2130974787195866,735442.7698613366,"Condition, comps, and features (placeholder)"
APP_0042,A0042,Land,25,617289,0.7138880329351742,0.9571510937583316,13,19,3,1,179034,non-bank,Can Tho,10.0452,105.7469,28.611196706482577,High,0.7496559184575805,0.2900327075324523,[],369068.6810569772,65.1,-40.21,denied,"{'min_emp_years': True, 'min_credit_hist': True, 'max_delinquencies': False, 'amount_min': True, 'amount_max': True, 'max_dti': False}",0.4850967020210543,369068.6810569772,"Condition, comps, and features (placeholder)"
APP_0043,A0043,Land,24,1262626,0.6614453580768235,0.988838397034611,25,24,5,0,134908,bank,Can Tho,10.0452,105.7469,33.855464192317655,High,0.5081005013245589,0.1068471582242089,[],726736.0350685071,64.6,-42.44,denied,"{'min_emp_years': True, 'min_credit_hist': True, 'max_delinquencies': False, 'amount_min': True, 'amount_max': True, 'max_dti': False}",0.1856354900404555,726736.0350685071,"Condition, comps, and features (placeholder)"
APP_0044,A0044,Apartment,15,1054361,0.646196025466142,0.9599102113606448,11,12,4,4,85051,bank,Hue,16.4637,107.5909,35.380397453385804,High,0.7463198973998832,0.0806659199268561,[],623107.7959411803,63.8,-40.9,denied,"{'min_emp_years': True, 'min_credit_hist': True, 'max_delinquencies': False, 'amount_min': True, 'amount_max': True, 'max_dti': False}",0.1364948417497068,623107.7959411803,"Condition, comps, and features (placeholder)"
APP_0045,A0045,House,38,1815787,0.608459206534576,0.9955319113565444,9,21,1,1,40402,bank,HCMC,10.7769,106.7009,39.1540793465424,High,0.1288426658108205,0.05,[],981657.026959584,63.6,-45.94,approved,"{'min_emp_years': True, 'min_credit_hist': True, 'max_delinquencies': True, 'amount_min': True, 'amount_max': True, 'max_dti': True}",0.0411569406528206,981657.026959584,"Condition, comps, and features (placeholder)"
APP_0046,A0046,Factory,4,549131,0.622158163665704,0.9828134519663744,2,24,3,4,139690,bank,Da Nang,16.0544,108.2022,37.7841836334296,High,0.3853092902479412,0.2543837444981252,[],329059.12116363377,63.7,-40.08,denied,"{'min_emp_years': True, 'min_credit_hist': True, 'max_delinquencies': False, 'amount_min': True, 'amount_max': True, 'max_dti': True}",0.4245133807749254,329059.12116363377,"Condition, comps, and features (placeholder)"
APP_0047,A0047,Car,14,1983196,0.669856588374341,0.9518081355247348,25,21,3,5,99071,non-bank,Hanoi,21.0285,105.8542,33.0143411625659,High,0.677127922690417,0.05,[],1175925.5650315075,64.2,-40.71,denied,"{'min_emp_years': True, 'min_credit_hist': True, 'max_delinquencies': False, 'amount_min': True, 'amount_max': True, 'max_dti': False}",0.0842493801870405,1175925.5650315075,"Condition, comps, and features (placeholder)"
APP_0048,A0048,Factory,5,1875284,0.6213527730508701,0.950271491706435,22,11,3,6,38381,non-bank,Can Tho,10.0452,105.7469,37.86472269491299,High,0.2688341654253688,0.05,[],1079586.8982768876,63.2,-42.43,denied,"{'min_emp_years': True, 'min_credit_hist': True, 'max_delinquencies': False, 'amount_min': True, 'amount_max': True, 'max_dti': True}",0.0355515614919552,1079586.8982768876,"Condition, comps, and features (placeholder)"
APP_0049,A0049,Land,14,402368,0.8364575264443885,0.95258289585072,1,8,0,3,78333,non-bank,Can Tho,10.0452,105.7469,16.354247355561146,Mass,0.6894795772685198,0.1946799944329569,[],298162.5235135574,67.5,-25.9,denied,"{'min_emp_years': False, 'min_credit_hist': True, 'max_delinquencies': True, 'amount_min': True, 'amount_max': True, 'max_dti': False}",0.2627191341048541,298162.5235135574,"Condition, comps, and features (placeholder)"
APP_0050,A0050,Land,38,370985,0.8722858107198026,0.9802962588823864,13,24,1,0,192694,bank,Can Tho,10.0452,105.7469,12.77141892801974,Mass,0.4785518137321917,0.5194118360580616,[],269644.4148061487,68.7,-27.32,denied,"{'min_emp_years': True, 'min_credit_hist': True, 'max_delinquencies': True, 'amount_min': True, 'amount_max': True, 'max_dti': False}",0.7146226267602485,269644.4148061487,"Condition, comps, and features (placeholder)"
APP_0051,A0051,Land,15,1089655,0.7574521827328113,0.9900740905429708,14,6,5,2,60423,bank,HCMC,10.7769,106.7009,24.254781726718868,High,0.6877260897559981,0.055451496115743,[],770999.0402644392,66.5,-29.24,denied,"{'min_emp_years': True, 'min_credit_hist': True, 'max_delinquencies': False, 'amount_min': True, 'amount_max': True, 'max_dti': False}",0.0783697473595764,770999.0402644392,"Condition, comps, and features (placeholder)"
APP_0052,A0052,House,36,137575,0.7271964387808197,0.9619276410313694,14,10,1,6,43903,bank,HCMC,10.7769,106.7009,27.280356121918025,Mass,0.4449776921787301,0.3191204797383245,[],85889.85984257075,65.5,-37.57,approved,"{'min_emp_years': True, 'min_credit_hist': True, 'max_delinquencies': True, 'amount_min': True, 'amount_max': True, 'max_dti': True}",0.5111546354886444,85889.85984257075,"Condition, comps, and features (placeholder)"
APP_0053,A0053,Apartment,20,632656,0.801810494808892,0.9924704421461537,27,1,1,4,139575,bank,Can Tho,10.0452,105.7469,19.8189505191108,High,0.3627186891885449,0.2206175235831162,[],466698.7988367327,67.4,-26.23,denied,"{'min_emp_years': True, 'min_credit_hist': False, 'max_delinquencies': True, 'amount_min': True, 'amount_max': True, 'max_dti': True}",0.2990686934440303,466698.7988367327,"Condition, comps, and features (placeholder)"
APP_0054,A0054,Car,28,898439,0.9500019768938436,0.9528615970076628,4,19,1,4,47912,bank,Da Nang,16.0544,108.2022,4.999802310615653,High,0.2363108340068374,0.0533280500957772,[],699425.3680890093,69.8,-22.15,approved,"{'min_emp_years': True, 'min_credit_hist': True, 'max_delinquencies': True, 'amount_min': True, 'amount_max': True, 'max_dti': True}",0.0685019477216083,699425.3680890093,"Condition, comps, and features (placeholder)"
APP_0055,A0055,Car,18,1940277,0.9404526507288824,0.9900481926820838,9,16,1,3,184782,non-bank,Hue,16.4637,107.5909,5.95473492711176,High,0.2271224402197627,0.095234855641746,[],1643987.0723365548,70.2,-15.27,approved,"{'min_emp_years': True, 'min_credit_hist': True, 'max_delinquencies': True, 'amount_min': True, 'amount_max': True, 'max_dti': True}",0.1123986940708568,1643987.0723365548,"Condition, comps, and features (placeholder)"
APP_0056,A0056,House,11,1985132,0.6173900248051167,0.996389771508614,5,2,0,1,173206,non-bank,Da Nang,16.0544,108.2022,38.26099751948833,High,0.6887671889856867,0.0872516286070649,[],1188631.6558762405,63.8,-40.12,denied,"{'min_emp_years': True, 'min_credit_hist': False, 'max_delinquencies': True, 'amount_min': True, 'amount_max': True, 'max_dti': False}",0.1457188180574875,1188631.6558762405,"Condition, comps, and features (placeholder)"
APP_0057,A0057,Car,30,345502,0.6725993638386096,0.988605419955219,7,5,2,7,196870,non-bank,Da Nang,16.0544,108.2022,32.74006361613904,Mass,0.1510737958288664,0.5698085684019195,[],195276.0270982505,64.8,-43.48,approved,"{'min_emp_years': True, 'min_credit_hist': True, 'max_delinquencies': True, 'amount_min': True, 'amount_max': True, 'max_dti': True}",1.008162665563385,195276.0270982505,"Condition, comps, and features (placeholder)"
APP_0058,A0058,House,38,1788770,0.6946979484417584,0.9849060391989318,27,13,5,6,183390,bank,Hue,16.4637,107.5909,30.530205155824163,High,0.1230849975943033,0.1025229627062171,[],1071522.9315770706,65.2,-40.1,denied,"{'min_emp_years': True, 'min_credit_hist': True, 'max_delinquencies': False, 'amount_min': True, 'amount_max': True, 'max_dti': True}",0.1711489270043769,1071522.9315770706,"Condition, comps, and features (placeholder)"
APP_0059,A0059,Land,11,227311,0.6997550303328848,0.9918990109327692,28,13,0,7,56315,bank,Can Tho,10.0452,105.7469,30.024496966711524,Mass,0.1998476602688106,0.247744279863271,[],149095.91596706194,65.4,-34.41,approved,"{'min_emp_years': True, 'min_credit_hist': True, 'max_delinquencies': True, 'amount_min': True, 'amount_max': True, 'max_dti': True}",0.377709876455912,149095.91596706194,"Condition, comps, and features (placeholder)"
APP_0060,A0060,Land,31,1509785,0.828493060697109,0.9520075649773532,1,20,1,6,50308,bank,HCMC,10.7769,106.7009,17.150693930289094,High,0.1990445347358336,0.05,[],1032436.805518286,67.3,-31.62,denied,"{'min_emp_years': False, 'min_credit_hist': True, 'max_delinquencies': True, 'amount_min': True, 'amount_max': True, 'max_dti': True}",0.0487274375836933,1032436.805518286,"Condition, comps, and features (placeholder)"
APP_0061,A0061,Factory,11,1699003,0.766504970281277,0.9600891055359528,18,6,0,2,75101,bank,Can Tho,10.0452,105.7469,23.349502971872305,High,0.7496414793858648,0.05,[],1181550.9975146044,66.2,-30.46,denied,"{'min_emp_years': True, 'min_credit_hist': True, 'max_delinquencies': True, 'amount_min': True, 'amount_max': True, 'max_dti': False}",0.0635613698926031,1181550.9975146044,"Condition, comps, and features (placeholder)"
APP_0062,A0062,Land,28,1787045,0.6197016479710376,0.9562461839652822,6,23,3,2,99262,bank,HCMC,10.7769,106.7009,38.02983520289624,High,0.3887306299530805,0.0555453276218561,[],928937.463006888,63.2,-48.02,denied,"{'min_emp_years': True, 'min_credit_hist': True, 'max_delinquencies': False, 'amount_min': True, 'amount_max': True, 'max_dti': True}",0.1068554170252728,928937.463006888,"Condition, comps, and features (placeholder)"
APP_0063,A0063,Apartment,31,485664,0.7494456553838287,0.9752265495096492,5,11,1,1,177199,bank,Da Nang,16.0544,108.2022,25.05543446161713,Mass,0.8918301887564101,0.3648592442511695,[],310769.02492469776,66.1,-36.01,denied,"{'min_emp_years': True, 'min_credit_hist': True, 'max_delinquencies': True, 'amount_min': True, 'amount_max': True, 'max_dti': False}",0.5701951796609619,310769.02492469776,"Condition, comps, and features (placeholder)"
APP_0064,A0064,Factory,18,1792220,0.8095011794870549,0.9872594064164422,8,20,4,7,149364,bank,Can Tho,10.0452,105.7469,19.04988205129451,High,0.1666295691220205,0.0833402149289707,[],1303411.2884238616,67.5,-27.27,denied,"{'min_emp_years': True, 'min_credit_hist': True, 'max_delinquencies': False, 'amount_min': True, 'amount_max': True, 'max_dti': True}",0.114594680379527,1303411.2884238616,"Condition, comps, and features (placeholder)"
APP_0065,A0065,Car,29,276162,0.6406687611614864,0.98150059222882,5,5,3,4,132442,non-bank,Can Tho,10.0452,105.7469,35.93312388385136,Mass,0.6055088518395969,0.4795808257472063,[],148475.27844182603,64.0,-46.24,denied,"{'min_emp_years': True, 'min_credit_hist': True, 'max_delinquencies': False, 'amount_min': True, 'amount_max': True, 'max_dti': False}",0.8920138179898547,148475.27844182603,"Condition, comps, and features (placeholder)"
APP_0066,A0066,Apartment,11,1061773,0.933383421515424,0.9925565549880968,14,0,4,3,176889,bank,Can Tho,10.0452,105.7469,6.661657848457613,High,0.431420081121063,0.1665977567709859,[],957449.8937092992,70.1,-9.83,denied,"{'min_emp_years': True, 'min_credit_hist': False, 'max_delinquencies': False, 'amount_min': True, 'amount_max': True, 'max_dti': True}",0.184750138009527,957449.8937092992,"Condition, comps, and features (placeholder)"
APP_0067,A0067,Factory,4,965613,0.6207847465860417,0.9577606496220544,29,1,3,7,132718,non-bank,HCMC,10.7769,106.7009,37.92152534139584,High,0.3839804501925128,0.1374442970423969,[],573888.3101499043,63.3,-40.57,denied,"{'min_emp_years': True, 'min_credit_hist': False, 'max_delinquencies': False, 'amount_min': True, 'amount_max': True, 'max_dti': True}",0.2312610270199317,573888.3101499043,"Condition, comps, and features (placeholder)"
APP_0068,A0068,Apartment,4,666061,0.9699367476072248,0.986731054596758,17,9,2,4,82020,bank,Can Tho,10.0452,105.7469,3.0063252392775186,High,0.79382156919597,0.1231418743928859,[],643456.979047597,70.7,-3.39,denied,"{'min_emp_years': True, 'min_credit_hist': True, 'max_delinquencies': True, 'amount_min': True, 'amount_max': True, 'max_dti': False}",0.1274677292666879,643456.979047597,"Condition, comps, and features (placeholder)"
APP_0069,A0069,House,18,93122,0.6396452566319502,0.9596520745434453,21,23,5,7,88470,bank,Can Tho,10.0452,105.7469,36.03547433680498,Mass,0.8792562989541397,0.9500440282639978,[],53577.679751907766,63.7,-42.47,denied,"{'min_emp_years': True, 'min_credit_hist': True, 'max_delinquencies': False, 'amount_min': True, 'amount_max': True, 'max_dti': False}",1.6512473180933112,53577.679751907766,"Condition, comps, and features (placeholder)"
APP_0070,A0070,Car,36,1555424,0.9374299806391012,0.96353793756589,14,1,2,7,108233,bank,Can Tho,10.0452,105.7469,6.25700193608989,High,0.791930114958052,0.0695842419816075,[],1194195.3596363822,69.7,-23.22,denied,"{'min_emp_years': True, 'min_credit_hist': False, 'max_delinquencies': True, 'amount_min': True, 'amount_max': True, 'max_dti': False}",0.0906325745839069,1194195.3596363822,"Condition, comps, and features (placeholder)"
APP_0071,A0071,Land,5,704388,0.9610612575710468,0.9854952348640652,0,9,5,0,26866,bank,Hanoi,21.0285,105.8542,3.893874242895312,High,0.213455577179863,0.05,[],650462.349267442,70.5,-7.66,denied,"{'min_emp_years': False, 'min_credit_hist': True, 'max_delinquencies': False, 'amount_min': True, 'amount_max': True, 'max_dti': True}",0.0413029286479944,650462.349267442,"Condition, comps, and features (placeholder)"
APP_0072,A0072,House,18,1340239,0.9918282722346372,0.999010239244934,2,2,5,2,150926,bank,Hue,16.4637,107.5909,0.8171727765362902,High,0.2376782330275939,0.1126112581412718,[],1244707.4579809275,71.3,-7.13,denied,"{'min_emp_years': True, 'min_credit_hist': False, 'max_delinquencies': False, 'amount_min': True, 'amount_max': True, 'max_dti': True}",0.1212541943348045,1244707.4579809275,"Condition, comps, and features (placeholder)"
APP_0073,A0073,Car,28,849928,0.9208103521094374,0.9805771802988534,8,23,3,5,134027,bank,Can Tho,10.0452,105.7469,7.918964789056259,High,0.6076627972308039,0.1576921809847422,[],659982.7180872245,69.6,-22.35,denied,"{'min_emp_years': True, 'min_credit_hist': True, 'max_delinquencies': False, 'amount_min': True, 'amount_max': True, 'max_dti': False}",0.2030765296225328,659982.7180872245,"Condition, comps, and features (placeholder)"
APP_0074,A0074,House,8,778632,0.9117910163085317,0.9527250157495648,7,16,4,6,148915,non-bank,Hue,16.4637,107.5909,8.820898369146846,High,0.2957210443924629,0.1912520934151177,[],668811.2712927301,69.0,-14.1,denied,"{'min_emp_years': True, 'min_credit_hist': True, 'max_delinquencies': False, 'amount_min': True, 'amount_max': True, 'max_dti': True}",0.2226562356106313,668811.2712927301,"Condition, comps, and features (placeholder)"
APP_0075,A0075,Land,29,1778277,0.856993310398219,0.9808154484963766,25,19,1,1,111449,bank,HCMC,10.7769,106.7009,14.300668960178095,High,0.6745163611634929,0.0626724632889026,[],1303558.2046352592,68.4,-26.7,denied,"{'min_emp_years': True, 'min_credit_hist': True, 'max_delinquencies': True, 'amount_min': True, 'amount_max': True, 'max_dti': False}",0.0854959905922911,1303558.2046352592,"Condition, comps, and features (placeholder)"
APP_0076,A0076,Car,12,234210,0.9115985418312516,0.9521175275790084,25,17,4,2,158762,bank,Hue,16.4637,107.5909,8.840145816874845,Mass,0.531457553188198,0.6778617480039281,[],191085.3841191575,69.0,-18.41,denied,"{'min_emp_years': True, 'min_credit_hist': True, 'max_delinquencies': False, 'amount_min': True, 'amount_max': True, 'max_dti': False}",0.8308432417887011,191085.3841191575,"Condition, comps, and features (placeholder)"
APP_0077,A0077,Apartment,32,1486403,0.6538208833652588,0.9942072855683408,25,16,4,4,190452,bank,Hanoi,21.0285,105.8542,34.61791166347412,High,0.5182724532168425,0.1281294507613345,[],845918.3636989497,64.5,-43.09,denied,"{'min_emp_years': True, 'min_credit_hist': True, 'max_delinquencies': False, 'amount_min': True, 'amount_max': True, 'max_dti': False}",0.2251422928888906,845918.3636989497,"Condition, comps, and features (placeholder)"
APP_0078,A0078,Apartment,23,1506239,0.814427214379055,0.985478914255031,19,19,5,6,118287,bank,Da Nang,16.0544,108.2022,18.557278562094503,High,0.7542648861129679,0.0785313618887839,[],1101980.7228718156,67.6,-26.84,denied,"{'min_emp_years': True, 'min_credit_hist': True, 'max_delinquencies': False, 'amount_min': True, 'amount_max': True, 'max_dti': False}",0.1073403531885188,1101980.7228718156,"Condition, comps, and features (placeholder)"
APP_0079,A0079,Car,22,790983,0.8056891480761658,0.9586563923211252,16,0,1,0,94432,bank,Hue,16.4637,107.5909,19.431085192383424,High,0.6539528559812762,0.1193856252283551,[],543735.442741415,67.0,-31.26,denied,"{'min_emp_years': True, 'min_credit_hist': False, 'max_delinquencies': True, 'amount_min': True, 'amount_max': True, 'max_dti': False}",0.1736726955371735,543735.442741415,"Condition, comps, and features (placeholder)"
APP_0080,A0080,Land,7,561798,0.943028857649023,0.95458605029121,19,21,4,4,29876,bank,Da Nang,16.0544,108.2022,5.6971142350977,High,0.0725911002476979,0.053179256601127,[],488031.178663472,69.7,-13.13,denied,"{'min_emp_years': True, 'min_credit_hist': True, 'max_delinquencies': False, 'amount_min': True, 'amount_max': True, 'max_dti': True}",0.0612174002526206,488031.178663472,"Condition, comps, and features (placeholder)"
APP_0081,A0081,Factory,19,60348,0.7851197462374063,0.959176661444016,12,18,2,2,157948,non-bank,Hue,16.4637,107.5909,21.48802537625937,Mass,0.0920402665741133,1.5,[],41128.79296576858,66.6,-31.85,approved,"{'min_emp_years': True, 'min_credit_hist': True, 'max_delinquencies': True, 'amount_min': True, 'amount_max': True, 'max_dti': True}",3.840326657080839,41128.79296576858,"Condition, comps, and features (placeholder)"
APP_0082,A0082,Car,34,1876785,0.7540357984401413,0.9990013589777096,20,18,1,1,181754,non-bank,HCMC,10.7769,106.7009,24.596420155985864,High,0.5613246845876134,0.0968432718718446,[],1225721.1078766617,66.6,-34.69,denied,"{'min_emp_years': True, 'min_credit_hist': True, 'max_delinquencies': True, 'amount_min': True, 'amount_max': True, 'max_dti': False}",0.1482833238589287,1225721.1078766617,"Condition, comps, and features (placeholder)"
APP_0083,A0083,House,1,1898076,0.855825308494844,0.9729280321229244,23,9,1,4,142903,non-bank,Hue,16.4637,107.5909,14.417469150515604,High,0.4632632642789341,0.0752883446184452,[],1619719.255194127,68.2,-14.67,denied,"{'min_emp_years': True, 'min_credit_hist': True, 'max_delinquencies': True, 'amount_min': True, 'amount_max': True, 'max_dti': False}",0.0882270180722601,1619719.255194127,"Condition, comps, and features (placeholder)"
APP_0084,A0084,Factory,30,519892,0.7065853270003384,0.9892040474170704,22,20,3,3,174458,bank,Hue,16.4637,107.5909,29.34146729996616,High,0.2711569570415427,0.3355658482915682,[],308874.8586103021,65.5,-40.59,denied,"{'min_emp_years': True, 'min_credit_hist': True, 'max_delinquencies': False, 'amount_min': True, 'amount_max': True, 'max_dti': True}",0.5648177413497686,308874.8586103021,"Condition, comps, and features (placeholder)"
APP_0085,A0085,Land,20,112226,0.6559073643815827,0.9818204171053888,18,9,1,5,173627,bank,Hue,16.4637,107.5909,34.409263561841726,Mass,0.4058576742175814,1.5,[],65044.49699306487,64.3,-42.04,approved,"{'min_emp_years': True, 'min_credit_hist': True, 'max_delinquencies': True, 'amount_min': True, 'amount_max': True, 'max_dti': True}",2.669357255826152,65044.49699306487,"Condition, comps, and features (placeholder)"
APP_0086,A0086,Land,29,289377,0.7911509096094983,0.9786206574979318,1,1,0,2,161638,non-bank,HCMC,10.7769,106.7009,20.88490903905017,Mass,0.6942237709229314,0.5585723813571914,[],195390.75324684376,67.0,-32.48,denied,"{'min_emp_years': False, 'min_credit_hist': False, 'max_delinquencies': True, 'amount_min': True, 'amount_max': True, 'max_dti': False}",0.8272551147586664,195390.75324684376,"Condition, comps, and features (placeholder)"
APP_0087,A0087,House,26,181903,0.766755747437954,0.9572565127332524,21,22,2,6,105547,bank,HCMC,10.7769,106.7009,23.324425256204595,Mass,0.7526197619592405,0.5802378190574097,[],121964.59644783908,66.2,-32.95,denied,"{'min_emp_years': True, 'min_credit_hist': True, 'max_delinquencies': True, 'amount_min': True, 'amount_max': True, 'max_dti': False}",0.8653904745639819,121964.59644783908,"Condition, comps, and features (placeholder)"
APP_0088,A0088,Apartment,17,1670669,0.6930279762115494,0.9973012226779048,10,5,3,0,28973,bank,HCMC,10.7769,106.7009,30.697202378845056,High,0.5270396077065376,0.05,[],1109373.8521452884,65.3,-33.6,denied,"{'min_emp_years': True, 'min_credit_hist': True, 'max_delinquencies': False, 'amount_min': True, 'amount_max': True, 'max_dti': False}",0.026116534064664,1109373.8521452884,"Condition, comps, and features (placeholder)"
APP_0089,A0089,Land,13,1789227,0.7470047240460512,0.965067131625736,22,2,1,6,10616,bank,Da Nang,16.0544,108.2022,25.29952759539488,High,0.3775640587285375,0.05,[],1206029.488931168,65.9,-32.59,denied,"{'min_emp_years': True, 'min_credit_hist': False, 'max_delinquencies': True, 'amount_min': True, 'amount_max': True, 'max_dti': True}",0.0088024381637702,1206029.488931168,"Condition, comps, and features (placeholder)"
APP_0090,A0090,Factory,25,348904,0.746556979930499,0.9789008607903772,16,15,5,0,48835,non-bank,Da Nang,16.0544,108.2022,25.3443020069501,Mass,0.280092247270841,0.1399668676770687,[],223108.27176997645,66.1,-36.05,denied,"{'min_emp_years': True, 'min_credit_hist': True, 'max_delinquencies': False, 'amount_min': True, 'amount_max': True, 'max_dti': True}",0.2188847576675626,223108.27176997645,"Condition, comps, and features (placeholder)"
APP_0091,A0091,Car,6,1506141,0.7309982257650182,0.9849887972294532,26,5,4,5,91894,bank,HCMC,10.7769,106.7009,26.900177423498185,High,0.4936307001538654,0.0610128799362078,[],1072964.00042474,65.9,-28.76,denied,"{'min_emp_years': True, 'min_credit_hist': True, 'max_delinquencies': False, 'amount_min': True, 'amount_max': True, 'max_dti': False}",0.0856449983071409,1072964.00042474,"Condition, comps, and features (placeholder)"
APP_0092,A0092,Factory,23,399573,0.7517856318907716,0.9824616577622656,10,21,3,2,151284,non-bank,Da Nang,16.0544,108.2022,24.82143681092284,Mass,0.3175371757797238,0.3786141706271445,[],261185.48414106105,66.3,-34.63,denied,"{'min_emp_years': True, 'min_credit_hist': True, 'max_delinquencies': False, 'amount_min': True, 'amount_max': True, 'max_dti': True}",0.579220550856856,261185.48414106105,"Condition, comps, and features (placeholder)"
APP_0093,A0093,Factory,4,766057,0.8742973381823782,0.997029720484776,27,11,5,3,96603,non-bank,HCMC,10.7769,106.7009,12.57026618176218,High,0.5294808664901395,0.1261041932910997,[],667505.1079605686,68.9,-12.86,denied,"{'min_emp_years': True, 'min_credit_hist': True, 'max_delinquencies': False, 'amount_min': True, 'amount_max': True, 'max_dti': False}",0.144722488034813,667505.1079605686,"Condition, comps, and features (placeholder)"
APP_0094,A0094,Apartment,26,1218796,0.7187505898285141,0.9574219494960028,25,0,2,0,14396,bank,HCMC,10.7769,106.7009,28.124941017148583,High,0.625154525133192,0.05,[],766162.9837666019,65.2,-37.14,denied,"{'min_emp_years': True, 'min_credit_hist': False, 'max_delinquencies': True, 'amount_min': True, 'amount_max': True, 'max_dti': False}",0.0187897357416388,766162.9837666019,"Condition, comps, and features (placeholder)"
APP_0095,A0095,Factory,25,1453857,0.9795431706861362,0.9754176369223472,9,23,0,5,49965,non-bank,Hue,16.4637,107.5909,2.045682931386384,High,0.1061673292814856,0.05,[],1215469.1206111691,70.7,-16.4,approved,"{'min_emp_years': True, 'min_credit_hist': True, 'max_delinquencies': True, 'amount_min': True, 'amount_max': True, 'max_dti': True}",0.0411075848433535,1215469.1206111691,"Condition, comps, and features (placeholder)"
APP_0096,A0096,Apartment,4,1755395,0.9665392078152713,0.9702017195370384,14,12,0,1,196052,bank,Can Tho,10.0452,105.7469,3.346079218472886,High,0.0509073452693351,0.1116854041398089,[],1661573.9446374376,70.4,-5.34,approved,"{'min_emp_years': True, 'min_credit_hist': True, 'max_delinquencies': True, 'amount_min': True, 'amount_max': True, 'max_dti': True}",0.1179917394785456,1661573.9446374376,"Condition, comps, and features (placeholder)"
APP_0097,A0097,Apartment,30,137330,0.7923641713200315,0.9737084364741307,15,6,5,5,197724,bank,HCMC,10.7769,106.7009,20.763582867996856,Mass,0.2304355680146315,1.4397728100196607,[],94564.34251157618,67.0,-31.14,denied,"{'min_emp_years': True, 'min_credit_hist': True, 'max_delinquencies': False, 'amount_min': True, 'amount_max': True, 'max_dti': True}",2.0908938268755524,94564.34251157618,"Condition, comps, and features (placeholder)"
APP_0098,A0098,Land,17,433047,0.7313444820018755,0.9559608763098872,23,16,5,5,81657,bank,Can Tho,10.0452,105.7469,26.865551799812447,Mass,0.8103347730609639,0.1885638279447727,[],277024.5359450853,65.5,-36.03,denied,"{'min_emp_years': True, 'min_credit_hist': True, 'max_delinquencies': False, 'amount_min': True, 'amount_max': True, 'max_dti': False}",0.2947645042393895,277024.5359450853,"Condition, comps, and features (placeholder)"
APP_0099,A0099,Land,31,596991,0.8141739159320013,0.9567047304936382,20,13,4,6,162947,non-bank,Da Nang,16.0544,108.2022,18.58260840679987,High,0.5993471487442753,0.2729471633575716,[],395259.04371374025,67.1,-33.79,denied,"{'min_emp_years': True, 'min_credit_hist': True, 'max_delinquencies': False, 'amount_min': True, 'amount_max': True, 'max_dti': False}",0.4122536918295325,395259.04371374025,"Condition, comps, and features (placeholder)"
APP_0100,A0100,House,2,655131,0.9394241955094498,0.9639037772890628,25,0,0,5,146669,bank,Hanoi,21.0285,105.8542,6.057580449055022,High,0.1961662991464694,0.2238773619321937,[],604917.283505555,69.7,-7.66,denied,"{'min_emp_years': True, 'min_credit_hist': False, 'max_delinquencies': True, 'amount_min': True, 'amount_max': True, 'max_dti': True}",0.2424612488339542,604917.283505555,"Condition, comps, and features (placeholder)"
APP_0101,A0101,Factory,7,1996154,0.8610349362240408,0.9652352301880416,11,18,1,2,186941,bank,HCMC,10.7769,106.7009,13.89650637759592,High,0.806724367550076,0.0936505900847329,[],1632959.6986254945,68.2,-18.19,denied,"{'min_emp_years': True, 'min_credit_hist': True, 'max_delinquencies': True, 'amount_min': True, 'amount_max': True, 'max_dti': False}",0.1144798614181067,1632959.6986254945,"Condition, comps, and features (placeholder)"
APP_0102,A0102,House,20,1565939,0.921756731178831,0.9713951606840676,15,10,0,5,178638,bank,Hanoi,21.0285,105.8542,7.824326882116905,High,0.449462549244239,0.1140772405566244,[],1299770.955000043,69.5,-17.0,approved,"{'min_emp_years': True, 'min_credit_hist': True, 'max_delinquencies': True, 'amount_min': True, 'amount_max': True, 'max_dti': True}",0.1374380611543932,1299770.955000043,"Condition, comps, and features (placeholder)"
APP_0103,A0103,Factory,8,674813,0.813088910426296,0.9805493773518316,12,17,0,6,129460,bank,Hanoi,21.0285,105.8542,18.6911089573704,High,0.4546779931768615,0.1918457409682386,[],516490.311905882,67.5,-23.46,denied,"{'min_emp_years': True, 'min_credit_hist': True, 'max_delinquencies': True, 'amount_min': True, 'amount_max': True, 'max_dti': False}",0.2506532978755872,516490.311905882,"Condition, comps, and features (placeholder)"
APP_0104,A0104,House,13,1945061,0.8531670517070482,0.9817314558709132,27,22,1,2,84979,bank,HCMC,10.7769,106.7009,14.683294829295178,High,0.8452106522662569,0.05,[],1599414.0901497724,68.3,-17.77,denied,"{'min_emp_years': True, 'min_credit_hist': True, 'max_delinquencies': True, 'amount_min': True, 'amount_max': True, 'max_dti': False}",0.0531313313564984,1599414.0901497724,"Condition, comps, and features (placeholder)"
APP_0105,A0105,Land,26,1023648,0.7152622456729847,0.9705905448292784,9,15,3,0,129065,bank,Da Nang,16.0544,108.2022,28.47377543270153,High,0.100563688355839,0.1260833802244521,[],618260.1472770822,65.4,-39.6,denied,"{'min_emp_years': True, 'min_credit_hist': True, 'max_delinquencies': False, 'amount_min': True, 'amount_max': True, 'max_dti': True}",0.2087551665240322,618260.1472770822,"Condition, comps, and features (placeholder)"
APP_0106,A0106,Land,6,1026445,0.8939572649241163,0.9704391554714348,17,16,0,7,70635,bank,Hue,16.4637,107.5909,10.604273507588369,High,0.2329015334344107,0.0688151824988187,[],863758.8041974608,68.9,-15.85,approved,"{'min_emp_years': True, 'min_credit_hist': True, 'max_delinquencies': True, 'amount_min': True, 'amount_max': True, 'max_dti': True}",0.0817763010423131,863758.8041974608,"Condition, comps, and features (placeholder)"
APP_0107,A0107,Land,27,895712,0.6809618372502874,0.960881426334848,3,6,5,1,76137,non-bank,Hanoi,21.0285,105.8542,31.903816274971263,High,0.5479056263815141,0.0850016523168161,[],506963.9434815531,64.5,-43.4,denied,"{'min_emp_years': True, 'min_credit_hist': True, 'max_delinquencies': False, 'amount_min': True, 'amount_max': True, 'max_dti': False}",0.1501822782052949,506963.9434815531,"Condition, comps, and features (placeholder)"
APP_0108,A0108,Land,5,330600,0.8779192515273992,0.9794153124204504,25,5,2,4,125660,bank,Can Tho,10.0452,105.7469,12.208074847260075,Mass,0.2161635331447035,0.3800967937084089,[],277158.9626126476,68.7,-16.16,approved,"{'min_emp_years': True, 'min_credit_hist': True, 'max_delinquencies': True, 'amount_min': True, 'amount_max': True, 'max_dti': True}",0.4533860237297113,277158.9626126476,"Condition, comps, and features (placeholder)"
APP_0109,A0109,Car,7,1872026,0.9442876273303576,0.965852045565862,11,10,1,1,118565,non-bank,HCMC,10.7769,106.7009,5.571237266964236,High,0.6275979578276142,0.0633351246189956,[],1680560.9370448436,69.9,-10.23,denied,"{'min_emp_years': True, 'min_credit_hist': True, 'max_delinquencies': True, 'amount_min': True, 'amount_max': True, 'max_dti': False}",0.0705508484616385,1680560.9370448436,"Condition, comps, and features (placeholder)"
APP_0110,A0110,Land,23,77175,0.6528411349206176,0.9518029917138682,10,21,3,1,120387,bank,Hanoi,21.0285,105.8542,34.715886507938244,Mass,0.2319784459362121,1.5,[],42439.91305411105,63.8,-45.01,denied,"{'min_emp_years': True, 'min_credit_hist': True, 'max_delinquencies': False, 'amount_min': True, 'amount_max': True, 'max_dti': True}",2.8366457736731485,42439.91305411105,"Condition, comps, and features (placeholder)"
APP_0111,A0111,Apartment,31,389843,0.8457518962167679,0.970920002207843,17,13,4,6,83088,bank,Hue,16.4637,107.5909,15.424810378323206,Mass,0.1342834250089922,0.2131319531195891,[],280267.22872769675,68.0,-28.11,denied,"{'min_emp_years': True, 'min_credit_hist': True, 'max_delinquencies': False, 'amount_min': True, 'amount_max': True, 'max_dti': True}",0.2964599192605818,280267.22872769675,"Condition, comps, and features (placeholder)"
APP_0112,A0112,Land,7,497829,0.6380382992919739,0.9737066337545084,14,8,1,1,87736,bank,Hue,16.4637,107.5909,36.196170070802616,Mass,0.2259373856947137,0.1762372220180021,[],298457.42165435414,63.9,-40.05,approved,"{'min_emp_years': True, 'min_credit_hist': True, 'max_delinquencies': True, 'amount_min': True, 'amount_max': True, 'max_dti': True}",0.2939648795251194,298457.42165435414,"Condition, comps, and features (placeholder)"
APP_0113,A0113,Car,12,594630,0.8902862513085708,0.9612796434102104,25,19,0,5,11936,bank,Hue,16.4637,107.5909,10.971374869142924,High,0.4093239291312529,0.05,[],478359.1461451229,68.7,-19.55,approved,"{'min_emp_years': True, 'min_credit_hist': True, 'max_delinquencies': True, 'amount_min': True, 'amount_max': True, 'max_dti': True}",0.0249519635951078,478359.1461451229,"Condition, comps, and features (placeholder)"
APP_0114,A0114,Car,37,307053,0.6337972875294081,0.9786228966561058,15,21,0,5,124337,non-bank,Hanoi,21.0285,105.8542,36.62027124705919,Mass,0.1997175542971179,0.4049366070352675,[],161881.79803500575,63.9,-47.28,approved,"{'min_emp_years': True, 'min_credit_hist': True, 'max_delinquencies': True, 'amount_min': True, 'amount_max': True, 'max_dti': True}",0.7680727636414876,161881.79803500575,"Condition, comps, and features (placeholder)"
APP_0115,A0115,Car,39,85024,0.9743759290802504,0.978288595021596,15,22,5,0,119399,bank,Hanoi,21.0285,105.8542,2.562407091974961,Mass,0.1644882211848452,1.4042976100865638,[],68889.65274534802,70.7,-18.98,denied,"{'min_emp_years': True, 'min_credit_hist': True, 'max_delinquencies': False, 'amount_min': True, 'amount_max': True, 'max_dti': True}",1.733192072274784,68889.65274534802,"Condition, comps, and features (placeholder)"
APP_0116,A0116,Car,23,1371434,0.6549631720151209,0.9851001090555186,3,7,0,1,187722,bank,HCMC,10.7769,106.7009,34.50368279848791,High,0.7812396032860998,0.136880083183004,[],798758.7016954914,64.4,-41.76,denied,"{'min_emp_years': True, 'min_credit_hist': True, 'max_delinquencies': True, 'amount_min': True, 'amount_max': True, 'max_dti': False}",0.2350171579996943,798758.7016954914,"Condition, comps, and features (placeholder)"
APP_0117,A0117,House,18,1940154,0.983552098363632,0.9823974241100604,0,17,3,6,105813,bank,Da Nang,16.0544,108.2022,1.644790163636789,High,0.3223376230577116,0.0545384541639478,[],1757111.83863897,70.9,-9.43,denied,"{'min_emp_years': False, 'min_credit_hist': True, 'max_delinquencies': False, 'amount_min': True, 'amount_max': True, 'max_dti': True}",0.0602198435370858,1757111.83863897,"Condition, comps, and features (placeholder)"
APP_0118,A0118,House,14,287573,0.9203536704340388,0.9826216528260516,11,14,2,4,98851,non-bank,Can Tho,10.0452,105.7469,7.964632956596129,Mass,0.3566448835405155,0.3437422845677445,[],249120.43862886808,69.6,-13.37,approved,"{'min_emp_years': True, 'min_credit_hist': True, 'max_delinquencies': True, 'amount_min': True, 'amount_max': True, 'max_dti': True}",0.3968000399488103,249120.43862886808,"Condition, comps, and features (placeholder)"
APP_0119,A0119,Apartment,24,628243,0.8374728017865416,0.965810707591202,29,11,4,0,22859,bank,HCMC,10.7769,106.7009,16.252719821345842,High,0.0969798480760434,0.05,[],469528.9306253007,67.7,-25.26,denied,"{'min_emp_years': True, 'min_credit_hist': True, 'max_delinquencies': False, 'amount_min': True, 'amount_max': True, 'max_dti': True}",0.0486849659499304,469528.9306253007,"Condition, comps, and features (placeholder)"
APP_0120,A0120,House,24,1037343,0.9130496418518188,0.9893716110992976,27,9,0,7,47381,bank,Hanoi,21.0285,105.8542,8.69503581481812,High,0.353764179976746,0.05,[],849368.4257805428,69.6,-18.12,approved,"{'min_emp_years': True, 'min_credit_hist': True, 'max_delinquencies': True, 'amount_min': True, 'amount_max': True, 'max_dti': True}",0.0557838018954593,849368.4257805428,"Condition, comps, and features (placeholder)"
APP_0121,A0121,Car,12,1858629,0.9180459355932344,0.977457219179984,18,2,5,2,74227,non-bank,Can Tho,10.0452,105.7469,8.195406440676567,High,0.2750861007233427,0.05,[],1567771.385096725,69.5,-15.65,denied,"{'min_emp_years': True, 'min_credit_hist': False, 'max_delinquencies': False, 'amount_min': True, 'amount_max': True, 'max_dti': True}",0.0473455509557093,1567771.385096725,"Condition, comps, and features (placeholder)"
APP_0122,A0122,Land,1,1403811,0.978410825126932,0.9715709097589944,18,6,4,0,81669,non-bank,Hanoi,21.0285,105.8542,2.1589174873067885,High,0.5689123072405203,0.0581766348888846,[],1327784.1310489972,70.6,-5.42,denied,"{'min_emp_years': True, 'min_credit_hist': True, 'max_delinquencies': False, 'amount_min': True, 'amount_max': True, 'max_dti': False}",0.0615077391650091,1327784.1310489972,"Condition, comps, and features (placeholder)"
APP_0123,A0123,Land,6,1544066,0.7013533415356749,0.9813006240470528,11,13,2,7,78910,non-bank,Hanoi,21.0285,105.8542,29.86466584643252,High,0.2245817530215457,0.0511053283991746,[],1030805.0553622198,65.2,-33.24,approved,"{'min_emp_years': True, 'min_credit_hist': True, 'max_delinquencies': True, 'amount_min': True, 'amount_max': True, 'max_dti': True}",0.0765518170380639,1030805.0553622198,"Condition, comps, and features (placeholder)"
APP_0124,A0124,Car,38,1183177,0.8360303581433237,0.9680328667225128,5,22,1,0,84880,bank,Da Nang,16.0544,108.2022,16.396964185667628,High,0.8051106351034145,0.0717390551033361,[],813918.2661740046,67.7,-31.21,denied,"{'min_emp_years': True, 'min_credit_hist': True, 'max_delinquencies': True, 'amount_min': True, 'amount_max': True, 'max_dti': False}",0.1042856556088812,813918.2661740046,"Condition, comps, and features (placeholder)"
APP_0125,A0125,Factory,17,863219,0.6380196790257605,0.975636962230338,0,21,5,4,156094,bank,Da Nang,16.0544,108.2022,36.19803209742395,High,0.8402166277816219,0.1808278084703881,[],491659.4653133843,63.9,-43.04,denied,"{'min_emp_years': False, 'min_credit_hist': True, 'max_delinquencies': False, 'amount_min': True, 'amount_max': True, 'max_dti': False}",0.3174839721645662,491659.4653133843,"Condition, comps, and features (placeholder)"
APP_0126,A0126,Car,19,439562,0.8464662800096485,0.9868352844241112,10,4,1,7,34910,bank,Hue,16.4637,107.5909,15.353371999035147,Mass,0.1348563986002716,0.0794199680591133,[],332294.4222479609,68.2,-24.4,approved,"{'min_emp_years': True, 'min_credit_hist': True, 'max_delinquencies': True, 'amount_min': True, 'amount_max': True, 'max_dti': True}",0.1050574360045979,332294.4222479609,"Condition, comps, and features (placeholder)"
APP_0127,A0127,House,19,1735413,0.6685165216371155,0.9943201443361854,9,16,2,4,73129,non-bank,Can Tho,10.0452,105.7469,33.14834783628845,High,0.1412925128452906,0.05,[],1075293.5313626442,64.8,-38.04,approved,"{'min_emp_years': True, 'min_credit_hist': True, 'max_delinquencies': True, 'amount_min': True, 'amount_max': True, 'max_dti': True}",0.0680084068834011,1075293.5313626442,"Condition, comps, and features (placeholder)"
APP_0128,A0128,Land,31,1618042,0.8259802445889768,0.9960528598647596,5,2,2,4,40945,bank,Can Tho,10.0452,105.7469,17.40197554110232,High,0.1480274723943397,0.05,[],1131516.1662190375,68.0,-30.07,denied,"{'min_emp_years': True, 'min_credit_hist': False, 'max_delinquencies': True, 'amount_min': True, 'amount_max': True, 'max_dti': True}",0.0361859611222504,1131516.1662190375,"Condition, comps, and features (placeholder)"
APP_0129,A0129,Car,3,98947,0.8289722056135399,0.9751816462591548,7,16,1,3,68481,non-bank,HCMC,10.7769,106.7009,17.10277943864601,Mass,0.5766338678637652,0.6920977897258128,[],80364.55085847017,67.7,-18.78,denied,"{'min_emp_years': True, 'min_credit_hist': True, 'max_delinquencies': True, 'amount_min': True, 'amount_max': True, 'max_dti': False}",0.8521294434980634,80364.55085847017,"Condition, comps, and features (placeholder)"
APP_0130,A0130,Land,4,1445043,0.7863940611924909,0.9760137557370284,0,8,2,1,140066,bank,Can Tho,10.0452,105.7469,21.360593880750912,High,0.1536736195781794,0.0969286035086845,[],1086933.589269952,66.9,-24.78,denied,"{'min_emp_years': False, 'min_credit_hist': True, 'max_delinquencies': True, 'amount_min': True, 'amount_max': True, 'max_dti': True}",0.1288634387442902,1086933.589269952,"Condition, comps, and features (placeholder)"
APP_0131,A0131,Car,11,214556,0.8090527102052492,0.9899935205381918,18,11,0,4,18885,bank,Hue,16.4637,107.5909,19.09472897947509,Mass,0.7745249702407264,0.0880189787281642,[],162398.36094944348,67.5,-24.31,denied,"{'min_emp_years': True, 'min_credit_hist': True, 'max_delinquencies': True, 'amount_min': True, 'amount_max': True, 'max_dti': False}",0.1162881194711018,162398.36094944348,"Condition, comps, and features (placeholder)"
APP_0132,A0132,Car,19,1491018,0.9055693560026352,0.96572253458721,27,17,0,7,74500,non-bank,Hanoi,21.0285,105.8542,9.443064399736478,High,0.6911307876972086,0.05,[],1180063.9655663734,69.1,-20.86,denied,"{'min_emp_years': True, 'min_credit_hist': True, 'max_delinquencies': True, 'amount_min': True, 'amount_max': True, 'max_dti': False}",0.0631321709448552,1180063.9655663734,"Condition, comps, and features (placeholder)"
APP_0133,A0133,House,27,1660609,0.9196978866048268,0.9918691181172534,20,10,1,0,14500,bank,Can Tho,10.0452,105.7469,8.030211339517335,High,0.7468375295023205,0.05,[],1349647.2580470094,69.8,-18.73,denied,"{'min_emp_years': True, 'min_credit_hist': True, 'max_delinquencies': True, 'amount_min': True, 'amount_max': True, 'max_dti': False}",0.0107435479259833,1349647.2580470094,"Condition, comps, and features (placeholder)"
APP_0134,A0134,Car,20,305562,0.7968612862301716,0.9747070823258712,13,20,0,7,191430,non-bank,Hanoi,21.0285,105.8542,20.31387137698284,Mass,0.4971514478531177,0.6264849686806605,[],213598.74820972723,67.1,-30.1,denied,"{'min_emp_years': True, 'min_credit_hist': True, 'max_delinquencies': True, 'amount_min': True, 'amount_max': True, 'max_dti': False}",0.8962131173729525,213598.74820972723,"Condition, comps, and features (placeholder)"
APP_0135,A0135,Land,18,895979,0.8398373766090449,0.9557928362167634,12,13,2,3,148179,bank,Da Nang,16.0544,108.2022,16.016262339095512,High,0.8971756297912804,0.1653822243601691,[],654482.732741013,67.6,-26.95,denied,"{'min_emp_years': True, 'min_credit_hist': True, 'max_delinquencies': True, 'amount_min': True, 'amount_max': True, 'max_dti': False}",0.226406278710238,654482.732741013,"Condition, comps, and features (placeholder)"
APP_0136,A0136,Apartment,37,291319,0.9724944942760408,0.9536029573536472,9,24,5,4,56283,bank,Hue,16.4637,107.5909,2.7505505723959267,Mass,0.087548837502537,0.1932005808066071,[],236526.4433989731,70.3,-18.81,denied,"{'min_emp_years': True, 'min_credit_hist': True, 'max_delinquencies': False, 'amount_min': True, 'amount_max': True, 'max_dti': True}",0.2379564804306543,236526.4433989731,"Condition, comps, and features (placeholder)"
APP_0137,A0137,Land,7,1156200,0.6478934354004491,0.9920996605519732,4,15,0,1,47657,bank,HCMC,10.7769,106.7009,35.21065645995509,High,0.3910752195581963,0.05,[],731508.4222965178,64.3,-36.73,approved,"{'min_emp_years': True, 'min_credit_hist': True, 'max_delinquencies': True, 'amount_min': True, 'amount_max': True, 'max_dti': True}",0.0651489423052496,731508.4222965178,"Condition, comps, and features (placeholder)"
APP_0138,A0138,House,23,1858746,0.6468414263600442,0.952778395845344,17,7,0,4,28795,bank,HCMC,10.7769,106.7009,35.31585736399558,High,0.3253461685969907,0.05,[],1064491.857576567,63.7,-42.73,approved,"{'min_emp_years': True, 'min_credit_hist': True, 'max_delinquencies': True, 'amount_min': True, 'amount_max': True, 'max_dti': True}",0.0270504652478554,1064491.857576567,"Condition, comps, and features (placeholder)"
APP_0139,A0139,Apartment,22,207695,0.6350836047643074,0.9640305718066828,16,19,0,1,99847,bank,Da Nang,16.0544,108.2022,36.49163952356926,Mass,0.8563486739057449,0.4807385830183683,[],116566.82856649163,63.7,-43.88,denied,"{'min_emp_years': True, 'min_credit_hist': True, 'max_delinquencies': True, 'amount_min': True, 'amount_max': True, 'max_dti': False}",0.8565644379957169,116566.82856649163,"Condition, comps, and features (placeholder)"
APP_0140,A0140,Car,19,825277,0.8631453140162111,0.9667065020250772,0,10,3,2,153165,bank,Can Tho,10.0452,105.7469,13.685468598378892,High,0.540331814722954,0.185592231456832,[],623199.1864234072,68.3,-24.49,denied,"{'min_emp_years': False, 'min_credit_hist': True, 'max_delinquencies': False, 'amount_min': True, 'amount_max': True, 'max_dti': False}",0.2457721437010001,623199.1864234072,"Condition, comps, and features (placeholder)"
APP_0141,A0141,Factory,32,1947585,0.7674433203161518,0.9586497222595796,12,13,1,5,120999,bank,HCMC,10.7769,106.7009,23.25566796838482,High,0.7352623206280164,0.0621277120125694,[],1242286.5399188327,66.2,-36.21,denied,"{'min_emp_years': True, 'min_credit_hist': True, 'max_delinquencies': True, 'amount_min': True, 'amount_max': True, 'max_dti': False}",0.0974002342550581,1242286.5399188327,"Condition, comps, and features (placeholder)"
APP_0142,A0142,Apartment,11,636849,0.9097285664567372,0.9656946684900994,8,3,2,0,177396,bank,Hue,16.4637,107.5909,9.027143354326272,High,0.194790014609741,0.2785526867436393,[],544574.3356952656,69.2,-14.49,approved,"{'min_emp_years': True, 'min_credit_hist': True, 'max_delinquencies': True, 'amount_min': True, 'amount_max': True, 'max_dti': True}",0.3257516713003305,544574.3356952656,"Condition, comps, and features (placeholder)"
APP_0143,A0143,Apartment,38,307822,0.868492565323437,0.9871346283362544,5,2,0,3,75325,bank,Da Nang,16.0544,108.2022,13.150743467656302,Mass,0.8818390223153731,0.2447031076401296,[],231045.9169818646,68.7,-24.94,denied,"{'min_emp_years': True, 'min_credit_hist': False, 'max_delinquencies': True, 'amount_min': True, 'amount_max': True, 'max_dti': False}",0.326017447025097,231045.9169818646,"Condition, comps, and features (placeholder)"
APP_0144,A0144,Car,13,1002738,0.7334551033312953,0.9507341421780034,21,14,1,4,62841,bank,Hanoi,21.0285,105.8542,26.654489666870475,High,0.4738436148448678,0.0626694111522651,[],653780.1181291568,65.4,-34.8,denied,"{'min_emp_years': True, 'min_credit_hist': True, 'max_delinquencies': True, 'amount_min': True, 'amount_max': True, 'max_dti': False}",0.0961194723691269,653780.1181291568,"Condition, comps, and features (placeholder)"
APP_0145,A0145,Factory,22,1041326,0.9593466189446144,0.9913586712260344,15,4,2,1,100829,bank,Hue,16.4637,107.5909,4.065338105538574,High,0.4696212648300489,0.0968275064677152,[],881420.3590740208,70.6,-15.36,denied,"{'min_emp_years': True, 'min_credit_hist': True, 'max_delinquencies': True, 'amount_min': True, 'amount_max': True, 'max_dti': False}",0.1143937724628079,881420.3590740208,"Condition, comps, and features (placeholder)"
APP_0146,A0146,Factory,21,1342585,0.9050128588282608,0.992827401178728,19,24,2,2,48396,bank,Can Tho,10.0452,105.7469,9.498714117173911,High,0.8752520192638772,0.05,[],1079675.7095302544,69.5,-19.58,denied,"{'min_emp_years': True, 'min_credit_hist': True, 'max_delinquencies': True, 'amount_min': True, 'amount_max': True, 'max_dti': False}",0.0448245705379962,1079675.7095302544,"Condition, comps, and features (placeholder)"
APP_0147,A0147,House,34,661788,0.7082139763640702,0.9686130786595774,21,21,3,2,195372,bank,Da Nang,16.0544,108.2022,29.178602363592976,High,0.3736225070345733,0.2952184083120274,[],397456.7347571497,65.2,-39.94,denied,"{'min_emp_years': True, 'min_credit_hist': True, 'max_delinquencies': False, 'amount_min': True, 'amount_max': True, 'max_dti': True}",0.4915553893416207,397456.7347571497,"Condition, comps, and features (placeholder)"
APP_0148,A0148,Apartment,18,1913465,0.7456768071088216,0.9576806449530316,29,17,4,5,45295,non-bank,Hanoi,21.0285,105.8542,25.43231928911784,High,0.387896270871744,0.05,[],1280768.0508692255,65.8,-33.07,denied,"{'min_emp_years': True, 'min_credit_hist': True, 'max_delinquencies': False, 'amount_min': True, 'amount_max': True, 'max_dti': True}",0.0353654980456917,1280768.0508692255,"Condition, comps, and features (placeholder)"
APP_0149,A0149,Factory,12,1065994,0.7257759920817052,0.980042020397254,24,18,2,7,100984,non-bank,Hanoi,21.0285,105.8542,27.42240079182948,High,0.5470397973841962,0.0947322405191774,[],712737.9915325636,65.7,-33.14,denied,"{'min_emp_years': True, 'min_credit_hist': True, 'max_delinquencies': True, 'amount_min': True, 'amount_max': True, 'max_dti': False}",0.1416846038792731,712737.9915325636,"Condition, comps, and features (placeholder)"
APP_0150,A0150,House,1,608570,0.6630446594499998,0.9559836277932446,18,14,5,6,109182,bank,Da Nang,16.0544,108.2022,33.69553405500002,High,0.1588447189656189,0.1794074633978014,[],395333.92201971135,64.1,-35.04,denied,"{'min_emp_years': True, 'min_credit_hist': True, 'max_delinquencies': False, 'amount_min': True, 'amount_max': True, 'max_dti': True}",0.2761766545157645,395333.92201971135,"Condition, comps, and features (placeholder)"
