asset_id,asset_type,country,city,geo_lat,geo_lon,location_quality,currency_code,valuation_date,age_years,base_value_hint,year_built,floor,floors_total,bedrooms,bathrooms,parking_slots,area_m2,land_area_m2,frontage_m,road_width_m,zoning,condition_grade,occupancy,monthly_rent,flood_risk_zone,school_dist_km,metro_dist_km,shape_quality,road_access,year_make_model,vehicle_year,odometer_km,engine_cc,accident_history,service_records_count,ownership_count,deposit_amount,interest_rate_apy,maturity_months,inspection_needed,legal_status,ownership_verified,lien_count,registry_id,requested_amount,market_value,estimated_value,LTV,CCR,quality_score
A-000001,Apartment,US,San Jose,37.3192,-121.87499,C,USD,2025-10-30,45,201971.0,1980.0,19.0,21.0,0.0,3.0,1.0,212.0,370.0,28.1,20.38,Commercial,B,owner,4936.0,0.0,1.04,1.9,,,,,,,,,,,,,True,Clean,True,2,REG-762177132,36239.0,75931.66,80573.14,0.4498,2.2234,0.762
A-000002,Land Plot,UK,London,51.49143,-0.12704,B,USD,2025-10-30,44,165657.0,,,,,,,,7742.0,22.92,,Agricultural,,,,,,,B,False,,,,,,,,,,,False,Clean,False,1,REG-930275054,973580.0,2667631.47,2555570.08,0.381,2.6249,0.782
A-000003,Land Plot,FR,Paris,48.87487,2.36086,C,USD,2025-10-30,17,118636.0,,,,,,,,5479.0,12.69,,Agricultural,,,,,,,A,False,,,,,,,,,,,True,Clean,True,0,REG-908278862,840143.0,1328447.53,1231659.78,0.6821,1.466,0.749
A-000004,Land Plot,DE,Berlin,52.50722,13.4045,A,USD,2025-10-30,33,59303.0,,,,,,,,6134.0,39.91,,Industrial,,,,,,,B,True,,,,,,,,,,,False,Clean,True,0,REG-869572005,301350.0,955428.86,933341.65,0.3229,3.0972,0.856
A-000005,Condo,VN,Ho Chi Minh,10.75449,106.67733,A,USD,2025-10-30,39,116518.0,1986.0,14.0,20.0,4.0,3.0,1.0,178.0,406.0,25.16,7.51,Commercial,A,tenant,136.0,0.0,1.53,1.21,,,,,,,,,,,,,False,Clean,True,0,REG-490885124,37054.0,70839.39,70490.56,0.5257,1.9024,0.866
A-000006,Land Plot,VN,Hanoi,21.01841,105.80625,A,USD,2025-10-30,29,288891.0,,,,,,,,3691.0,58.3,,Commercial,,,,,,,C,False,,,,,,,,,,,False,Pending Verification,False,0,REG-917722620,1230159.0,2820685.72,2686700.04,0.4579,2.184,0.938
A-000007,Deposit,JP,Tokyo,35.69681,139.65545,B,USD,2025-10-30,1,229970.0,,,,,,,,,,,,,,,,,,,,,,,,,,,251453.0,2.88,26.0,True,Clean,True,0,REG-870952854,154305.0,251453.0,271591.61,0.5682,1.7601,0.833
A-000008,Car,US,New York,40.71359,-74.0056,B,USD,2025-10-30,6,16387.0,,,,,,,,,,,,,,,,,,,,2019 Kia Corolla,2019.0,78498.0,4236.0,0.0,6.0,2.0,,,,False,Clean,True,0,REG-709932646,7314.0,9385.64,8909.05,0.821,1.2181,0.849
A-000009,Apartment,US,San Jose,37.37993,-121.83172,D,USD,2025-10-30,57,136366.0,1968.0,14.0,21.0,5.0,2.0,0.0,33.0,363.0,27.3,6.79,Mixed,C,owner,3995.0,0.0,1.95,2.61,,,,,,,,,,,,,False,Clean,True,0,REG-340278096,24766.0,32673.64,30737.82,0.8057,1.2411,0.584
A-000010,Apartment,UK,London,51.54257,-0.13643,C,USD,2025-10-30,17,185716.0,2008.0,13.0,36.0,1.0,3.0,2.0,92.0,164.0,5.17,14.75,Mixed,D,tenant,5954.0,1.0,1.88,1.43,,,,,,,,,,,,,True,Clean,False,2,REG-671347978,55855.0,88542.88,93440.58,0.5978,1.6729,0.566
A-000011,Shop,FR,Paris,48.89072,2.35366,D,USD,2025-10-30,9,635380.0,2016.0,0.0,1.0,0.0,1.0,1.0,2176.0,4382.0,9.11,11.38,Mixed,E,tenant,4664.0,0.0,2.34,2.33,,,,,,,,,,,,,True,Clean,False,0,REG-902720307,84900.0,235235.56,234662.55,0.3618,2.764,0.663
A-000012,Condo,DE,Berlin,52.49562,13.39244,C,USD,2025-10-30,7,209129.0,2018.0,23.0,4.0,2.0,3.0,0.0,74.0,488.0,21.23,28.8,Industrial,D,owner,1718.0,0.0,2.18,0.33,,,,,,,,,,,,,False,Clean,True,1,REG-490452277,81334.0,103859.58,113605.99,0.7159,1.3968,0.767
A-000013,Land Plot,VN,Ho Chi Minh,10.77425,106.67073,C,USD,2025-10-30,15,324822.0,,,,,,,,3736.0,34.19,,Residential,,,,,,,B,True,,,,,,,,,,,True,Clean,False,0,REG-846485752,1114205.0,2200743.26,2104255.99,0.5295,1.8886,0.733
A-000014,Shop,VN,Hanoi,20.98485,105.81066,B,USD,2025-10-30,6,723061.0,2019.0,0.0,1.0,0.0,1.0,1.0,1112.0,799.0,25.44,11.38,Mixed,D,owner,863.0,0.0,1.87,0.1,,,,,,,,,,,,,False,Clean,False,2,REG-963229112,176675.0,456147.45,443481.9,0.3984,2.5102,0.826
A-000015,Condo,JP,Tokyo,35.70025,139.69311,B,USD,2025-10-30,2,193547.0,2023.0,5.0,35.0,1.0,1.0,0.0,265.0,571.0,14.82,4.33,Residential,C,owner,2241.0,0.0,2.26,1.58,,,,,,,,,,,,,True,Disputed,True,1,REG-582862218,109692.0,145998.77,137892.7,0.7955,1.2571,0.851
A-000016,Deposit,US,New York,40.71527,-74.00895,C,USD,2025-10-30,58,258695.0,,,,,,,,,,,,,,,,,,,,,,,,,,,418512.0,2.62,18.0,True,Clean,False,0,REG-562800582,259386.0,418512.0,424705.85,0.6107,1.6374,0.672
A-000017,Land Plot,US,San Jose,37.34656,-121.85545,B,USD,2025-10-30,22,97678.0,,,,,,,,5504.0,21.33,,Agricultural,,,,,,,D,True,,,,,,,,,,,False,Clean,True,0,REG-490507080,526250.0,1133718.4,1158608.43,0.4542,2.2016,0.857
A-000018,Land Plot,UK,London,51.51656,-0.12593,C,USD,2025-10-30,12,251054.0,,,,,,,,5576.0,52.34,,Agricultural,,,,,,,B,False,,,,,,,,,,,True,Clean,False,1,REG-131632454,1354375.0,2043237.34,2117894.65,0.6395,1.5637,0.767
A-000019,Deposit,FR,Paris,48.83656,2.33963,C,USD,2025-10-30,56,36130.0,,,,,,,,,,,,,,,,,,,,,,,,,,,134157.0,3.75,4.0,False,Clean,True,1,REG-938234284,81578.0,134157.0,129781.38,0.6286,1.5909,0.723
A-000020,Apartment,DE,Berlin,52.53218,13.36417,B,USD,2025-10-30,14,181930.0,2011.0,4.0,37.0,5.0,1.0,2.0,68.0,721.0,21.1,14.3,Residential,C,tenant,4383.0,0.0,2.23,1.39,,,,,,,,,,,,,True,Clean,True,1,REG-542937893,50823.0,111158.53,110310.82,0.4607,2.1705,0.773
A-000021,Apartment,VN,Ho Chi Minh,10.75883,106.6975,C,USD,2025-10-30,46,184154.0,1979.0,12.0,6.0,2.0,2.0,2.0,26.0,717.0,28.73,6.2,Commercial,C,owner,5103.0,0.0,1.54,1.29,,,,,,,,,,,,,True,Clean,True,2,REG-424704689,31391.0,70119.59,64505.55,0.4866,2.0549,0.708
A-000022,Car,VN,Hanoi,21.02879,105.85048,C,USD,2025-10-30,41,23454.0,,,,,,,,,,,,,,,,,,,,2022 Kia Civic,2022.0,31072.0,3323.0,0.0,14.0,1.0,,,,True,Pending Verification,False,0,REG-891280020,6421.0,20416.8,19697.44,0.326,3.0677,0.672
A-000023,Car,JP,Tokyo,35.68394,139.70641,D,USD,2025-10-30,9,8357.0,,,,,,,,,,,,,,,,,,,,2023 Ford Sportage,2023.0,201363.0,4370.0,0.0,3.0,1.0,,,,False,Clean,True,0,REG-104886850,5430.0,7915.18,8346.25,0.6506,1.5371,0.681
A-000024,Apartment,US,New York,40.70862,-73.98293,C,USD,2025-10-30,3,112817.0,2022.0,1.0,11.0,0.0,3.0,1.0,392.0,749.0,5.42,19.64,Industrial,A,vacant,2753.0,0.0,2.93,0.72,,,,,,,,,,,,,False,Clean,True,1,REG-761158981,34314.0,64832.02,66219.07,0.5182,1.9298,0.731
A-000025,Shop,US,San Jose,37.34724,-121.86359,B,USD,2025-10-30,38,437740.0,1987.0,0.0,5.0,0.0,1.0,0.0,1417.0,2581.0,14.5,15.8,Residential,B,owner,715.0,0.0,1.15,1.47,,,,,,,,,,,,,True,Clean,True,1,REG-331743373,105737.0,209634.37,192972.97,0.5479,1.825,0.826
A-000026,House,UK,London,51.47765,-0.12917,B,USD,2025-10-30,21,334993.0,2004.0,0.0,3.0,4.0,2.0,1.0,1786.0,3289.0,12.22,24.26,Commercial,B,tenant,3294.0,0.0,2.22,2.35,,,,,,,,,,,,,False,Clean,False,0,REG-615212139,112711.0,204255.63,202515.29,0.5566,1.7968,0.851
A-000027,House,FR,Paris,48.86861,2.33297,B,USD,2025-10-30,49,141115.0,1976.0,0.0,1.0,1.0,2.0,1.0,1493.0,931.0,12.16,23.05,Mixed,D,vacant,88.0,0.0,2.9,0.62,,,,,,,,,,,,,False,Clean,False,2,REG-857793888,52156.0,66935.03,75035.55,0.6951,1.4387,0.848
A-000028,House,DE,Berlin,52.50881,13.4193,C,USD,2025-10-30,40,199441.0,1985.0,0.0,4.0,3.0,2.0,0.0,2151.0,896.0,25.74,29.71,Mixed,D,vacant,3335.0,0.0,3.4,0.85,,,,,,,,,,,,,True,Clean,False,0,REG-109654880,38736.0,74941.17,80804.26,0.4794,2.086,0.673
A-000029,Apartment,VN,Ho Chi Minh,10.76118,106.69103,A,USD,2025-10-30,59,179695.0,1966.0,18.0,20.0,0.0,1.0,0.0,116.0,840.0,20.58,20.53,Mixed,C,tenant,3682.0,0.0,0.99,1.77,,,,,,,,,,,,,True,Clean,False,0,REG-541177787,60821.0,112364.01,114029.34,0.5334,1.8748,0.932
A-000030,House,VN,Hanoi,21.01386,105.82493,D,USD,2025-10-30,31,316457.0,1994.0,0.0,1.0,0.0,2.0,2.0,2756.0,3174.0,8.62,12.15,Industrial,B,owner,3647.0,1.0,2.55,1.35,,,,,,,,,,,,,True,Clean,True,0,REG-863178680,32562.0,74171.3,70834.73,0.4597,2.1754,0.556
A-000031,Car,JP,Tokyo,35.70672,139.71496,C,USD,2025-10-30,57,45518.0,,,,,,,,,,,,,,,,,,,,2022 Mercedes Elantra,2022.0,23173.0,1381.0,0.0,12.0,2.0,,,,True,Disputed,True,1,REG-356257796,27935.0,35591.25,33415.96,0.836,1.1962,0.69
A-000032,Deposit,US,New York,40.67696,-74.03562,C,USD,2025-10-30,27,104325.0,,,,,,,,,,,,,,,,,,,,,,,,,,,489179.0,2.76,5.0,True,Clean,True,2,REG-873845624,167499.0,489179.0,473828.87,0.3535,2.8288,0.751
A-000033,Deposit,US,San Jose,37.35082,-121.87474,A,USD,2025-10-30,55,205838.0,,,,,,,,,,,,,,,,,,,,,,,,,,,383718.0,4.76,26.0,False,Clean,False,0,REG-198354061,281161.0,383718.0,359109.5,0.7829,1.2772,0.926
A-000034,House,UK,London,51.48772,-0.09098,D,USD,2025-10-30,40,321631.0,1985.0,0.0,1.0,4.0,2.0,2.0,2693.0,3084.0,10.18,26.03,Industrial,B,vacant,5415.0,0.0,0.06,0.95,,,,,,,,,,,,,False,Clean,True,1,REG-336679596,35476.0,90089.16,92699.77,0.3827,2.613,0.621
A-000035,Land Plot,FR,Paris,48.87398,2.39105,B,USD,2025-10-30,34,99075.0,,,,,,,,7980.0,43.55,,Industrial,,,,,,,B,True,,,,,,,,,,,True,Clean,True,0,REG-207408856,1200928.0,2189644.68,2170575.86,0.5533,1.8074,0.799
A-000036,Apartment,DE,Berlin,52.53175,13.41639,B,USD,2025-10-30,25,230857.0,2000.0,24.0,38.0,4.0,2.0,1.0,392.0,284.0,27.32,9.35,Industrial,D,tenant,1952.0,1.0,2.78,1.42,,,,,,,,,,,,,False,Clean,True,0,REG-504738964,51930.0,112586.61,114553.22,0.4533,2.2059,0.76
A-000037,Deposit,VN,Ho Chi Minh,10.7877,106.7084,C,USD,2025-10-30,35,205633.0,,,,,,,,,,,,,,,,,,,,,,,,,,,135274.0,5.46,29.0,True,Clean,True,2,REG-995231572,93852.0,135274.0,132033.49,0.7108,1.4068,0.722
A-000038,House,VN,Hanoi,21.01082,105.8315,B,USD,2025-10-30,57,400915.0,1968.0,0.0,1.0,1.0,1.0,0.0,783.0,2894.0,15.83,16.93,Residential,B,owner,5111.0,0.0,1.94,2.04,,,,,,,,,,,,,False,Clean,False,0,REG-944221208,82987.0,183993.73,181955.66,0.4561,2.1926,0.805
A-000039,Condo,JP,Tokyo,35.69403,139.6693,A,USD,2025-10-30,19,176128.0,2006.0,11.0,22.0,4.0,2.0,2.0,223.0,260.0,12.38,9.55,Mixed,C,owner,2879.0,0.0,2.77,0.29,,,,,,,,,,,,,False,Clean,False,0,REG-126323084,46472.0,123852.12,127250.24,0.3652,2.7382,0.847
A-000040,House,US,New York,40.71556,-74.00684,A,USD,2025-10-30,28,211822.0,1997.0,0.0,1.0,3.0,1.0,1.0,2081.0,4259.0,4.12,26.04,Industrial,B,tenant,3714.0,1.0,2.01,0.96,,,,,,,,,,,,,True,Clean,False,1,REG-658134357,100212.0,126479.06,133663.37,0.7497,1.3338,0.828
A-000041,Deposit,US,San Jose,37.3571,-121.87721,C,USD,2025-10-30,49,32651.0,,,,,,,,,,,,,,,,,,,,,,,,,,,432320.0,2.41,3.0,False,Clean,False,1,REG-385872070,133810.0,432320.0,420297.35,0.3184,3.141,0.742
A-000042,Deposit,UK,London,51.53458,-0.09282,D,USD,2025-10-30,41,27466.0,,,,,,,,,,,,,,,,,,,,,,,,,,,94742.0,3.29,7.0,True,Clean,False,0,REG-703203258,28612.0,94742.0,94364.31,0.3032,3.2981,0.699
A-000043,Shop,FR,Paris,48.87788,2.35023,D,USD,2025-10-30,10,327571.0,2015.0,0.0,4.0,0.0,1.0,1.0,1808.0,729.0,21.25,25.58,Commercial,A,tenant,937.0,0.0,3.03,1.23,,,,,,,,,,,,,False,Clean,True,0,REG-659612826,56931.0,114301.49,116469.1,0.4888,2.0458,0.667
A-000044,Deposit,DE,Berlin,52.51736,13.38512,B,USD,2025-10-30,21,160866.0,,,,,,,,,,,,,,,,,,,,,,,,,,,219724.0,1.02,16.0,True,Clean,True,0,REG-816425699,163656.0,219724.0,215307.63,0.7601,1.3156,0.837
A-000045,Land Plot,VN,Ho Chi Minh,10.75721,106.69038,A,USD,2025-10-30,20,203826.0,,,,,,,,7047.0,53.31,,Industrial,,,,,,,B,False,,,,,,,,,,,False,Disputed,True,2,REG-290932666,2988021.0,4489430.33,4578306.21,0.6526,1.5322,0.898
A-000046,Land Plot,VN,Hanoi,20.99744,105.8324,D,USD,2025-10-30,25,305132.0,,,,,,,,3679.0,58.86,,Residential,,,,,,,B,True,,,,,,,,,,,True,Clean,True,0,REG-283957630,816778.0,1642375.89,1672388.22,0.4884,2.0475,0.653
A-000047,Deposit,JP,Tokyo,35.69703,139.67585,C,USD,2025-10-30,20,119389.0,,,,,,,,,,,,,,,,,,,,,,,,,,,187716.0,1.22,16.0,True,Clean,True,0,REG-277067962,71601.0,187716.0,191704.64,0.3735,2.6774,0.696
A-000048,Apartment,US,New York,40.69036,-74.03885,C,USD,2025-10-30,12,245859.0,2013.0,5.0,19.0,3.0,1.0,1.0,195.0,259.0,5.17,16.0,Residential,C,tenant,5755.0,1.0,1.99,1.02,,,,,,,,,,,,,True,Disputed,False,0,REG-530246516,93229.0,124170.54,130054.04,0.7168,1.395,0.673
A-000049,Apartment,US,San Jose,37.31656,-121.91187,A,USD,2025-10-30,48,223785.0,1977.0,18.0,25.0,2.0,2.0,1.0,86.0,81.0,8.17,26.0,Commercial,C,tenant,4438.0,0.0,0.46,1.51,,,,,,,,,,,,,True,Clean,False,0,REG-187280099,55688.0,138045.2,133750.56,0.4164,2.4018,0.844
A-000050,Condo,UK,London,51.47446,-0.1186,C,USD,2025-10-30,26,128898.0,1999.0,6.0,35.0,4.0,1.0,2.0,240.0,874.0,12.82,17.33,Industrial,B,owner,1490.0,0.0,2.12,0.74,,,,,,,,,,,,,True,Clean,True,0,REG-155329045,27367.0,48448.23,49450.61,0.5534,1.8069,0.707
A-000051,Shop,FR,Paris,48.86151,2.35012,D,USD,2025-10-30,22,510370.0,2003.0,0.0,5.0,0.0,1.0,0.0,804.0,4381.0,7.09,27.75,Residential,B,tenant,430.0,0.0,2.29,0.92,,,,,,,,,,,,,False,Pending Verification,False,0,REG-247219189,118032.0,166440.99,136078.71,0.8674,1.1529,0.636
A-000052,Deposit,DE,Berlin,52.52955,13.38675,A,USD,2025-10-30,3,227743.0,,,,,,,,,,,,,,,,,,,,,,,,,,,322285.0,1.67,29.0,False,Clean,False,1,REG-660437869,245546.0,322285.0,306132.98,0.8021,1.2467,0.907
A-000053,Deposit,VN,Ho Chi Minh,10.75271,106.69488,A,USD,2025-10-30,9,238414.0,,,,,,,,,,,,,,,,,,,,,,,,,,,319818.0,2.66,8.0,False,Clean,True,0,REG-490652979,146981.0,319818.0,303162.08,0.4848,2.0626,0.885
A-000054,Shop,VN,Hanoi,21.01175,105.81166,B,USD,2025-10-30,5,590761.0,2020.0,0.0,5.0,0.0,2.0,1.0,178.0,4940.0,27.2,23.24,Commercial,E,tenant,4505.0,0.0,2.87,2.38,,,,,,,,,,,,,True,Clean,True,1,REG-259511950,227217.0,453012.96,461002.3,0.4929,2.0289,0.841
A-000055,Car,JP,Tokyo,35.68262,139.70648,C,USD,2025-10-30,26,21804.0,,,,,,,,,,,,,,,,,,,,2012 Kia Civic,2012.0,84595.0,3329.0,0.0,10.0,2.0,,,,True,Clean,True,0,REG-517931096,3014.0,7557.77,7368.55,0.409,2.4448,0.758
A-000056,Deposit,US,New York,40.68958,-74.00896,B,USD,2025-10-30,40,275172.0,,,,,,,,,,,,,,,,,,,,,,,,,,,456060.0,1.61,34.0,False,Clean,False,0,REG-352993793,296756.0,456060.0,447749.71,0.6628,1.5088,0.828
A-000057,Land Plot,US,San Jose,37.34072,-121.89009,B,USD,2025-10-30,32,38594.0,,,,,,,,4341.0,53.13,,Commercial,,,,,,,B,False,,,,,,,,,,,True,Clean,True,0,REG-716884947,339711.0,467283.01,444975.11,0.7634,1.3099,0.82
A-000058,Land Plot,UK,London,51.51397,-0.11796,B,USD,2025-10-30,18,342029.0,,,,,,,,7492.0,45.97,,Agricultural,,,,,,,C,False,,,,,,,,,,,True,Disputed,False,2,REG-931487048,3021907.0,5720859.53,6141918.96,0.492,2.0325,0.832
A-000059,Deposit,FR,Paris,48.86822,2.35237,C,USD,2025-10-30,34,58632.0,,,,,,,,,,,,,,,,,,,,,,,,,,,189339.0,2.35,3.0,False,Clean,False,1,REG-874512926,132301.0,189339.0,203019.94,0.6517,1.5345,0.672
A-000060,Car,DE,Berlin,52.49771,13.40541,D,USD,2025-10-30,25,31070.0,,,,,,,,,,,,,,,,,,,,2019 Mazda Sportage,2019.0,75961.0,4432.0,0.0,14.0,1.0,,,,True,Clean,True,0,REG-123762279,13801.0,18590.28,18210.73,0.7578,1.3195,0.593
A-000061,Car,VN,Ho Chi Minh,10.79306,106.69447,C,USD,2025-10-30,39,5081.0,,,,,,,,,,,,,,,,,,,,2025 Toyota Sportage,2025.0,12784.0,2797.0,0.0,10.0,3.0,,,,True,Clean,False,1,REG-816826694,2673.0,5039.41,5194.14,0.5146,1.9432,0.661
A-000062,House,VN,Hanoi,20.99805,105.85401,C,USD,2025-10-30,19,209384.0,2006.0,0.0,4.0,4.0,3.0,0.0,1504.0,1172.0,7.74,26.73,Mixed,A,owner,1847.0,0.0,1.01,1.56,,,,,,,,,,,,,True,Clean,True,0,REG-455204642,60331.0,87779.17,86970.83,0.6937,1.4416,0.733
A-000063,Deposit,JP,Tokyo,35.67803,139.68512,D,USD,2025-10-30,2,36899.0,,,,,,,,,,,,,,,,,,,,,,,,,,,217460.0,4.56,16.0,True,Clean,True,1,REG-837279890,93230.0,217460.0,217864.78,0.4279,2.3369,0.641
A-000064,Land Plot,US,New York,40.74438,-74.05639,B,USD,2025-10-30,7,311100.0,,,,,,,,742.0,14.7,,Residential,,,,,,,C,False,,,,,,,,,,,True,Clean,True,1,REG-965654639,396242.0,498295.94,505088.84,0.7845,1.2747,0.833
A-000065,Condo,US,San Jose,37.34221,-121.88997,D,USD,2025-10-30,13,189362.0,2012.0,16.0,37.0,1.0,1.0,2.0,27.0,566.0,18.32,25.37,Commercial,A,owner,4263.0,1.0,0.09,1.11,,,,,,,,,,,,,False,Disputed,False,0,REG-655440935,46818.0,65636.57,63135.9,0.7415,1.3485,0.526
A-000066,Car,UK,London,51.50732,-0.11165,B,USD,2025-10-30,21,5069.0,,,,,,,,,,,,,,,,,,,,2010 Honda C-Class,2010.0,224155.0,3702.0,0.0,9.0,3.0,,,,False,Clean,True,2,REG-159471289,1322.0,1722.84,1787.46,0.7396,1.3521,0.781
A-000067,Shop,FR,Paris,48.89921,2.32544,C,USD,2025-10-30,6,424777.0,2019.0,0.0,3.0,0.0,1.0,0.0,455.0,3285.0,12.33,12.74,Mixed,A,owner,2053.0,0.0,2.89,0.81,,,,,,,,,,,,,False,Clean,False,0,REG-286286643,82052.0,234493.5,218336.79,0.3758,2.661,0.669
A-000068,Land Plot,DE,Berlin,52.49609,13.4365,C,USD,2025-10-30,26,46344.0,,,,,,,,1727.0,22.82,,Commercial,,,,,,,D,False,,,,,,,,,,,True,Clean,True,1,REG-997009489,53923.0,139998.51,132139.22,0.4081,2.4505,0.715
A-000069,Car,VN,Ho Chi Minh,10.78173,106.70654,C,USD,2025-10-30,58,11713.0,,,,,,,,,,,,,,,,,,,,2022 Kia Civic,2022.0,149386.0,3012.0,0.0,5.0,2.0,,,,False,Clean,False,0,REG-273887489,7655.0,9988.42,9902.74,0.773,1.2936,0.695
A-000070,Land Plot,VN,Hanoi,21.03935,105.87034,B,USD,2025-10-30,58,157920.0,,,,,,,,619.0,10.21,,Commercial,,,,,,,A,True,,,,,,,,,,,False,Clean,True,0,REG-388643991,95113.0,233540.13,228318.67,0.4166,2.4005,0.846
A-000071,Deposit,JP,Tokyo,35.67769,139.67328,D,USD,2025-10-30,56,255683.0,,,,,,,,,,,,,,,,,,,,,,,,,,,202317.0,5.58,33.0,False,Clean,True,2,REG-690915370,61162.0,202317.0,196250.02,0.3117,3.2087,0.662
A-000072,Car,US,New York,40.71727,-74.01436,C,USD,2025-10-30,27,5355.0,,,,,,,,,,,,,,,,,,,,2019 Kia Sportage,2019.0,86025.0,4079.0,0.0,13.0,3.0,,,,False,Clean,True,0,REG-519181695,2124.0,3090.81,2761.76,0.7691,1.3003,0.719
A-000073,Land Plot,US,San Jose,37.35691,-121.92151,D,USD,2025-10-30,22,73396.0,,,,,,,,862.0,49.6,,Industrial,,,,,,,B,False,,,,,,,,,,,True,Clean,False,2,REG-621649085,57701.0,95594.0,101486.9,0.5686,1.7588,0.624
A-000074,Apartment,UK,London,51.4764,-0.10391,C,USD,2025-10-30,52,91230.0,1973.0,1.0,37.0,3.0,2.0,1.0,187.0,690.0,8.25,21.04,Residential,C,owner,2260.0,0.0,2.29,0.07,,,,,,,,,,,,,False,Clean,True,0,REG-757453238,14437.0,30582.66,28939.2,0.4989,2.0045,0.769
A-000075,Land Plot,FR,Paris,48.8654,2.35824,D,USD,2025-10-30,53,264666.0,,,,,,,,2916.0,28.71,,Commercial,,,,,,,A,False,,,,,,,,,,,False,Clean,False,2,REG-884268176,960294.0,1232167.93,1252304.23,0.7668,1.3041,0.665
A-000076,Land Plot,DE,Berlin,52.53832,13.40782,A,USD,2025-10-30,16,52135.0,,,,,,,,97.0,13.57,,Agricultural,,,,,,,B,False,,,,,,,,,,,False,Clean,True,2,REG-205753943,7380.0,14801.57,14521.96,0.5082,1.9677,0.838
A-000077,Shop,VN,Ho Chi Minh,10.74534,106.71724,A,USD,2025-10-30,7,610098.0,2018.0,0.0,3.0,0.0,2.0,0.0,2929.0,3126.0,28.53,6.43,Mixed,C,tenant,2328.0,0.0,2.29,2.38,,,,,,,,,,,,,True,Pending Verification,False,0,REG-880572735,271847.0,514666.58,510429.57,0.5326,1.8776,0.873
A-000078,Condo,VN,Hanoi,21.04498,105.81827,C,USD,2025-10-30,36,108219.0,1989.0,1.0,13.0,0.0,3.0,0.0,130.0,975.0,9.69,16.93,Industrial,E,owner,5617.0,0.0,1.8,0.81,,,,,,,,,,,,,False,Clean,False,2,REG-851644795,29658.0,39218.86,40496.9,0.7324,1.3655,0.73
A-000079,Apartment,JP,Tokyo,35.69026,139.68162,C,USD,2025-10-30,6,95398.0,2019.0,12.0,9.0,2.0,2.0,1.0,379.0,849.0,24.04,17.59,Commercial,B,owner,1113.0,0.0,1.09,1.86,,,,,,,,,,,,,True,Pending Verification,True,0,REG-413110697,19937.0,51861.65,51159.11,0.3897,2.566,0.678
A-000080,Deposit,US,New York,40.67729,-74.00526,B,USD,2025-10-30,30,148604.0,,,,,,,,,,,,,,,,,,,,,,,,,,,461645.0,0.87,16.0,False,Clean,False,2,REG-537652550,275361.0,461645.0,494853.56,0.5564,1.7971,0.832
A-000081,Car,US,San Jose,37.38652,-121.85967,D,USD,2025-10-30,49,51777.0,,,,,,,,,,,,,,,,,,,,2020 Hyundai Elantra,2020.0,226331.0,2487.0,0.0,2.0,3.0,,,,False,Clean,True,0,REG-820980365,21194.0,33575.22,35191.8,0.6022,1.6605,0.695
A-000082,Car,UK,London,51.50919,-0.10023,B,USD,2025-10-30,35,53438.0,,,,,,,,,,,,,,,,,,,,2015 Honda 3 Series,2015.0,53652.0,2296.0,0.0,9.0,1.0,,,,False,Clean,False,0,REG-293945627,16824.0,21624.05,21201.65,0.7935,1.2602,0.779
A-000083,Shop,FR,Paris,48.869,2.36127,D,USD,2025-10-30,45,382493.0,1980.0,0.0,4.0,0.0,1.0,2.0,493.0,1994.0,12.02,6.44,Commercial,C,tenant,894.0,0.0,0.9,1.46,,,,,,,,,,,,,True,Clean,True,2,REG-257662510,55407.0,105714.87,102721.58,0.5394,1.8539,0.609
A-000084,House,DE,Berlin,52.52661,13.40577,B,USD,2025-10-30,18,189749.0,2007.0,0.0,2.0,2.0,1.0,0.0,1350.0,3528.0,13.6,9.37,Commercial,C,vacant,2189.0,0.0,1.68,0.35,,,,,,,,,,,,,False,Clean,True,1,REG-257218539,82246.0,110414.47,109374.45,0.752,1.3298,0.85
A-000085,House,VN,Ho Chi Minh,10.80397,106.69659,B,USD,2025-10-30,34,410117.0,1991.0,0.0,3.0,3.0,3.0,2.0,379.0,3587.0,24.62,25.89,Residential,E,vacant,711.0,1.0,2.84,1.39,,,,,,,,,,,,,False,Clean,False,0,REG-506218840,157098.0,204182.57,186002.78,0.8446,1.184,0.722
A-000086,Car,VN,Hanoi,21.02791,105.80866,A,USD,2025-10-30,50,5204.0,,,,,,,,,,,,,,,,,,,,2020 Hyundai Corolla,2020.0,186268.0,1597.0,0.0,14.0,1.0,,,,False,Pending Verification,True,0,REG-153462313,2018.0,3160.1,2978.9,0.6774,1.4762,0.858
A-000087,Shop,JP,Tokyo,35.65673,139.69324,B,USD,2025-10-30,46,545395.0,1979.0,0.0,4.0,0.0,2.0,1.0,2229.0,4188.0,9.54,3.12,Industrial,E,owner,3427.0,0.0,1.85,1.64,,,,,,,,,,,,,False,Clean,True,0,REG-798051613,175328.0,260309.06,229796.37,0.763,1.3107,0.778
A-000088,Condo,US,New York,40.6903,-74.01911,B,USD,2025-10-30,8,296427.0,2017.0,4.0,17.0,3.0,2.0,0.0,371.0,71.0,22.98,23.37,Residential,A,tenant,786.0,0.0,1.69,2.29,,,,,,,,,,,,,True,Clean,True,1,REG-721361758,162271.0,215270.7,211139.64,0.7685,1.3012,0.787
A-000089,Car,US,San Jose,37.33915,-121.88843,D,USD,2025-10-30,50,46082.0,,,,,,,,,,,,,,,,,,,,2016 BMW Civic,2016.0,25837.0,1550.0,0.0,6.0,3.0,,,,False,Clean,True,0,REG-462583580,18710.0,25789.83,22766.87,0.8218,1.2168,0.607
A-000090,Land Plot,UK,London,51.52156,-0.1444,C,USD,2025-10-30,46,88838.0,,,,,,,,7511.0,45.06,,Agricultural,,,,,,,C,False,,,,,,,,,,,False,Clean,True,0,REG-209588315,748415.0,1113074.81,1141071.35,0.6559,1.5247,0.745
A-000091,Car,FR,Paris,48.87297,2.32016,B,USD,2025-10-30,23,59088.0,,,,,,,,,,,,,,,,,,,,2022 Mazda Sportage,2022.0,200554.0,1848.0,0.0,4.0,3.0,,,,False,Clean,True,1,REG-871926839,30016.0,43027.43,39241.42,0.7649,1.3074,0.842
A-000092,Deposit,DE,Berlin,52.56774,13.388,C,USD,2025-10-30,5,183240.0,,,,,,,,,,,,,,,,,,,,,,,,,,,212063.0,5.32,6.0,True,Clean,False,2,REG-299892332,147149.0,212063.0,211115.92,0.697,1.4347,0.773
A-000093,Condo,VN,Ho Chi Minh,10.7827,106.709,C,USD,2025-10-30,56,264215.0,1969.0,23.0,1.0,2.0,1.0,2.0,291.0,320.0,16.89,4.49,Industrial,B,vacant,4502.0,0.0,1.86,1.9,,,,,,,,,,,,,False,Clean,False,0,REG-692632690,42526.0,99174.15,92321.47,0.4606,2.1709,0.745
A-000094,Deposit,VN,Hanoi,20.99502,105.8482,C,USD,2025-10-30,57,138343.0,,,,,,,,,,,,,,,,,,,,,,,,,,,357908.0,4.0,15.0,True,Clean,True,0,REG-406354595,202506.0,357908.0,391961.29,0.5166,1.9356,0.709
A-000095,Deposit,JP,Tokyo,35.6852,139.7105,D,USD,2025-10-30,7,50897.0,,,,,,,,,,,,,,,,,,,,,,,,,,,138924.0,5.47,35.0,True,Clean,True,2,REG-620748366,105714.0,138924.0,135253.45,0.7816,1.2794,0.6
A-000096,House,US,New York,40.73095,-74.03795,A,USD,2025-10-30,7,320609.0,2018.0,0.0,5.0,4.0,2.0,0.0,2336.0,263.0,26.94,20.24,Industrial,C,tenant,2487.0,0.0,2.91,0.11,,,,,,,,,,,,,False,Pending Verification,False,0,REG-127095490,119994.0,278828.64,273410.53,0.4389,2.2785,0.86
A-000097,Deposit,US,San Jose,37.31376,-121.87658,D,USD,2025-10-30,18,228272.0,,,,,,,,,,,,,,,,,,,,,,,,,,,116144.0,4.29,24.0,True,Clean,True,1,REG-285869747,51975.0,116144.0,112859.22,0.4605,2.1714,0.615
A-000098,Shop,UK,London,51.51258,-0.0858,C,USD,2025-10-30,37,588587.0,1988.0,0.0,3.0,0.0,2.0,1.0,277.0,3776.0,14.63,5.34,Commercial,B,owner,4995.0,0.0,1.55,1.26,,,,,,,,,,,,,False,Clean,True,0,REG-724186421,128305.0,210385.94,213509.29,0.6009,1.6641,0.714
A-000099,Shop,FR,Paris,48.83757,2.37925,A,USD,2025-10-30,55,367671.0,1970.0,0.0,3.0,0.0,2.0,1.0,2906.0,4814.0,15.71,7.88,Commercial,A,owner,1301.0,0.0,1.7,0.28,,,,,,,,,,,,,True,Clean,True,0,REG-563176722,82253.0,218098.03,211953.42,0.3881,2.5768,0.85
A-000100,Land Plot,DE,Berlin,52.51921,13.41885,C,USD,2025-10-30,14,365142.0,,,,,,,,7559.0,46.59,,Industrial,,,,,,,C,False,,,,,,,,,,,False,Clean,False,0,REG-307611212,1796532.0,4051298.5,4049856.88,0.4436,2.2543,0.687
A-000101,Shop,VN,Ho Chi Minh,10.77076,106.71329,D,USD,2025-10-30,24,756406.0,2001.0,0.0,2.0,0.0,1.0,1.0,1613.0,3367.0,11.88,14.87,Mixed,E,vacant,5515.0,1.0,2.75,1.25,,,,,,,,,,,,,False,Clean,True,1,REG-873973488,122251.0,210636.44,211562.85,0.5778,1.7306,0.556
A-000102,House,VN,Hanoi,21.04957,105.82199,B,USD,2025-10-30,51,494450.0,1974.0,0.0,3.0,0.0,1.0,0.0,2292.0,4924.0,4.55,11.54,Industrial,B,tenant,5350.0,0.0,2.67,1.58,,,,,,,,,,,,,False,Clean,False,0,REG-579166430,157909.0,217987.2,222274.76,0.7104,1.4076,0.828
A-000103,Condo,JP,Tokyo,35.65831,139.71825,C,USD,2025-10-30,10,214738.0,2015.0,22.0,14.0,3.0,3.0,0.0,361.0,202.0,21.16,22.57,Residential,E,tenant,3596.0,0.0,3.81,2.34,,,,,,,,,,,,,False,Disputed,False,0,REG-593343050,43327.0,91003.08,88924.53,0.4872,2.0524,0.657
A-000104,House,US,New York,40.66984,-74.00467,C,USD,2025-10-30,6,448593.0,2019.0,0.0,3.0,3.0,2.0,2.0,781.0,957.0,9.81,15.28,Residential,B,owner,838.0,1.0,1.45,2.06,,,,,,,,,,,,,True,Clean,True,0,REG-141260009,159794.0,209571.89,197407.16,0.8095,1.2354,0.556
A-000105,Shop,US,San Jose,37.3306,-121.88129,D,USD,2025-10-30,50,189277.0,1975.0,0.0,4.0,0.0,2.0,1.0,1474.0,2132.0,18.87,7.15,Industrial,A,tenant,4438.0,0.0,3.13,1.16,,,,,,,,,,,,,True,Clean,True,0,REG-160034811,35882.0,53832.62,56164.18,0.6389,1.5652,0.601
A-000106,Deposit,UK,London,51.46562,-0.12807,D,USD,2025-10-30,22,67942.0,,,,,,,,,,,,,,,,,,,,,,,,,,,427343.0,1.83,22.0,True,Clean,True,2,REG-691008628,326205.0,427343.0,429369.18,0.7597,1.3163,0.663
A-000107,Car,FR,Paris,48.81639,2.34241,A,USD,2025-10-30,24,35894.0,,,,,,,,,,,,,,,,,,,,2022 Kia Corolla,2022.0,74854.0,2780.0,0.0,5.0,3.0,,,,True,Clean,True,0,REG-164120029,20759.0,26735.73,26352.92,0.7877,1.2695,0.844
A-000108,Land Plot,DE,Berlin,52.52329,13.39719,A,USD,2025-10-30,32,136039.0,,,,,,,,3670.0,29.26,,Residential,,,,,,,B,True,,,,,,,,,,,False,Clean,False,0,REG-142635255,410031.0,1297477.74,1407541.91,0.2913,3.4328,0.875
A-000109,Land Plot,VN,Ho Chi Minh,10.7954,106.66214,A,USD,2025-10-30,45,329811.0,,,,,,,,106.0,34.17,,Commercial,,,,,,,B,False,,,,,,,,,,,False,Clean,False,0,REG-454664776,47354.0,100239.03,96197.99,0.4923,2.0315,0.842
A-000110,Apartment,VN,Hanoi,21.02781,105.85091,A,USD,2025-10-30,46,213884.0,1979.0,13.0,25.0,1.0,3.0,2.0,392.0,737.0,15.57,17.77,Residential,B,owner,551.0,1.0,1.91,0.31,,,,,,,,,,,,,True,Clean,True,2,REG-356326829,65174.0,120715.37,131442.03,0.4958,2.0168,0.787
A-000111,Apartment,JP,Tokyo,35.68319,139.68944,A,USD,2025-10-30,30,247788.0,1995.0,24.0,38.0,1.0,3.0,1.0,297.0,859.0,15.65,10.55,Commercial,B,tenant,5132.0,1.0,1.51,1.73,,,,,,,,,,,,,False,Clean,False,2,REG-757303218,56741.0,141820.23,138540.24,0.4096,2.4416,0.752
A-000112,Shop,US,New York,40.69013,-74.00411,B,USD,2025-10-30,39,384844.0,1986.0,0.0,1.0,0.0,2.0,0.0,1741.0,1387.0,27.4,12.25,Residential,A,tenant,3320.0,0.0,4.86,1.49,,,,,,,,,,,,,False,Clean,False,0,REG-519858336,123069.0,204005.21,197857.32,0.622,1.6077,0.841
A-000113,Car,US,San Jose,37.37445,-121.88454,B,USD,2025-10-30,36,27598.0,,,,,,,,,,,,,,,,,,,,2010 Toyota Sportage,2010.0,153258.0,1911.0,0.0,14.0,1.0,,,,True,Clean,True,0,REG-504451704,2084.0,6587.51,6398.57,0.3257,3.0703,0.778
A-000114,Shop,UK,London,51.50108,-0.16312,B,USD,2025-10-30,12,339467.0,2013.0,0.0,4.0,0.0,2.0,2.0,1092.0,4648.0,17.11,17.36,Mixed,C,tenant,1887.0,0.0,2.13,1.86,,,,,,,,,,,,,False,Clean,True,0,REG-303356808,105292.0,231804.17,222479.54,0.4733,2.113,0.766
A-000115,Deposit,FR,Paris,48.89087,2.35513,A,USD,2025-10-30,44,241774.0,,,,,,,,,,,,,,,,,,,,,,,,,,,403397.0,5.21,22.0,False,Clean,True,1,REG-793168253,140762.0,403397.0,407660.63,0.3453,2.8961,0.88
A-000116,Deposit,DE,Berlin,52.53822,13.41397,B,USD,2025-10-30,16,259721.0,,,,,,,,,,,,,,,,,,,,,,,,,,,447934.0,2.84,27.0,False,Clean,False,2,REG-266598657,246926.0,447934.0,429812.25,0.5745,1.7407,0.786
A-000117,House,VN,Ho Chi Minh,10.77944,106.70386,B,USD,2025-10-30,15,374400.0,2010.0,0.0,5.0,0.0,3.0,1.0,2904.0,2925.0,7.69,17.21,Mixed,B,tenant,1819.0,0.0,1.91,0.93,,,,,,,,,,,,,True,Clean,True,0,REG-968544803,164189.0,248576.48,239947.6,0.6843,1.4614,0.827
A-000118,Condo,VN,Hanoi,21.01271,105.84255,B,USD,2025-10-30,15,277893.0,2010.0,7.0,8.0,1.0,1.0,0.0,245.0,333.0,15.51,7.22,Industrial,B,vacant,4583.0,0.0,3.3,1.71,,,,,,,,,,,,,True,Clean,False,0,REG-943346286,56810.0,159127.39,145528.16,0.3904,2.5617,0.869
A-000119,House,JP,Tokyo,35.66298,139.66845,B,USD,2025-10-30,15,301500.0,2010.0,0.0,4.0,3.0,1.0,1.0,173.0,653.0,12.81,20.7,Industrial,A,vacant,5332.0,0.0,2.02,1.1,,,,,,,,,,,,,False,Clean,True,2,REG-873069753,101479.0,178477.44,184957.04,0.5487,1.8226,0.762
A-000120,Land Plot,US,New York,40.71074,-74.00654,A,USD,2025-10-30,23,120457.0,,,,,,,,2802.0,34.36,,Agricultural,,,,,,,B,True,,,,,,,,,,,False,Clean,False,1,REG-396805511,779662.0,995608.64,980955.88,0.7948,1.2582,0.939
A-000121,Shop,US,San Jose,37.35222,-121.89868,C,USD,2025-10-30,5,438416.0,2020.0,0.0,3.0,0.0,1.0,0.0,2130.0,3777.0,17.2,22.53,Mixed,C,tenant,5216.0,0.0,1.21,0.32,,,,,,,,,,,,,True,Pending Verification,True,0,REG-116968988,94014.0,230350.92,255526.71,0.3679,2.718,0.733
A-000122,Deposit,UK,London,51.5097,-0.14155,B,USD,2025-10-30,29,267528.0,,,,,,,,,,,,,,,,,,,,,,,,,,,358551.0,1.6,28.0,True,Clean,True,1,REG-184224650,159969.0,358551.0,380590.69,0.4203,2.3792,0.84
A-000123,Car,FR,Paris,48.87885,2.35985,A,USD,2025-10-30,0,67110.0,,,,,,,,,,,,,,,,,,,,2021 Mazda Sportage,2021.0,81715.0,3642.0,0.0,3.0,2.0,,,,True,Clean,True,0,REG-909135309,27366.0,48794.8,49396.65,0.554,1.805,0.902
A-000124,Car,DE,Berlin,52.47245,13.3943,B,USD,2025-10-30,17,22855.0,,,,,,,,,,,,,,,,,,,,2012 Toyota Elantra,2012.0,207008.0,2726.0,1.0,12.0,1.0,,,,True,Clean,True,0,REG-233090724,2161.0,6354.07,6394.38,0.338,2.959,0.873
A-000125,House,VN,Ho Chi Minh,10.81772,106.68907,B,USD,2025-10-30,49,236669.0,1976.0,0.0,1.0,4.0,2.0,0.0,2087.0,1115.0,13.61,18.33,Mixed,A,owner,4184.0,0.0,3.2,0.86,,,,,,,,,,,,,False,Clean,False,0,REG-381321810,77054.0,105370.68,101419.27,0.7598,1.3162,0.766
A-000126,House,VN,Hanoi,21.0102,105.8222,B,USD,2025-10-30,47,456862.0,1978.0,0.0,3.0,0.0,2.0,2.0,2967.0,2053.0,25.6,4.4,Residential,C,vacant,673.0,0.0,2.37,0.97,,,,,,,,,,,,,False,Clean,True,0,REG-356532552,121551.0,216777.21,221323.73,0.5492,1.8208,0.794
A-000127,Car,JP,Tokyo,35.68023,139.64233,A,USD,2025-10-30,8,34379.0,,,,,,,,,,,,,,,,,,,,2021 Mazda Elantra,2021.0,28969.0,1816.0,0.0,8.0,1.0,,,,False,Disputed,False,1,REG-616911934,20322.0,25608.08,26676.61,0.7618,1.3127,0.92
A-000128,Apartment,US,New York,40.73959,-74.0138,B,USD,2025-10-30,59,245094.0,1966.0,7.0,16.0,1.0,2.0,0.0,171.0,555.0,19.51,24.39,Industrial,D,tenant,4518.0,0.0,2.15,1.46,,,,,,,,,,,,,False,Clean,False,1,REG-277390640,83198.0,129805.35,123327.91,0.6746,1.4823,0.805
A-000129,Condo,US,San Jose,37.34961,-121.83936,A,USD,2025-10-30,51,285607.0,1974.0,19.0,5.0,0.0,1.0,2.0,311.0,837.0,27.41,22.59,Residential,A,tenant,5075.0,0.0,1.91,0.98,,,,,,,,,,,,,False,Clean,False,0,REG-160636874,78390.0,169959.76,175772.71,0.446,2.2423,0.945
A-000130,Apartment,UK,London,51.51337,-0.09754,C,USD,2025-10-30,12,197485.0,2013.0,13.0,14.0,2.0,3.0,1.0,46.0,49.0,14.51,18.74,Mixed,C,tenant,3511.0,0.0,1.3,0.51,,,,,,,,,,,,,True,Pending Verification,False,0,REG-105758806,48106.0,85341.2,75218.9,0.6395,1.5636,0.736
A-000131,Car,FR,Paris,48.84198,2.38151,B,USD,2025-10-30,57,43438.0,,,,,,,,,,,,,,,,,,,,2014 BMW F-150,2014.0,114331.0,3927.0,0.0,12.0,2.0,,,,False,Clean,True,0,REG-634110644,6690.0,18009.65,19030.61,0.3515,2.8446,0.8
A-000132,Land Plot,DE,Berlin,52.50846,13.40966,B,USD,2025-10-30,51,171836.0,,,,,,,,6700.0,49.15,,Agricultural,,,,,,,A,True,,,,,,,,,,,True,Clean,False,0,REG-834157571,1707047.0,3406810.85,3576391.56,0.4773,2.0951,0.866
A-000133,Car,VN,Ho Chi Minh,10.7814,106.71142,C,USD,2025-10-30,11,7202.0,,,,,,,,,,,,,,,,,,,,2020 Hyundai Elantra,2020.0,237871.0,2730.0,0.0,12.0,3.0,,,,True,Clean,False,1,REG-548740033,3025.0,5343.82,5367.76,0.5635,1.7745,0.711
A-000134,Apartment,VN,Hanoi,21.00791,105.80315,A,USD,2025-10-30,1,118538.0,2024.0,22.0,22.0,5.0,1.0,1.0,86.0,398.0,13.57,19.91,Industrial,D,owner,5776.0,1.0,2.58,0.47,,,,,,,,,,,,,True,Clean,False,0,REG-231249070,66927.0,108016.49,112132.72,0.5969,1.6754,0.732
A-000135,Apartment,JP,Tokyo,35.66238,139.69435,B,USD,2025-10-30,30,80000.0,1995.0,11.0,21.0,2.0,3.0,0.0,76.0,527.0,13.76,29.19,Commercial,B,owner,1037.0,0.0,4.21,1.1,,,,,,,,,,,,,True,Clean,True,1,REG-384627473,24126.0,37324.72,38356.9,0.629,1.5899,0.786
A-000136,Land Plot,US,New York,40.73017,-74.00031,C,USD,2025-10-30,40,253459.0,,,,,,,,2625.0,7.27,,Commercial,,,,,,,A,False,,,,,,,,,,,True,Clean,True,0,REG-564917053,450015.0,1461557.12,1418695.81,0.3172,3.1526,0.745
A-000137,Car,US,San Jose,37.36872,-121.8789,C,USD,2025-10-30,8,65201.0,,,,,,,,,,,,,,,,,,,,2016 Toyota CX-5,2016.0,209868.0,2229.0,0.0,1.0,2.0,,,,False,Disputed,True,2,REG-210060583,11350.0,29637.06,31338.6,0.3622,2.7611,0.703
A-000138,Apartment,UK,London,51.50489,-0.11709,C,USD,2025-10-30,22,149165.0,2003.0,23.0,37.0,3.0,3.0,1.0,179.0,836.0,15.88,23.34,Industrial,A,owner,2772.0,0.0,0.27,1.6,,,,,,,,,,,,,True,Clean,False,1,REG-179861043,44056.0,62083.12,55610.87,0.7922,1.2623,0.748
A-000139,Apartment,FR,Paris,48.81802,2.36679,D,USD,2025-10-30,52,234593.0,1973.0,24.0,14.0,1.0,2.0,2.0,362.0,571.0,14.98,18.13,Commercial,B,owner,2055.0,1.0,3.47,1.35,,,,,,,,,,,,,False,Clean,True,2,REG-415900323,31500.0,61250.06,58298.49,0.5403,1.8507,0.505
A-000140,Apartment,DE,Berlin,52.54745,13.39018,C,USD,2025-10-30,15,129478.0,2010.0,20.0,35.0,2.0,3.0,2.0,324.0,4.0,26.0,29.81,Industrial,B,tenant,2360.0,0.0,1.18,2.19,,,,,,,,,,,,,True,Clean,True,0,REG-876633736,21027.0,59573.11,57953.36,0.3628,2.7561,0.756
A-000141,Car,VN,Ho Chi Minh,10.78409,106.72358,B,USD,2025-10-30,4,53041.0,,,,,,,,,,,,,,,,,,,,2019 Mercedes 3 Series,2019.0,78938.0,3142.0,0.0,4.0,2.0,,,,False,Clean,False,2,REG-646645915,16572.0,30104.94,31505.39,0.526,1.9011,0.853
A-000142,Car,VN,Hanoi,21.00631,105.82634,D,USD,2025-10-30,17,55937.0,,,,,,,,,,,,,,,,,,,,2021 BMW Corolla,2021.0,186867.0,3343.0,0.0,7.0,2.0,,,,True,Clean,False,1,REG-698666103,27920.0,37839.37,39996.61,0.6981,1.4325,0.685
A-000143,Condo,JP,Tokyo,35.70415,139.68342,B,USD,2025-10-30,31,95203.0,1994.0,10.0,29.0,4.0,2.0,2.0,33.0,468.0,27.2,9.21,Commercial,C,vacant,1022.0,0.0,0.1,2.23,,,,,,,,,,,,,False,Disputed,True,1,REG-705925651,36940.0,46440.97,47063.65,0.7849,1.2741,0.822
A-000144,Condo,US,New York,40.7064,-74.001,B,USD,2025-10-30,50,254788.0,1975.0,8.0,6.0,0.0,2.0,1.0,359.0,898.0,11.77,17.99,Residential,B,owner,3560.0,0.0,1.76,1.49,,,,,,,,,,,,,True,Clean,False,0,REG-766733707,43693.0,126079.61,128941.59,0.3389,2.9511,0.776
A-000145,Condo,US,San Jose,37.35991,-121.9038,B,USD,2025-10-30,56,137312.0,1969.0,1.0,29.0,3.0,3.0,0.0,55.0,567.0,24.74,26.48,Mixed,C,tenant,3402.0,0.0,2.39,0.51,,,,,,,,,,,,,True,Clean,True,0,REG-129642412,21677.0,64473.07,68296.78,0.3174,3.1507,0.808
A-000146,Apartment,UK,London,51.50801,-0.17723,A,USD,2025-10-30,45,182387.0,1980.0,9.0,26.0,3.0,2.0,1.0,63.0,259.0,7.52,6.16,Mixed,C,owner,619.0,0.0,2.18,0.73,,,,,,,,,,,,,True,Clean,False,2,REG-297421840,57143.0,115978.08,126655.35,0.4512,2.2165,0.839
A-000147,Condo,FR,Paris,48.83661,2.32396,C,USD,2025-10-30,32,232691.0,1993.0,19.0,31.0,2.0,3.0,0.0,209.0,608.0,19.49,6.21,Residential,B,owner,3428.0,0.0,3.05,0.82,,,,,,,,,,,,,False,Clean,True,2,REG-417960593,57817.0,89396.78,91146.7,0.6343,1.5765,0.658
A-000148,Land Plot,DE,Berlin,52.52228,13.43158,B,USD,2025-10-30,40,255580.0,,,,,,,,489.0,57.57,,Agricultural,,,,,,,C,True,,,,,,,,,,,True,Pending Verification,True,0,REG-707426496,113687.0,277288.97,267666.44,0.4247,2.3544,0.843
A-000149,Apartment,VN,Ho Chi Minh,10.79651,106.7154,C,USD,2025-10-30,38,164026.0,1987.0,7.0,21.0,2.0,2.0,0.0,96.0,786.0,15.26,14.83,Mixed,B,tenant,1472.0,1.0,2.38,1.28,,,,,,,,,,,,,False,Clean,False,1,REG-957928216,29513.0,57234.71,55948.41,0.5275,1.8957,0.594
A-000150,Condo,VN,Hanoi,21.01783,105.82428,C,USD,2025-10-30,58,177029.0,1967.0,17.0,21.0,1.0,1.0,1.0,64.0,414.0,7.22,14.08,Commercial,C,vacant,1346.0,0.0,3.73,0.33,,,,,,,,,,,,,True,Clean,False,0,REG-512107632,21596.0,60117.76,58211.03,0.371,2.6955,0.688
A-000151,Condo,JP,Tokyo,35.66932,139.69014,A,USD,2025-10-30,19,188606.0,2006.0,14.0,13.0,1.0,2.0,0.0,209.0,941.0,6.82,6.43,Residential,E,tenant,879.0,0.0,4.49,0.47,,,,,,,,,,,,,False,Clean,False,1,REG-378003040,77309.0,126418.23,129536.13,0.5968,1.6756,0.876
A-000152,Car,US,New York,40.72109,-74.00539,D,USD,2025-10-30,35,8744.0,,,,,,,,,,,,,,,,,,,,2016 Mazda 3 Series,2016.0,144113.0,3136.0,0.0,10.0,2.0,,,,False,Clean,False,0,REG-971116057,1651.0,4375.8,4688.87,0.3521,2.84,0.683
A-000153,Land Plot,US,San Jose,37.34487,-121.90644,D,USD,2025-10-30,3,92634.0,,,,,,,,4742.0,42.62,,Commercial,,,,,,,B,True,,,,,,,,,,,True,Clean,False,0,REG-643434947,358477.0,600317.08,615629.33,0.5823,1.7173,0.648
A-000154,Deposit,UK,London,51.51144,-0.15687,B,USD,2025-10-30,0,55157.0,,,,,,,,,,,,,,,,,,,,,,,,,,,493446.0,1.72,7.0,True,Clean,True,0,REG-690907187,189642.0,493446.0,503226.31,0.3769,2.6536,0.805
A-000155,Deposit,FR,Paris,48.87788,2.36505,D,USD,2025-10-30,11,52904.0,,,,,,,,,,,,,,,,,,,,,,,,,,,239573.0,3.35,33.0,True,Clean,True,0,REG-799019807,112165.0,239573.0,244623.4,0.4585,2.1809,0.581
A-000156,House,DE,Berlin,52.50724,13.39674,D,USD,2025-10-30,15,472238.0,2010.0,0.0,3.0,2.0,1.0,2.0,893.0,861.0,8.77,15.67,Industrial,C,owner,1567.0,1.0,2.02,0.24,,,,,,,,,,,,,False,Clean,True,1,REG-201774833,107620.0,163540.66,163531.5,0.6581,1.5195,0.554
A-000157,Deposit,VN,Ho Chi Minh,10.81889,106.73152,A,USD,2025-10-30,32,280158.0,,,,,,,,,,,,,,,,,,,,,,,,,,,88565.0,3.86,22.0,False,Clean,False,0,REG-967145495,62964.0,88565.0,92544.03,0.6804,1.4698,0.896
A-000158,Deposit,VN,Hanoi,21.02554,105.81299,C,USD,2025-10-30,35,145533.0,,,,,,,,,,,,,,,,,,,,,,,,,,,129978.0,4.6,5.0,False,Pending Verification,False,1,REG-676175252,89322.0,129978.0,125099.12,0.714,1.4005,0.668
A-000159,Apartment,JP,Tokyo,35.7053,139.69049,B,USD,2025-10-30,31,127363.0,1994.0,22.0,28.0,4.0,3.0,0.0,59.0,582.0,10.1,13.62,Commercial,C,tenant,676.0,0.0,2.53,1.29,,,,,,,,,,,,,False,Clean,True,0,REG-728371219,40013.0,66555.93,66464.64,0.602,1.6611,0.85
A-000160,House,US,New York,40.71057,-74.042,D,USD,2025-10-30,18,190037.0,2007.0,0.0,3.0,3.0,3.0,1.0,753.0,4627.0,23.88,15.08,Commercial,E,tenant,4497.0,0.0,1.39,3.04,,,,,,,,,,,,,False,Clean,True,1,REG-104486468,34128.0,54673.25,55382.06,0.6162,1.6228,0.654
A-000161,Car,US,San Jose,37.33106,-121.88579,B,USD,2025-10-30,8,20890.0,,,,,,,,,,,,,,,,,,,,2012 Mazda CX-5,2012.0,96610.0,1230.0,0.0,6.0,2.0,,,,True,Clean,False,1,REG-497710965,2660.0,8634.68,9173.92,0.29,3.4488,0.853
A-000162,Condo,UK,London,51.53932,-0.15096,D,USD,2025-10-30,46,146132.0,1979.0,6.0,9.0,1.0,1.0,0.0,272.0,302.0,23.78,11.54,Mixed,B,tenant,4473.0,0.0,2.38,0.44,,,,,,,,,,,,,True,Clean,False,0,REG-647927027,12215.0,37732.16,36294.19,0.3366,2.9713,0.627
A-000163,Car,FR,Paris,48.84911,2.36471,A,USD,2025-10-30,3,48941.0,,,,,,,,,,,,,,,,,,,,2019 BMW F-150,2019.0,163374.0,2525.0,1.0,2.0,1.0,,,,False,Pending Verification,True,1,REG-676851104,17628.0,28060.65,29828.06,0.591,1.6921,0.906
A-000164,House,DE,Berlin,52.5022,13.40016,B,USD,2025-10-30,47,292588.0,1978.0,0.0,1.0,1.0,3.0,0.0,869.0,2745.0,7.35,21.6,Industrial,B,vacant,5663.0,0.0,1.68,2.14,,,,,,,,,,,,,True,Clean,False,2,REG-398125953,50057.0,152423.19,150212.55,0.3332,3.0008,0.8
A-000165,Apartment,VN,Ho Chi Minh,10.78513,106.70871,D,USD,2025-10-30,2,204963.0,2023.0,2.0,28.0,0.0,3.0,0.0,93.0,336.0,19.56,12.55,Residential,B,owner,2897.0,0.0,2.23,0.78,,,,,,,,,,,,,False,Clean,False,0,REG-675544991,60336.0,76267.54,72815.04,0.8286,1.2068,0.597
A-000166,Apartment,VN,Hanoi,21.04476,105.8267,A,USD,2025-10-30,36,130541.0,1989.0,24.0,26.0,4.0,1.0,2.0,234.0,984.0,21.63,4.08,Residential,B,owner,5202.0,0.0,2.76,1.31,,,,,,,,,,,,,True,Clean,True,0,REG-822046020,23474.0,71383.98,75722.28,0.31,3.2258,0.917
A-000167,Land Plot,JP,Tokyo,35.69559,139.69575,B,USD,2025-10-30,29,288971.0,,,,,,,,1776.0,26.34,,Industrial,,,,,,,B,True,,,,,,,,,,,False,Clean,False,0,REG-598088232,804448.0,1050334.81,1048093.23,0.7675,1.3029,0.866
A-000168,Apartment,US,New York,40.69548,-74.00261,D,USD,2025-10-30,6,246778.0,2019.0,3.0,25.0,2.0,1.0,2.0,388.0,790.0,19.35,6.95,Mixed,B,owner,4487.0,1.0,1.6,1.5,,,,,,,,,,,,,True,Clean,False,0,REG-290351709,63547.0,98101.5,99274.55,0.6401,1.5622,0.577
A-000169,Condo,US,San Jose,37.32182,-121.88163,C,USD,2025-10-30,7,198843.0,2018.0,9.0,4.0,3.0,1.0,0.0,74.0,448.0,11.41,12.59,Mixed,B,vacant,5677.0,0.0,1.38,0.47,,,,,,,,,,,,,False,Clean,False,0,REG-200910846,46650.0,98674.91,103493.53,0.4508,2.2185,0.761
A-000170,House,UK,London,51.46477,-0.10274,B,USD,2025-10-30,48,153377.0,1977.0,0.0,1.0,4.0,1.0,0.0,1722.0,1039.0,6.06,21.8,Residential,A,tenant,5040.0,0.0,0.58,0.54,,,,,,,,,,,,,False,Clean,True,0,REG-348337248,30171.0,81523.77,85838.63,0.3515,2.8451,0.826
A-000171,Condo,FR,Paris,48.8805,2.34163,C,USD,2025-10-30,19,290369.0,2006.0,3.0,25.0,3.0,2.0,0.0,37.0,275.0,6.45,8.15,Mixed,C,owner,3832.0,0.0,3.02,1.57,,,,,,,,,,,,,True,Clean,False,1,REG-227874780,66021.0,120966.51,127025.93,0.5197,1.924,0.771
A-000172,Apartment,DE,Berlin,52.52171,13.37677,B,USD,2025-10-30,26,123509.0,1999.0,21.0,39.0,0.0,3.0,1.0,42.0,922.0,4.66,19.19,Residential,A,vacant,4835.0,1.0,2.55,2.08,,,,,,,,,,,,,False,Pending Verification,False,0,REG-387256574,39740.0,59426.54,62735.59,0.6335,1.5787,0.665
A-000173,Deposit,VN,Ho Chi Minh,10.78516,106.7097,C,USD,2025-10-30,55,127885.0,,,,,,,,,,,,,,,,,,,,,,,,,,,55313.0,3.29,31.0,False,Clean,True,1,REG-862186781,22762.0,55313.0,57984.98,0.3925,2.5474,0.688
A-000174,Car,VN,Hanoi,21.00705,105.87289,B,USD,2025-10-30,17,63673.0,,,,,,,,,,,,,,,,,,,,2018 Honda CX-5,2018.0,186731.0,3872.0,0.0,2.0,1.0,,,,False,Clean,True,2,REG-826100693,25966.0,37213.79,39226.03,0.662,1.5107,0.848
A-000175,House,JP,Tokyo,35.67246,139.65166,A,USD,2025-10-30,21,334670.0,2004.0,0.0,3.0,5.0,2.0,1.0,2053.0,937.0,12.27,12.35,Industrial,C,tenant,753.0,0.0,1.59,0.38,,,,,,,,,,,,,False,Clean,False,0,REG-369612278,108082.0,207642.64,213393.85,0.5065,1.9744,0.834
A-000176,Shop,US,New York,40.71884,-74.01122,B,USD,2025-10-30,57,171582.0,1968.0,0.0,2.0,0.0,1.0,2.0,1478.0,4618.0,18.48,8.47,Industrial,C,vacant,4111.0,0.0,1.83,1.31,,,,,,,,,,,,,True,Clean,True,2,REG-367406500,28771.0,91577.72,88509.89,0.3251,3.0764,0.866
A-000177,Land Plot,US,San Jose,37.35548,-121.92213,C,USD,2025-10-30,26,223666.0,,,,,,,,4012.0,53.29,,Agricultural,,,,,,,C,False,,,,,,,,,,,False,Clean,True,1,REG-850980475,737450.0,1333574.9,1207847.26,0.6105,1.6379,0.734
A-000178,Land Plot,UK,London,51.50112,-0.12563,A,USD,2025-10-30,3,321111.0,,,,,,,,5742.0,51.77,,Residential,,,,,,,C,False,,,,,,,,,,,False,Clean,False,0,REG-658028387,2654388.0,5294941.03,5341957.76,0.4969,2.0125,0.893
A-000179,House,FR,Paris,48.84166,2.3513,D,USD,2025-10-30,54,494150.0,1971.0,0.0,3.0,1.0,3.0,0.0,504.0,2844.0,12.55,11.7,Commercial,C,owner,42.0,1.0,2.49,0.17,,,,,,,,,,,,,False,Clean,True,0,REG-601838731,79483.0,124282.13,125057.01,0.6356,1.5734,0.519
A-000180,Condo,DE,Berlin,52.48927,13.38046,C,USD,2025-10-30,38,254279.0,1987.0,8.0,37.0,1.0,3.0,0.0,32.0,78.0,15.73,24.32,Mixed,A,owner,4385.0,1.0,1.5,0.04,,,,,,,,,,,,,True,Clean,False,0,REG-991779258,68512.0,87456.95,83977.57,0.8158,1.2257,0.609
A-000181,Deposit,VN,Ho Chi Minh,10.79202,106.68192,B,USD,2025-10-30,55,95289.0,,,,,,,,,,,,,,,,,,,,,,,,,,,286505.0,2.93,14.0,True,Clean,False,2,REG-255737324,206043.0,286505.0,268632.42,0.767,1.3038,0.839
A-000182,Car,VN,Hanoi,21.05342,105.84987,B,USD,2025-10-30,31,44651.0,,,,,,,,,,,,,,,,,,,,2015 Honda C-Class,2015.0,205007.0,1793.0,0.0,10.0,2.0,,,,False,Clean,True,2,REG-870366256,12123.0,20714.55,20722.83,0.585,1.7094,0.832
A-000183,House,JP,Tokyo,35.70129,139.67043,B,USD,2025-10-30,31,484447.0,1994.0,0.0,4.0,4.0,1.0,2.0,779.0,4858.0,27.89,23.4,Mixed,B,tenant,3656.0,1.0,1.72,2.74,,,,,,,,,,,,,False,Clean,True,0,REG-350266635,130947.0,236802.76,232381.15,0.5635,1.7746,0.668
A-000184,Deposit,US,New York,40.70342,-74.01843,B,USD,2025-10-30,0,57669.0,,,,,,,,,,,,,,,,,,,,,,,,,,,317582.0,4.87,26.0,False,Clean,False,0,REG-526127861,131526.0,317582.0,304146.66,0.4324,2.3124,0.774
A-000185,Condo,US,San Jose,37.33544,-121.87456,D,USD,2025-10-30,28,178574.0,1997.0,12.0,39.0,5.0,1.0,0.0,116.0,851.0,26.46,17.94,Commercial,C,owner,2064.0,0.0,0.69,1.69,,,,,,,,,,,,,False,Clean,False,0,REG-687964014,30523.0,46562.21,46605.03,0.6549,1.5269,0.689
A-000186,Deposit,UK,London,51.51779,-0.1005,C,USD,2025-10-30,13,98964.0,,,,,,,,,,,,,,,,,,,,,,,,,,,98151.0,1.27,28.0,True,Clean,True,1,REG-853481393,44514.0,98151.0,93462.76,0.4763,2.0996,0.694
A-000187,Car,FR,Paris,48.88882,2.34916,C,USD,2025-10-30,47,45716.0,,,,,,,,,,,,,,,,,,,,2016 Ford F-150,2016.0,102716.0,4201.0,0.0,14.0,2.0,,,,False,Clean,False,1,REG-663167366,11433.0,25617.46,26316.66,0.4344,2.3018,0.694
A-000188,Condo,DE,Berlin,52.49212,13.39749,D,USD,2025-10-30,14,182046.0,2011.0,17.0,12.0,1.0,1.0,0.0,212.0,986.0,28.32,3.11,Residential,B,owner,3674.0,0.0,3.57,1.51,,,,,,,,,,,,,True,Disputed,True,2,REG-956151951,44712.0,60006.68,64690.76,0.6912,1.4468,0.663
A-000189,Land Plot,VN,Ho Chi Minh,10.78704,106.70943,D,USD,2025-10-30,27,84665.0,,,,,,,,6693.0,41.76,,Commercial,,,,,,,C,True,,,,,,,,,,,False,Clean,False,0,REG-755505083,451669.0,726898.66,703308.63,0.6422,1.5571,0.593
A-000190,Deposit,VN,Hanoi,21.00478,105.85137,C,USD,2025-10-30,12,86267.0,,,,,,,,,,,,,,,,,,,,,,,,,,,404227.0,3.44,24.0,True,Clean,True,1,REG-165905300,127373.0,404227.0,415973.81,0.3062,3.2658,0.676
A-000191,Condo,JP,Tokyo,35.69435,139.69227,B,USD,2025-10-30,45,152439.0,1980.0,23.0,9.0,5.0,1.0,1.0,101.0,762.0,6.16,7.28,Commercial,B,vacant,3213.0,0.0,0.1,1.47,,,,,,,,,,,,,False,Clean,False,0,REG-873260629,32350.0,76981.15,79463.86,0.4071,2.4564,0.78
A-000192,House,US,New York,40.70877,-74.00382,B,USD,2025-10-30,20,471293.0,2005.0,0.0,4.0,4.0,3.0,1.0,1006.0,4631.0,11.23,4.44,Industrial,C,owner,5943.0,0.0,0.23,2.32,,,,,,,,,,,,,False,Clean,True,0,REG-133241218,207313.0,267107.99,286582.44,0.7234,1.3824,0.801
A-000193,Car,US,San Jose,37.30704,-121.86064,B,USD,2025-10-30,17,43519.0,,,,,,,,,,,,,,,,,,,,2010 Mercedes Civic,2010.0,14452.0,2493.0,1.0,1.0,1.0,,,,False,Clean,True,0,REG-355101450,4312.0,13052.74,13279.99,0.3247,3.0798,0.795
A-000194,Condo,UK,London,51.48745,-0.13767,D,USD,2025-10-30,53,268957.0,1972.0,22.0,33.0,2.0,3.0,1.0,325.0,810.0,16.36,20.23,Mixed,C,vacant,892.0,0.0,3.34,1.39,,,,,,,,,,,,,True,Clean,True,2,REG-778924960,43490.0,66417.28,66117.35,0.6578,1.5203,0.692
A-000195,Condo,FR,Paris,48.83045,2.37846,A,USD,2025-10-30,43,291385.0,1982.0,20.0,31.0,2.0,2.0,0.0,198.0,188.0,26.27,16.79,Residential,C,owner,540.0,1.0,2.4,0.86,,,,,,,,,,,,,True,Pending Verification,False,0,REG-527510247,89761.0,170853.35,170934.95,0.5251,1.9043,0.786
A-000196,Shop,DE,Berlin,52.48531,13.41274,B,USD,2025-10-30,19,412530.0,2006.0,0.0,1.0,0.0,1.0,0.0,2421.0,367.0,24.54,16.84,Residential,C,tenant,2021.0,0.0,0.95,1.41,,,,,,,,,,,,,False,Clean,True,0,REG-529068674,133619.0,244881.17,261412.73,0.5111,1.9564,0.764
A-000197,Shop,VN,Ho Chi Minh,10.77829,106.66122,A,USD,2025-10-30,21,491127.0,2004.0,0.0,4.0,0.0,2.0,0.0,2883.0,2676.0,13.07,21.85,Residential,B,owner,55.0,0.0,1.82,1.68,,,,,,,,,,,,,False,Pending Verification,True,0,REG-303570000,233756.0,339180.47,350512.46,0.6669,1.4995,0.863
A-000198,Apartment,VN,Hanoi,21.00436,105.82279,A,USD,2025-10-30,39,214017.0,1986.0,16.0,25.0,5.0,1.0,2.0,376.0,567.0,7.58,18.23,Residential,B,owner,369.0,1.0,1.26,1.76,,,,,,,,,,,,,False,Clean,False,0,REG-507631296,80984.0,131923.61,128980.36,0.6279,1.5927,0.734
A-000199,House,JP,Tokyo,35.71089,139.67654,B,USD,2025-10-30,36,300846.0,1989.0,0.0,3.0,3.0,3.0,1.0,1723.0,2393.0,11.55,14.88,Industrial,A,tenant,4113.0,0.0,2.76,1.02,,,,,,,,,,,,,False,Pending Verification,False,1,REG-661926019,116803.0,149834.11,148344.53,0.7874,1.27,0.843
A-000200,Condo,US,New York,40.71794,-74.04573,B,USD,2025-10-30,50,172101.0,1975.0,11.0,24.0,1.0,1.0,1.0,326.0,144.0,22.36,5.2,Commercial,C,owner,5324.0,0.0,3.09,0.45,,,,,,,,,,,,,True,Clean,False,2,REG-430068788,36426.0,84969.89,76958.24,0.4733,2.1127,0.811
A-000201,Apartment,US,San Jose,37.32109,-121.86297,A,USD,2025-10-30,0,106445.0,2025.0,23.0,6.0,0.0,3.0,1.0,158.0,717.0,27.78,22.25,Mixed,E,owner,2781.0,0.0,0.94,1.87,,,,,,,,,,,,,False,Pending Verification,True,0,REG-286144175,56129.0,88861.18,87880.79,0.6387,1.5657,0.893
A-000202,Shop,UK,London,51.51966,-0.1725,B,USD,2025-10-30,25,243177.0,2000.0,0.0,4.0,0.0,2.0,2.0,2132.0,1236.0,13.73,21.05,Industrial,D,vacant,3164.0,0.0,3.56,0.96,,,,,,,,,,,,,False,Clean,False,1,REG-273082635,69416.0,140751.72,139268.77,0.4984,2.0063,0.792
A-000203,House,FR,Paris,48.87708,2.35462,B,USD,2025-10-30,55,144785.0,1970.0,0.0,2.0,1.0,2.0,0.0,1637.0,3756.0,7.61,27.57,Mixed,C,tenant,1412.0,0.0,2.3,2.68,,,,,,,,,,,,,True,Clean,True,2,REG-344753236,42695.0,68361.99,77725.89,0.5493,1.8205,0.766
A-000204,House,DE,Berlin,52.53182,13.39516,C,USD,2025-10-30,12,402538.0,2013.0,0.0,1.0,5.0,3.0,2.0,928.0,641.0,28.93,28.5,Commercial,C,owner,278.0,0.0,0.91,1.53,,,,,,,,,,,,,False,Clean,False,2,REG-389768370,88252.0,192787.5,192956.55,0.4574,2.1864,0.738
A-000205,Shop,VN,Ho Chi Minh,10.75576,106.67443,B,USD,2025-10-30,8,558898.0,2017.0,0.0,5.0,0.0,2.0,0.0,2973.0,2647.0,9.12,5.06,Industrial,A,owner,1213.0,0.0,1.59,0.99,,,,,,,,,,,,,False,Clean,False,0,REG-162683482,158046.0,378906.19,334578.93,0.4724,2.117,0.764
A-000206,Land Plot,VN,Hanoi,21.03255,105.80803,D,USD,2025-10-30,4,340872.0,,,,,,,,2629.0,18.07,,Residential,,,,,,,A,False,,,,,,,,,,,False,Pending Verification,True,1,REG-747901866,550876.0,1172498.16,1111068.63,0.4958,2.0169,0.666
A-000207,Condo,JP,Tokyo,35.70705,139.73845,B,USD,2025-10-30,9,175754.0,2016.0,4.0,10.0,3.0,1.0,0.0,398.0,172.0,28.17,4.16,Commercial,C,owner,3390.0,1.0,2.79,0.06,,,,,,,,,,,,,False,Clean,False,0,REG-817713279,48863.0,106819.92,110853.72,0.4408,2.2687,0.751
A-000208,Land Plot,US,New York,40.73198,-74.00207,C,USD,2025-10-30,10,161372.0,,,,,,,,6190.0,35.04,,Industrial,,,,,,,A,False,,,,,,,,,,,True,Disputed,False,0,REG-559789433,1225873.0,1694560.13,1690273.96,0.7253,1.3788,0.754
A-000209,House,US,San Jose,37.3006,-121.89111,A,USD,2025-10-30,39,211766.0,1986.0,0.0,2.0,1.0,2.0,1.0,303.0,3610.0,28.69,21.06,Residential,B,tenant,3282.0,0.0,2.52,0.84,,,,,,,,,,,,,True,Clean,True,1,REG-333818420,102875.0,131318.03,124460.5,0.8266,1.2098,0.849
A-000210,Deposit,UK,London,51.47931,-0.15127,C,USD,2025-10-30,52,62492.0,,,,,,,,,,,,,,,,,,,,,,,,,,,386936.0,4.06,15.0,True,Clean,False,1,REG-919080705,197271.0,386936.0,401934.2,0.4908,2.0375,0.658
A-000211,Deposit,FR,Paris,48.85285,2.32264,A,USD,2025-10-30,16,95147.0,,,,,,,,,,,,,,,,,,,,,,,,,,,367342.0,2.2,18.0,False,Clean,False,0,REG-401309427,279771.0,367342.0,361741.46,0.7734,1.293,0.904
A-000212,Land Plot,DE,Berlin,52.53204,13.39642,A,USD,2025-10-30,9,111130.0,,,,,,,,1650.0,37.51,,Commercial,,,,,,,B,False,,,,,,,,,,,True,Clean,True,0,REG-267809763,271773.0,607288.51,621550.58,0.4373,2.287,0.897
A-000213,Car,VN,Ho Chi Minh,10.80333,106.70723,A,USD,2025-10-30,29,38707.0,,,,,,,,,,,,,,,,,,,,2015 BMW C-Class,2015.0,207796.0,4115.0,0.0,11.0,2.0,,,,True,Clean,True,1,REG-923793873,13120.0,17909.61,17114.97,0.7666,1.3045,0.888
A-000214,Deposit,VN,Hanoi,21.00712,105.85269,D,USD,2025-10-30,2,160443.0,,,,,,,,,,,,,,,,,,,,,,,,,,,404791.0,4.89,18.0,False,Pending Verification,False,1,REG-237309043,305337.0,404791.0,449294.69,0.6796,1.4715,0.655
A-000215,Apartment,JP,Tokyo,35.67652,139.69184,A,USD,2025-10-30,42,109260.0,1983.0,20.0,25.0,2.0,1.0,1.0,323.0,33.0,13.96,15.81,Commercial,A,tenant,1531.0,1.0,2.38,1.89,,,,,,,,,,,,,False,Clean,False,2,REG-782826118,19690.0,64950.91,65746.36,0.2995,3.3391,0.739
A-000216,Land Plot,US,New York,40.69696,-74.02257,B,USD,2025-10-30,38,42029.0,,,,,,,,2036.0,6.07,,Agricultural,,,,,,,B,False,,,,,,,,,,,True,Disputed,False,0,REG-247368563,156156.0,199942.72,191698.85,0.8146,1.2276,0.874
A-000217,Condo,US,San Jose,37.33209,-121.9002,C,USD,2025-10-30,53,128532.0,1972.0,18.0,31.0,0.0,3.0,2.0,155.0,484.0,27.89,24.78,Industrial,B,owner,624.0,1.0,2.55,0.21,,,,,,,,,,,,,False,Pending Verification,True,1,REG-711473901,21571.0,49036.99,48498.41,0.4448,2.2483,0.569
A-000218,Land Plot,UK,London,51.50342,-0.13556,A,USD,2025-10-30,5,257338.0,,,,,,,,287.0,46.31,,Industrial,,,,,,,A,True,,,,,,,,,,,True,Clean,False,2,REG-195233074,87082.0,217030.87,208255.98,0.4181,2.3915,0.873
A-000219,Apartment,FR,Paris,48.88254,2.36949,C,USD,2025-10-30,58,123478.0,1967.0,17.0,19.0,1.0,1.0,0.0,305.0,334.0,7.97,8.9,Industrial,C,owner,5236.0,1.0,1.93,0.36,,,,,,,,,,,,,False,Clean,False,0,REG-272384249,31712.0,46194.45,43863.59,0.723,1.3832,0.576
A-000220,Land Plot,DE,Berlin,52.51708,13.47908,C,USD,2025-10-30,27,218253.0,,,,,,,,4255.0,19.48,,Industrial,,,,,,,C,False,,,,,,,,,,,True,Clean,True,0,REG-528656088,942217.0,1345832.11,1289384.14,0.7307,1.3685,0.673
A-000221,Apartment,VN,Ho Chi Minh,10.76881,106.70722,C,USD,2025-10-30,30,242551.0,1995.0,23.0,11.0,3.0,3.0,2.0,357.0,434.0,25.24,21.52,Commercial,C,owner,2986.0,1.0,2.61,1.26,,,,,,,,,,,,,True,Clean,False,1,REG-518651321,37738.0,92998.23,94904.39,0.3976,2.5148,0.604
A-000222,Shop,VN,Hanoi,21.00429,105.86409,A,USD,2025-10-30,7,176503.0,2018.0,0.0,5.0,0.0,2.0,0.0,2717.0,4556.0,9.63,29.85,Mixed,A,owner,3628.0,0.0,3.28,0.53,,,,,,,,,,,,,True,Clean,False,1,REG-803388880,86100.0,144793.78,147098.11,0.5853,1.7085,0.913
A-000223,Apartment,JP,Tokyo,35.64022,139.70081,D,USD,2025-10-30,23,174097.0,2002.0,5.0,14.0,4.0,3.0,0.0,260.0,25.0,24.75,9.98,Industrial,D,owner,2666.0,0.0,3.21,1.58,,,,,,,,,,,,,False,Clean,False,0,REG-213062540,36833.0,51724.4,53127.47,0.6933,1.4424,0.654
A-000224,Car,US,New York,40.69621,-74.00162,A,USD,2025-10-30,55,66202.0,,,,,,,,,,,,,,,,,,,,2011 Hyundai Sportage,2011.0,84157.0,1218.0,0.0,0.0,3.0,,,,False,Clean,False,2,REG-307470846,6328.0,20254.01,20174.28,0.3137,3.1881,0.927
A-000225,Shop,US,San Jose,37.32303,-121.91097,D,USD,2025-10-30,31,438457.0,1994.0,0.0,5.0,0.0,2.0,0.0,2999.0,416.0,21.05,4.4,Commercial,C,vacant,5354.0,0.0,0.26,2.09,,,,,,,,,,,,,False,Clean,False,2,REG-755107471,73305.0,116407.16,122920.65,0.5964,1.6768,0.669
A-000226,House,UK,London,51.48198,-0.10264,C,USD,2025-10-30,52,165154.0,1973.0,0.0,3.0,3.0,1.0,0.0,2824.0,2985.0,8.41,22.54,Industrial,D,owner,1171.0,1.0,1.62,0.43,,,,,,,,,,,,,False,Clean,False,0,REG-355605234,47792.0,63081.3,61618.61,0.7756,1.2893,0.574
A-000227,Land Plot,FR,Paris,48.89385,2.33572,B,USD,2025-10-30,2,162955.0,,,,,,,,4403.0,14.92,,Commercial,,,,,,,C,False,,,,,,,,,,,False,Clean,True,0,REG-688055678,1254059.0,1794066.06,1944549.58,0.6449,1.5506,0.757
A-000228,Condo,DE,Berlin,52.51113,13.43192,C,USD,2025-10-30,45,124320.0,1980.0,12.0,15.0,3.0,1.0,2.0,303.0,226.0,10.68,23.93,Residential,C,owner,1739.0,0.0,1.95,1.69,,,,,,,,,,,,,True,Clean,True,0,REG-887520985,18827.0,45454.12,43827.19,0.4296,2.3279,0.701
A-000229,Land Plot,VN,Ho Chi Minh,10.78233,106.68134,A,USD,2025-10-30,49,67028.0,,,,,,,,3013.0,36.67,,Residential,,,,,,,C,True,,,,,,,,,,,False,Clean,True,2,REG-820577389,218611.0,487761.24,466909.82,0.4682,2.1358,0.835
A-000230,Condo,VN,Hanoi,21.02058,105.835,A,USD,2025-10-30,29,149787.0,1996.0,14.0,29.0,0.0,1.0,2.0,238.0,973.0,20.99,20.83,Commercial,B,owner,3167.0,0.0,0.97,0.6,,,,,,,,,,,,,False,Clean,True,0,REG-544856436,41089.0,88633.08,97295.6,0.4223,2.3679,0.851
A-000231,Car,JP,Tokyo,35.68678,139.68261,C,USD,2025-10-30,55,23110.0,,,,,,,,,,,,,,,,,,,,2010 Hyundai Civic,2010.0,14922.0,4278.0,0.0,7.0,2.0,,,,True,Clean,True,0,REG-915055656,6742.0,8587.96,7937.95,0.8493,1.1774,0.731
A-000232,Land Plot,US,New York,40.70055,-74.03649,D,USD,2025-10-30,17,313202.0,,,,,,,,4296.0,33.87,,Agricultural,,,,,,,D,True,,,,,,,,,,,True,Clean,False,0,REG-788599488,560010.0,1285329.41,1367651.18,0.4095,2.4422,0.637
A-000233,Apartment,US,San Jose,37.31676,-121.88499,A,USD,2025-10-30,27,81349.0,1998.0,4.0,18.0,2.0,3.0,1.0,347.0,187.0,23.66,11.68,Mixed,C,vacant,3533.0,1.0,3.43,1.09,,,,,,,,,,,,,False,Clean,True,1,REG-808530061,33089.0,48547.52,46443.35,0.7125,1.4036,0.74
A-000234,Apartment,UK,London,51.50623,-0.11266,D,USD,2025-10-30,58,195836.0,1967.0,21.0,10.0,5.0,2.0,2.0,313.0,639.0,21.0,16.0,Commercial,C,owner,122.0,0.0,2.38,2.73,,,,,,,,,,,,,False,Clean,True,0,REG-751772530,36663.0,46127.38,42903.85,0.8545,1.1702,0.623
A-000235,Land Plot,FR,Paris,48.81684,2.34926,C,USD,2025-10-30,14,30603.0,,,,,,,,3818.0,18.77,,Industrial,,,,,,,C,True,,,,,,,,,,,False,Clean,False,0,REG-714948952,65593.0,210071.95,216267.5,0.3033,3.2971,0.774
A-000236,Deposit,DE,Berlin,52.50756,13.40464,C,USD,2025-10-30,12,20776.0,,,,,,,,,,,,,,,,,,,,,,,,,,,320471.0,3.67,21.0,False,Clean,False,2,REG-779523738,144763.0,320471.0,320278.24,0.452,2.2124,0.675
A-000237,Car,VN,Ho Chi Minh,10.76366,106.70596,C,USD,2025-10-30,4,49223.0,,,,,,,,,,,,,,,,,,,,2020 Hyundai Elantra,2020.0,236783.0,3971.0,1.0,10.0,3.0,,,,False,Clean,True,0,REG-631280656,22562.0,29830.21,30172.35,0.7478,1.3373,0.761
A-000238,Deposit,VN,Hanoi,21.05388,105.81899,B,USD,2025-10-30,26,72357.0,,,,,,,,,,,,,,,,,,,,,,,,,,,99089.0,2.32,3.0,False,Clean,False,2,REG-882156485,60597.0,99089.0,96718.15,0.6265,1.5961,0.873
A-000239,House,JP,Tokyo,35.68481,139.68,B,USD,2025-10-30,51,283705.0,1974.0,0.0,2.0,0.0,3.0,2.0,1433.0,4064.0,11.46,6.67,Commercial,C,owner,3861.0,0.0,2.95,1.85,,,,,,,,,,,,,True,Clean,True,1,REG-237609371,52968.0,149359.64,141471.62,0.3744,2.6709,0.778
A-000240,Condo,US,New York,40.7115,-73.98921,B,USD,2025-10-30,3,269159.0,2022.0,9.0,3.0,4.0,1.0,0.0,392.0,220.0,9.22,3.03,Residential,A,owner,2842.0,0.0,2.69,2.05,,,,,,,,,,,,,False,Clean,True,1,REG-964054727,140310.0,194280.86,199766.48,0.7024,1.4238,0.77
A-000241,Shop,US,San Jose,37.28612,-121.86514,D,USD,2025-10-30,17,595984.0,2008.0,0.0,5.0,0.0,2.0,1.0,1397.0,883.0,19.06,14.03,Residential,D,owner,2350.0,1.0,1.69,1.72,,,,,,,,,,,,,False,Clean,False,0,REG-240107677,74437.0,168935.9,173169.5,0.4299,2.3264,0.497
A-000242,Apartment,UK,London,51.50358,-0.10716,D,USD,2025-10-30,45,137738.0,1980.0,18.0,31.0,5.0,1.0,1.0,34.0,285.0,15.78,26.13,Mixed,C,owner,4371.0,0.0,2.76,0.92,,,,,,,,,,,,,False,Pending Verification,True,0,REG-407765853,18926.0,35097.16,34579.1,0.5473,1.8271,0.673
A-000243,Deposit,FR,Paris,48.87012,2.38003,B,USD,2025-10-30,48,35069.0,,,,,,,,,,,,,,,,,,,,,,,,,,,255432.0,1.42,17.0,True,Clean,False,2,REG-367244863,120871.0,255432.0,260075.22,0.4648,2.1517,0.785
A-000244,Condo,DE,Berlin,52.51281,13.41661,A,USD,2025-10-30,20,121210.0,2005.0,11.0,18.0,1.0,2.0,2.0,125.0,966.0,5.82,12.09,Industrial,D,owner,357.0,0.0,1.58,0.67,,,,,,,,,,,,,True,Clean,False,1,REG-555950025,33109.0,79144.59,75176.53,0.4404,2.2706,0.92
A-000245,Deposit,VN,Ho Chi Minh,10.75788,106.69916,C,USD,2025-10-30,46,115891.0,,,,,,,,,,,,,,,,,,,,,,,,,,,150103.0,0.89,10.0,True,Clean,False,0,REG-509322184,78292.0,150103.0,136894.62,0.5719,1.7485,0.759
A-000246,Apartment,VN,Hanoi,21.00207,105.81644,B,USD,2025-10-30,12,172631.0,2013.0,12.0,17.0,3.0,3.0,1.0,49.0,915.0,17.04,16.6,Mixed,D,tenant,969.0,0.0,2.17,1.01,,,,,,,,,,,,,False,Clean,False,1,REG-931712182,66905.0,102191.0,99901.6,0.6697,1.4932,0.803
A-000247,Car,JP,Tokyo,35.66265,139.69141,A,USD,2025-10-30,16,55118.0,,,,,,,,,,,,,,,,,,,,2020 Ford CX-5,2020.0,164804.0,4491.0,1.0,3.0,2.0,,,,False,Clean,False,0,REG-778179469,16882.0,36745.97,32041.13,0.5269,1.8979,0.912
A-000248,Land Plot,US,New York,40.71303,-74.00449,D,USD,2025-10-30,11,195228.0,,,,,,,,3864.0,51.35,,Industrial,,,,,,,B,True,,,,,,,,,,,False,Clean,False,0,REG-999285763,272702.0,844196.55,814271.51,0.3349,2.9859,0.678
A-000249,Shop,US,San Jose,37.3361,-121.90186,B,USD,2025-10-30,40,712086.0,1985.0,0.0,3.0,0.0,1.0,2.0,1999.0,2185.0,4.41,9.38,Industrial,C,tenant,3003.0,0.0,2.27,1.78,,,,,,,,,,,,,True,Clean,False,1,REG-285280967,170860.0,340982.29,327227.98,0.5221,1.9152,0.805
A-000250,Deposit,UK,London,51.50853,-0.13122,C,USD,2025-10-30,10,106341.0,,,,,,,,,,,,,,,,,,,,,,,,,,,341407.0,0.91,30.0,False,Clean,False,1,REG-766131586,104257.0,341407.0,294538.41,0.354,2.8251,0.674
A-000251,Apartment,FR,Paris,48.85287,2.35494,B,USD,2025-10-30,7,191505.0,2018.0,11.0,6.0,4.0,3.0,0.0,100.0,370.0,24.95,6.38,Industrial,A,vacant,3117.0,0.0,1.95,0.98,,,,,,,,,,,,,True,Clean,False,0,REG-224109623,97632.0,131384.01,130149.01,0.7502,1.3331,0.848
A-000252,Shop,DE,Berlin,52.49539,13.38899,B,USD,2025-10-30,26,494391.0,1999.0,0.0,2.0,0.0,2.0,2.0,774.0,2955.0,17.5,17.97,Mixed,C,owner,1331.0,1.0,2.3,2.49,,,,,,,,,,,,,True,Clean,True,1,REG-414416814,186578.0,255613.24,269157.6,0.6932,1.4426,0.668
A-000253,House,VN,Ho Chi Minh,10.81202,106.704,D,USD,2025-10-30,31,222111.0,1994.0,0.0,4.0,4.0,1.0,1.0,228.0,1166.0,17.17,27.0,Industrial,C,owner,4754.0,1.0,2.07,0.05,,,,,,,,,,,,,False,Clean,False,0,REG-497895664,22419.0,62131.24,63930.78,0.3507,2.8516,0.506
A-000254,Condo,VN,Hanoi,20.95779,105.85466,B,USD,2025-10-30,22,247253.0,2003.0,3.0,27.0,3.0,3.0,0.0,177.0,989.0,8.18,10.45,Commercial,D,tenant,1140.0,0.0,0.67,2.78,,,,,,,,,,,,,True,Clean,True,0,REG-833412032,87242.0,128514.25,128945.94,0.6766,1.478,0.85
A-000255,Condo,JP,Tokyo,35.6792,139.6935,B,USD,2025-10-30,11,173719.0,2014.0,21.0,15.0,0.0,1.0,1.0,260.0,983.0,17.82,24.62,Residential,C,tenant,3571.0,0.0,0.11,0.15,,,,,,,,,,,,,False,Clean,True,1,REG-574745967,49005.0,118400.26,108842.51,0.4502,2.221,0.858
A-000256,Car,US,New York,40.66971,-74.03036,C,USD,2025-10-30,34,20840.0,,,,,,,,,,,,,,,,,,,,2013 Honda CX-5,2013.0,7263.0,1021.0,0.0,5.0,2.0,,,,False,Clean,False,0,REG-537722580,2544.0,7586.09,7509.78,0.3388,2.952,0.76
A-000257,Apartment,US,San Jose,37.30476,-121.89469,B,USD,2025-10-30,6,234812.0,2019.0,19.0,9.0,3.0,1.0,2.0,85.0,244.0,12.65,20.09,Commercial,B,vacant,1508.0,0.0,2.1,0.25,,,,,,,,,,,,,True,Clean,False,0,REG-922604233,95232.0,159318.27,151024.77,0.6306,1.5859,0.775
A-000258,Shop,UK,London,51.51157,-0.10954,B,USD,2025-10-30,9,760121.0,2016.0,0.0,1.0,0.0,2.0,1.0,1982.0,3888.0,20.92,21.95,Mixed,B,tenant,2417.0,0.0,0.9,0.53,,,,,,,,,,,,,False,Clean,False,1,REG-674988776,271366.0,499427.15,530770.16,0.5113,1.9559,0.807
A-000259,Condo,FR,Paris,48.85109,2.30836,D,USD,2025-10-30,47,181325.0,1978.0,11.0,13.0,4.0,2.0,1.0,34.0,110.0,26.14,4.25,Residential,C,tenant,1418.0,0.0,2.1,0.18,,,,,,,,,,,,,False,Clean,True,0,REG-648278814,20860.0,49624.21,48786.86,0.4276,2.3388,0.618
A-000260,Land Plot,DE,Berlin,52.4937,13.3817,B,USD,2025-10-30,58,328467.0,,,,,,,,1850.0,28.19,,Commercial,,,,,,,A,True,,,,,,,,,,,False,Clean,True,0,REG-675972661,748590.0,1711680.01,1654486.79,0.4525,2.2101,0.821
A-000261,Shop,VN,Ho Chi Minh,10.79399,106.68093,A,USD,2025-10-30,55,334396.0,1970.0,0.0,3.0,0.0,2.0,1.0,182.0,1838.0,11.18,16.59,Commercial,B,tenant,1765.0,1.0,0.18,2.1,,,,,,,,,,,,,True,Clean,False,0,REG-289629910,86406.0,181909.04,187447.18,0.461,2.1694,0.751
A-000262,Land Plot,VN,Hanoi,21.00673,105.85253,A,USD,2025-10-30,59,184035.0,,,,,,,,6006.0,20.98,,Agricultural,,,,,,,B,False,,,,,,,,,,,True,Clean,True,1,REG-805533881,1423949.0,2953157.22,2548750.18,0.5587,1.7899,0.897
A-000263,Deposit,JP,Tokyo,35.6676,139.69296,C,USD,2025-10-30,1,264426.0,,,,,,,,,,,,,,,,,,,,,,,,,,,311057.0,5.04,10.0,True,Clean,True,1,REG-707677638,118933.0,311057.0,317121.99,0.375,2.6664,0.716
A-000264,Land Plot,US,New York,40.70011,-73.99345,C,USD,2025-10-30,1,372764.0,,,,,,,,1490.0,47.17,,Industrial,,,,,,,A,False,,,,,,,,,,,True,Pending Verification,True,0,REG-205033322,484346.0,1068214.89,1052219.13,0.4603,2.1725,0.722
A-000265,Land Plot,US,San Jose,37.34857,-121.88531,B,USD,2025-10-30,17,374124.0,,,,,,,,1450.0,17.07,,Commercial,,,,,,,C,False,,,,,,,,,,,False,Disputed,False,1,REG-262034826,399984.0,1220597.23,1195011.03,0.3347,2.9876,0.782
A-000266,House,UK,London,51.47619,-0.10233,B,USD,2025-10-30,50,149552.0,1975.0,0.0,5.0,4.0,2.0,1.0,2689.0,3867.0,21.12,5.38,Commercial,C,owner,610.0,0.0,1.95,2.01,,,,,,,,,,,,,True,Pending Verification,False,0,REG-390101477,32578.0,72253.8,66287.8,0.4915,2.0347,0.868
A-000267,Land Plot,FR,Paris,48.84351,2.35752,C,USD,2025-10-30,7,356245.0,,,,,,,,2694.0,44.4,,Agricultural,,,,,,,C,True,,,,,,,,,,,False,Clean,False,1,REG-324407025,502005.0,1296515.79,1367510.02,0.3671,2.7241,0.678
A-000268,Car,DE,Berlin,52.51964,13.40454,C,USD,2025-10-30,40,27200.0,,,,,,,,,,,,,,,,,,,,2010 Toyota Elantra,2010.0,85746.0,1059.0,0.0,6.0,3.0,,,,False,Clean,True,0,REG-320039089,4451.0,6947.45,7371.23,0.6038,1.6561,0.736
A-000269,Apartment,VN,Ho Chi Minh,10.81828,106.69445,B,USD,2025-10-30,15,197878.0,2010.0,5.0,33.0,1.0,1.0,1.0,163.0,170.0,4.51,4.41,Commercial,A,owner,5579.0,1.0,0.56,2.82,,,,,,,,,,,,,True,Clean,False,1,REG-993642965,63062.0,120263.6,120256.56,0.5244,1.907,0.66
A-000270,Land Plot,VN,Hanoi,21.01494,105.86151,A,USD,2025-10-30,25,207790.0,,,,,,,,6406.0,12.57,,Commercial,,,,,,,A,False,,,,,,,,,,,False,Clean,True,0,REG-192638191,2500453.0,3571442.77,3525000.34,0.7093,1.4097,0.879
A-000271,Condo,JP,Tokyo,35.67624,139.6853,C,USD,2025-10-30,33,147462.0,1992.0,4.0,38.0,1.0,1.0,0.0,363.0,261.0,15.98,20.63,Residential,B,owner,3056.0,0.0,3.37,1.41,,,,,,,,,,,,,True,Clean,False,1,REG-673550298,37796.0,55923.26,55959.76,0.6754,1.4806,0.727
A-000272,Deposit,US,New York,40.69921,-74.01647,A,USD,2025-10-30,50,116855.0,,,,,,,,,,,,,,,,,,,,,,,,,,,135636.0,2.3,4.0,True,Clean,True,0,REG-897096626,99682.0,135636.0,136400.25,0.7308,1.3684,0.889
A-000273,Land Plot,US,San Jose,37.34004,-121.91608,D,USD,2025-10-30,34,373739.0,,,,,,,,5774.0,14.78,,Industrial,,,,,,,D,True,,,,,,,,,,,True,Clean,True,1,REG-925574214,1786531.0,2252647.8,2246651.16,0.7952,1.2575,0.604
A-000274,Deposit,UK,London,51.50354,-0.1381,B,USD,2025-10-30,26,167167.0,,,,,,,,,,,,,,,,,,,,,,,,,,,432705.0,4.17,34.0,False,Clean,True,0,REG-670271464,256051.0,432705.0,412010.97,0.6215,1.6091,0.784
A-000275,Deposit,FR,Paris,48.85623,2.39231,C,USD,2025-10-30,9,13554.0,,,,,,,,,,,,,,,,,,,,,,,,,,,186181.0,5.99,23.0,False,Clean,True,1,REG-401901332,83274.0,186181.0,176153.03,0.4727,2.1153,0.689
A-000276,House,DE,Berlin,52.51997,13.4122,B,USD,2025-10-30,2,274616.0,2023.0,0.0,4.0,1.0,2.0,0.0,2395.0,3200.0,26.46,4.11,Commercial,B,tenant,871.0,0.0,0.81,0.12,,,,,,,,,,,,,False,Clean,True,0,REG-926148250,88806.0,209756.33,205625.16,0.4319,2.3154,0.798
A-000277,Shop,VN,Ho Chi Minh,10.7876,106.7148,C,USD,2025-10-30,41,177520.0,1984.0,0.0,4.0,0.0,2.0,2.0,1772.0,4257.0,5.8,22.53,Commercial,C,tenant,4579.0,0.0,2.39,1.24,,,,,,,,,,,,,False,Clean,True,2,REG-405715352,49176.0,65379.28,68216.34,0.7209,1.3872,0.726
A-000278,House,VN,Hanoi,21.0609,105.82748,C,USD,2025-10-30,54,302930.0,1971.0,0.0,5.0,2.0,3.0,0.0,1317.0,1993.0,25.53,11.52,Mixed,B,vacant,4939.0,0.0,3.05,1.46,,,,,,,,,,,,,False,Clean,True,0,REG-816221903,68064.0,103004.5,111808.98,0.6088,1.6427,0.754
A-000279,Condo,JP,Tokyo,35.65489,139.69974,A,USD,2025-10-30,5,131607.0,2020.0,5.0,16.0,2.0,1.0,2.0,104.0,561.0,14.08,29.42,Residential,B,owner,2782.0,0.0,3.11,0.7,,,,,,,,,,,,,False,Clean,False,1,REG-695578830,46805.0,116837.45,117557.81,0.3981,2.5117,0.848
A-000280,House,US,New York,40.7012,-73.97049,B,USD,2025-10-30,53,221706.0,1972.0,0.0,1.0,4.0,3.0,0.0,1805.0,1008.0,22.91,15.65,Commercial,E,owner,187.0,0.0,2.1,2.37,,,,,,,,,,,,,False,Clean,False,1,REG-836301625,74635.0,97405.16,99340.25,0.7513,1.331,0.869
A-000281,House,US,San Jose,37.32381,-121.87023,C,USD,2025-10-30,19,282234.0,2006.0,0.0,2.0,4.0,1.0,0.0,1549.0,4163.0,9.31,28.49,Mixed,B,tenant,933.0,0.0,3.33,0.35,,,,,,,,,,,,,False,Clean,False,1,REG-692229078,61170.0,128503.54,124295.72,0.4921,2.032,0.708
A-000282,Deposit,UK,London,51.50043,-0.08744,C,USD,2025-10-30,10,61691.0,,,,,,,,,,,,,,,,,,,,,,,,,,,19144.0,1.56,24.0,True,Pending Verification,False,1,REG-577359584,6351.0,19144.0,20199.28,0.3144,3.1805,0.668
A-000283,Apartment,FR,Paris,48.87785,2.3563,C,USD,2025-10-30,31,194163.0,1994.0,3.0,15.0,3.0,2.0,0.0,251.0,944.0,9.4,21.44,Residential,B,tenant,769.0,0.0,1.17,1.2,,,,,,,,,,,,,False,Clean,False,0,REG-940503567,50120.0,67555.17,66105.13,0.7582,1.3189,0.761
A-000284,Car,DE,Berlin,52.50997,13.41275,C,USD,2025-10-30,50,26022.0,,,,,,,,,,,,,,,,,,,,2017 Kia CX-5,2017.0,66374.0,4202.0,0.0,14.0,1.0,,,,True,Clean,False,2,REG-313428576,6996.0,12642.53,13209.78,0.5296,1.8882,0.73
A-000285,Apartment,VN,Ho Chi Minh,10.77367,106.69498,C,USD,2025-10-30,5,159574.0,2020.0,18.0,13.0,2.0,1.0,0.0,392.0,620.0,9.01,6.93,Residential,C,owner,1715.0,0.0,1.36,0.54,,,,,,,,,,,,,False,Clean,True,1,REG-583468438,40739.0,89897.5,95182.06,0.428,2.3364,0.696
A-000286,Land Plot,VN,Hanoi,21.01376,105.85463,C,USD,2025-10-30,44,30389.0,,,,,,,,792.0,35.23,,Agricultural,,,,,,,B,False,,,,,,,,,,,True,Clean,False,0,REG-432451200,19032.0,42767.71,45677.85,0.4167,2.4001,0.73
A-000287,Car,JP,Tokyo,35.69225,139.70917,B,USD,2025-10-30,17,62135.0,,,,,,,,,,,,,,,,,,,,2023 BMW C-Class,2023.0,86556.0,2193.0,0.0,10.0,1.0,,,,True,Clean,False,1,REG-695879440,20345.0,52526.07,49672.5,0.4096,2.4415,0.785
A-000288,Shop,US,New York,40.69123,-74.02349,A,USD,2025-10-30,41,475801.0,1984.0,0.0,2.0,0.0,2.0,2.0,1018.0,101.0,29.54,21.27,Residential,D,tenant,2809.0,0.0,2.16,1.04,,,,,,,,,,,,,True,Clean,True,1,REG-116875527,225151.0,290407.72,279874.72,0.8045,1.2431,0.865
A-000289,Car,US,San Jose,37.36549,-121.87752,C,USD,2025-10-30,34,20735.0,,,,,,,,,,,,,,,,,,,,2020 Hyundai Sportage,2020.0,13348.0,2436.0,0.0,7.0,2.0,,,,False,Clean,True,0,REG-921494621,9603.0,12827.81,12521.05,0.7669,1.3039,0.721
A-000290,Land Plot,UK,London,51.50538,-0.14122,B,USD,2025-10-30,42,320144.0,,,,,,,,2337.0,40.84,,Commercial,,,,,,,A,True,,,,,,,,,,,True,Clean,True,0,REG-507144492,1310653.0,1825889.16,2000151.14,0.6553,1.5261,0.763
A-000291,Car,FR,Paris,48.84556,2.34491,C,USD,2025-10-30,44,45156.0,,,,,,,,,,,,,,,,,,,,2022 Toyota Civic,2022.0,162293.0,2048.0,0.0,10.0,1.0,,,,False,Clean,True,1,REG-407997532,11319.0,31741.12,30562.78,0.3704,2.7001,0.687
A-000292,Apartment,DE,Berlin,52.50973,13.38549,B,USD,2025-10-30,16,185861.0,2009.0,20.0,9.0,4.0,2.0,2.0,55.0,990.0,8.75,26.85,Commercial,B,tenant,1134.0,0.0,2.68,1.71,,,,,,,,,,,,,True,Clean,True,1,REG-438003677,42894.0,116995.8,108747.86,0.3944,2.5353,0.805
A-000293,Land Plot,VN,Ho Chi Minh,10.77545,106.69925,B,USD,2025-10-30,53,160251.0,,,,,,,,5277.0,50.78,,Agricultural,,,,,,,C,True,,,,,,,,,,,False,Clean,True,0,REG-638964705,1032750.0,1797431.15,1809345.39,0.5708,1.752,0.863
A-000294,Car,VN,Hanoi,20.99592,105.8387,B,USD,2025-10-30,10,53567.0,,,,,,,,,,,,,,,,,,,,2019 Kia 3 Series,2019.0,208846.0,1033.0,0.0,9.0,1.0,,,,False,Disputed,True,0,REG-876948411,20149.0,35176.51,36044.88,0.559,1.7889,0.819
A-000295,Land Plot,JP,Tokyo,35.7125,139.73979,D,USD,2025-10-30,49,46357.0,,,,,,,,831.0,8.48,,Agricultural,,,,,,,B,True,,,,,,,,,,,True,Disputed,True,0,REG-411389453,35436.0,47127.51,43442.58,0.8157,1.2259,0.587
A-000296,Car,US,New York,40.70835,-74.0019,D,USD,2025-10-30,11,38468.0,,,,,,,,,,,,,,,,,,,,2023 Honda Sportage,2023.0,36734.0,1326.0,0.0,11.0,3.0,,,,True,Clean,True,0,REG-461454382,21797.0,29281.33,27828.19,0.7833,1.2767,0.686
A-000297,Deposit,US,San Jose,37.35869,-121.88214,B,USD,2025-10-30,40,232238.0,,,,,,,,,,,,,,,,,,,,,,,,,,,448879.0,1.36,19.0,True,Clean,True,2,REG-222637008,272187.0,448879.0,463082.41,0.5878,1.7013,0.865
A-000298,Shop,UK,London,51.49824,-0.14522,C,USD,2025-10-30,4,151908.0,2021.0,0.0,1.0,0.0,2.0,2.0,1265.0,4845.0,29.15,3.99,Mixed,C,tenant,2294.0,0.0,4.53,1.35,,,,,,,,,,,,,True,Disputed,True,0,REG-556004209,24966.0,76447.55,81144.54,0.3077,3.2502,0.764
A-000299,Apartment,FR,Paris,48.77222,2.36348,B,USD,2025-10-30,48,216223.0,1977.0,4.0,35.0,5.0,1.0,2.0,222.0,321.0,4.98,22.11,Residential,C,tenant,5228.0,0.0,3.75,2.1,,,,,,,,,,,,,True,Clean,True,1,REG-771645909,47714.0,113125.87,104115.53,0.4583,2.1821,0.861
A-000300,Shop,DE,Berlin,52.49139,13.42554,C,USD,2025-10-30,6,733534.0,2019.0,0.0,4.0,0.0,1.0,1.0,2001.0,2635.0,27.59,20.81,Industrial,B,tenant,2376.0,0.0,2.32,1.05,,,,,,,,,,,,,True,Clean,False,0,REG-253327501,274864.0,384332.93,391753.38,0.7016,1.4253,0.746
A-000301,Deposit,VN,Ho Chi Minh,10.77392,106.69344,C,USD,2025-10-30,14,97071.0,,,,,,,,,,,,,,,,,,,,,,,,,,,215233.0,2.43,9.0,True,Clean,True,1,REG-814419078,108698.0,215233.0,205815.38,0.5281,1.8935,0.756
A-000302,Land Plot,VN,Hanoi,21.05065,105.86742,A,USD,2025-10-30,31,322977.0,,,,,,,,3158.0,21.41,,Industrial,,,,,,,B,False,,,,,,,,,,,True,Clean,True,0,REG-572848238,1032197.0,2964408.81,2690646.23,0.3836,2.6067,0.892
A-000303,Car,JP,Tokyo,35.70289,139.70198,B,USD,2025-10-30,9,35047.0,,,,,,,,,,,,,,,,,,,,2011 Mazda F-150,2011.0,235629.0,4062.0,0.0,3.0,3.0,,,,True,Clean,False,1,REG-610665916,4662.0,14951.28,14945.37,0.3119,3.2058,0.76
A-000304,Deposit,US,New York,40.73073,-74.00055,B,USD,2025-10-30,34,18893.0,,,,,,,,,,,,,,,,,,,,,,,,,,,150794.0,4.54,24.0,False,Clean,True,0,REG-641474531,95982.0,150794.0,159444.88,0.602,1.6612,0.854
A-000305,Land Plot,US,San Jose,37.34065,-121.86259,C,USD,2025-10-30,9,58397.0,,,,,,,,1375.0,31.28,,Industrial,,,,,,,A,True,,,,,,,,,,,True,Clean,True,0,REG-525551915,70358.0,159721.68,164942.04,0.4266,2.3443,0.682
A-000306,Land Plot,UK,London,51.46362,-0.15002,A,USD,2025-10-30,57,61395.0,,,,,,,,994.0,37.37,,Agricultural,,,,,,,B,True,,,,,,,,,,,True,Clean,False,0,REG-858486055,97128.0,141057.21,117016.04,0.83,1.2048,0.931
A-000307,Deposit,FR,Paris,48.87133,2.33809,C,USD,2025-10-30,49,144812.0,,,,,,,,,,,,,,,,,,,,,,,,,,,141233.0,3.99,32.0,True,Clean,False,1,REG-818042070,86401.0,141233.0,145365.05,0.5944,1.6824,0.671
A-000308,Deposit,DE,Berlin,52.57077,13.41635,B,USD,2025-10-30,47,265935.0,,,,,,,,,,,,,,,,,,,,,,,,,,,390817.0,5.28,11.0,True,Clean,True,1,REG-681286272,208256.0,390817.0,389723.94,0.5344,1.8714,0.845
A-000309,House,VN,Ho Chi Minh,10.79072,106.68176,A,USD,2025-10-30,14,137456.0,2011.0,0.0,1.0,5.0,2.0,0.0,2571.0,1602.0,10.48,10.22,Residential,B,owner,3315.0,0.0,0.61,1.76,,,,,,,,,,,,,True,Clean,True,1,REG-889707622,69564.0,98246.3,93522.78,0.7438,1.3444,0.862
A-000310,Car,VN,Hanoi,21.00875,105.81978,B,USD,2025-10-30,30,34767.0,,,,,,,,,,,,,,,,,,,,2023 Toyota C-Class,2023.0,110405.0,1722.0,0.0,9.0,1.0,,,,True,Clean,True,0,REG-510166657,8613.0,28038.39,27752.02,0.3104,3.2221,0.815
A-000311,Apartment,JP,Tokyo,35.69015,139.70931,B,USD,2025-10-30,47,130535.0,1978.0,10.0,16.0,0.0,3.0,1.0,203.0,995.0,29.19,8.97,Industrial,B,owner,4534.0,0.0,1.99,1.58,,,,,,,,,,,,,False,Clean,True,0,REG-645687271,38998.0,61555.48,66006.26,0.5908,1.6926,0.76
A-000312,Car,US,New York,40.70927,-73.98982,B,USD,2025-10-30,27,64016.0,,,,,,,,,,,,,,,,,,,,2025 Ford Civic,2025.0,97188.0,3671.0,0.0,8.0,1.0,,,,True,Clean,False,1,REG-967041413,23629.0,65740.56,64204.51,0.368,2.7172,0.774
A-000313,Shop,US,San Jose,37.32785,-121.92298,C,USD,2025-10-30,23,644044.0,2002.0,0.0,5.0,0.0,2.0,2.0,89.0,919.0,7.13,4.58,Industrial,B,tenant,3084.0,0.0,3.16,2.11,,,,,,,,,,,,,True,Clean,True,0,REG-871516460,173896.0,235252.93,244457.41,0.7114,1.4058,0.76
A-000314,Deposit,UK,London,51.5395,-0.10206,A,USD,2025-10-30,7,90050.0,,,,,,,,,,,,,,,,,,,,,,,,,,,20110.0,5.97,15.0,False,Clean,False,0,REG-333594588,15206.0,20110.0,20689.24,0.735,1.3606,0.856
A-000315,Shop,FR,Paris,48.86868,2.35909,A,USD,2025-10-30,27,402368.0,1998.0,0.0,5.0,0.0,1.0,1.0,342.0,1641.0,17.06,14.66,Commercial,C,tenant,4623.0,0.0,2.2,1.66,,,,,,,,,,,,,True,Pending Verification,True,1,REG-575821782,173997.0,247123.76,247843.69,0.702,1.4244,0.906
A-000316,Shop,DE,Berlin,52.51412,13.40515,B,USD,2025-10-30,13,165395.0,2012.0,0.0,2.0,0.0,2.0,0.0,1040.0,4599.0,5.31,3.35,Residential,D,tenant,1097.0,0.0,0.42,0.27,,,,,,,,,,,,,False,Disputed,False,0,REG-814590343,30270.0,95632.55,98554.41,0.3071,3.2558,0.765
A-000317,Car,VN,Ho Chi Minh,10.75033,106.71326,B,USD,2025-10-30,41,9313.0,,,,,,,,,,,,,,,,,,,,2010 Toyota Civic,2010.0,155984.0,1446.0,1.0,9.0,3.0,,,,False,Clean,False,0,REG-756316880,1448.0,2339.83,2355.02,0.6149,1.6264,0.821
A-000318,House,VN,Hanoi,21.03561,105.81103,C,USD,2025-10-30,0,169115.0,2025.0,0.0,1.0,2.0,3.0,1.0,1872.0,497.0,13.95,10.05,Residential,B,tenant,5712.0,0.0,1.95,2.24,,,,,,,,,,,,,True,Pending Verification,False,0,REG-981796485,40870.0,84758.85,82412.03,0.4959,2.0164,0.696
A-000319,House,JP,Tokyo,35.66499,139.71997,B,USD,2025-10-30,17,246563.0,2008.0,0.0,4.0,1.0,3.0,0.0,834.0,1434.0,10.42,28.84,Commercial,B,owner,972.0,0.0,0.53,1.38,,,,,,,,,,,,,True,Clean,False,0,REG-192747284,95426.0,157459.21,159231.54,0.5993,1.6686,0.848
A-000320,Deposit,US,New York,40.72213,-74.06972,C,USD,2025-10-30,16,254650.0,,,,,,,,,,,,,,,,,,,,,,,,,,,217033.0,1.03,21.0,False,Clean,False,0,REG-941074714,69791.0,217033.0,217542.77,0.3208,3.1171,0.767
A-000321,Land Plot,US,San Jose,37.32041,-121.86948,B,USD,2025-10-30,38,252918.0,,,,,,,,5898.0,24.01,,Commercial,,,,,,,B,True,,,,,,,,,,,False,Disputed,True,2,REG-687142119,1704700.0,3436184.37,3325581.22,0.5126,1.9508,0.806
A-000322,Shop,UK,London,51.45595,-0.11307,B,USD,2025-10-30,58,493080.0,1967.0,0.0,2.0,0.0,2.0,1.0,2002.0,3452.0,22.93,22.43,Residential,B,tenant,4689.0,0.0,2.78,1.15,,,,,,,,,,,,,True,Clean,False,0,REG-133040968,77201.0,239701.98,237804.75,0.3246,3.0803,0.85
A-000323,Car,FR,Paris,48.83606,2.38979,B,USD,2025-10-30,11,23753.0,,,,,,,,,,,,,,,,,,,,2012 Kia F-150,2012.0,99945.0,2373.0,0.0,13.0,1.0,,,,False,Clean,False,1,REG-542976601,4673.0,6924.43,6955.61,0.6718,1.4885,0.827
A-000324,Shop,DE,Berlin,52.52708,13.42288,C,USD,2025-10-30,54,290386.0,1971.0,0.0,2.0,0.0,2.0,0.0,489.0,2866.0,6.95,16.11,Industrial,B,tenant,2816.0,0.0,1.19,0.56,,,,,,,,,,,,,False,Clean,True,0,REG-500189472,46707.0,98116.83,91383.49,0.5111,1.9565,0.705
A-000325,Deposit,VN,Ho Chi Minh,10.81624,106.68629,C,USD,2025-10-30,47,51408.0,,,,,,,,,,,,,,,,,,,,,,,,,,,91848.0,1.0,11.0,True,Clean,False,0,REG-250725314,71803.0,91848.0,96433.36,0.7446,1.343,0.7
A-000326,Shop,VN,Hanoi,21.01351,105.82583,B,USD,2025-10-30,59,573075.0,1966.0,0.0,5.0,0.0,1.0,2.0,1477.0,3590.0,27.01,6.74,Residential,A,tenant,4322.0,0.0,3.45,0.15,,,,,,,,,,,,,False,Disputed,False,1,REG-927799672,79615.0,253522.73,278855.55,0.2855,3.5026,0.782
A-000327,Car,JP,Tokyo,35.67471,139.68427,C,USD,2025-10-30,44,32448.0,,,,,,,,,,,,,,,,,,,,2010 Mercedes Elantra,2010.0,175571.0,1924.0,0.0,6.0,1.0,,,,True,Clean,True,1,REG-272249657,4561.0,8258.18,7821.06,0.5832,1.7148,0.695
A-000328,House,US,New York,40.73895,-73.97651,D,USD,2025-10-30,47,240134.0,1978.0,0.0,5.0,5.0,2.0,2.0,879.0,2217.0,9.31,16.49,Mixed,C,owner,2031.0,0.0,0.82,1.04,,,,,,,,,,,,,True,Pending Verification,True,0,REG-201982463,39645.0,60554.26,59481.09,0.6665,1.5003,0.682
A-000329,Apartment,US,San Jose,37.34573,-121.90273,B,USD,2025-10-30,29,189100.0,1996.0,15.0,39.0,1.0,1.0,1.0,301.0,865.0,6.86,19.13,Commercial,D,tenant,1105.0,0.0,1.23,1.23,,,,,,,,,,,,,True,Clean,False,1,REG-892636968,47350.0,96726.86,100816.84,0.4697,2.1292,0.795
A-000330,House,UK,London,51.49238,-0.09981,D,USD,2025-10-30,24,227945.0,2001.0,0.0,5.0,3.0,3.0,2.0,1294.0,3657.0,16.87,21.6,Mixed,D,tenant,4635.0,0.0,2.55,0.6,,,,,,,,,,,,,True,Disputed,True,0,REG-506605421,30723.0,64803.81,65274.18,0.4707,2.1246,0.642
A-000331,Land Plot,FR,Paris,48.85874,2.31739,B,USD,2025-10-30,7,289760.0,,,,,,,,3694.0,7.84,,Agricultural,,,,,,,D,False,,,,,,,,,,,True,Clean,False,0,REG-598058386,835967.0,2078294.74,2048309.86,0.4081,2.4502,0.86
A-000332,Car,DE,Berlin,52.50677,13.42808,C,USD,2025-10-30,10,17209.0,,,,,,,,,,,,,,,,,,,,2024 Ford CX-5,2024.0,40098.0,1431.0,1.0,5.0,1.0,,,,False,Clean,True,0,REG-650424947,6698.0,14579.09,14506.31,0.4617,2.1658,0.727
A-000333,Apartment,VN,Ho Chi Minh,10.77525,106.69658,C,USD,2025-10-30,12,98141.0,2013.0,1.0,4.0,3.0,1.0,0.0,69.0,724.0,29.02,8.64,Commercial,B,owner,3894.0,0.0,2.72,2.01,,,,,,,,,,,,,True,Clean,True,0,REG-383218344,22289.0,42464.95,40001.37,0.5572,1.7947,0.76
A-000334,Deposit,VN,Hanoi,20.99771,105.82033,B,USD,2025-10-30,54,16530.0,,,,,,,,,,,,,,,,,,,,,,,,,,,148997.0,2.67,6.0,True,Clean,True,0,REG-172132488,79468.0,148997.0,148406.94,0.5355,1.8675,0.804
A-000335,Car,JP,Tokyo,35.63943,139.70074,C,USD,2025-10-30,18,61645.0,,,,,,,,,,,,,,,,,,,,2023 Honda C-Class,2023.0,188151.0,2722.0,1.0,9.0,3.0,,,,False,Clean,False,1,REG-882034968,17152.0,45549.6,42632.86,0.4023,2.4856,0.711
A-000336,Apartment,US,New York,40.71148,-74.02716,B,USD,2025-10-30,59,206944.0,1966.0,18.0,19.0,0.0,3.0,2.0,216.0,91.0,9.85,22.95,Industrial,C,owner,253.0,0.0,2.99,2.88,,,,,,,,,,,,,True,Clean,False,0,REG-700565747,59695.0,98898.17,91743.15,0.6507,1.5369,0.823
A-000337,Car,US,San Jose,37.34156,-121.87899,B,USD,2025-10-30,59,61452.0,,,,,,,,,,,,,,,,,,,,2022 Hyundai Civic,2022.0,243633.0,3567.0,0.0,13.0,1.0,,,,False,Clean,True,1,REG-518722601,23012.0,53454.19,52290.47,0.4401,2.2723,0.857
A-000338,Car,UK,London,51.50479,-0.09121,A,USD,2025-10-30,14,43115.0,,,,,,,,,,,,,,,,,,,,2020 Mazda Civic,2020.0,85112.0,1910.0,1.0,8.0,3.0,,,,True,Clean,False,0,REG-436681641,8751.0,27067.16,25733.59,0.3401,2.9406,0.899
A-000339,Deposit,FR,Paris,48.86709,2.3453,A,USD,2025-10-30,38,222177.0,,,,,,,,,,,,,,,,,,,,,,,,,,,453732.0,1.66,24.0,False,Clean,True,0,REG-522500613,205077.0,453732.0,472042.29,0.4344,2.3018,0.884
A-000340,House,DE,Berlin,52.50319,13.43151,D,USD,2025-10-30,30,208434.0,1995.0,0.0,1.0,1.0,1.0,1.0,2977.0,1589.0,5.32,15.11,Industrial,B,owner,5674.0,0.0,2.13,0.67,,,,,,,,,,,,,False,Clean,False,0,REG-111606240,39176.0,51447.23,52279.33,0.7494,1.3345,0.611
A-000341,Apartment,VN,Ho Chi Minh,10.7621,106.71455,C,USD,2025-10-30,14,94327.0,2011.0,21.0,37.0,0.0,3.0,0.0,77.0,380.0,26.21,6.9,Industrial,B,tenant,5252.0,0.0,0.73,0.38,,,,,,,,,,,,,True,Clean,False,2,REG-420566599,26786.0,45584.43,45639.3,0.5869,1.7038,0.729
A-000342,House,VN,Hanoi,21.01638,105.85674,B,USD,2025-10-30,13,357410.0,2012.0,0.0,1.0,2.0,3.0,2.0,1278.0,4847.0,28.96,25.16,Mixed,C,owner,3610.0,0.0,1.9,1.17,,,,,,,,,,,,,True,Clean,True,0,REG-489809086,137202.0,246389.95,245786.46,0.5582,1.7914,0.838
A-000343,Land Plot,JP,Tokyo,35.69929,139.66733,D,USD,2025-10-30,24,64538.0,,,,,,,,705.0,5.96,,Commercial,,,,,,,A,True,,,,,,,,,,,True,Clean,False,2,REG-340644239,34910.0,52411.85,55275.82,0.6316,1.5834,0.684
A-000344,Condo,US,New York,40.73839,-73.99783,A,USD,2025-10-30,6,128181.0,2019.0,24.0,29.0,0.0,1.0,1.0,92.0,851.0,10.37,10.21,Industrial,B,owner,4850.0,0.0,2.13,1.41,,,,,,,,,,,,,False,Clean,True,0,REG-249146844,43267.0,107953.71,113188.91,0.3823,2.6161,0.911
A-000345,House,US,San Jose,37.35512,-121.88844,C,USD,2025-10-30,55,386930.0,1970.0,0.0,2.0,4.0,1.0,1.0,1975.0,196.0,25.27,8.56,Industrial,C,owner,2034.0,0.0,1.75,1.03,,,,,,,,,,,,,False,Clean,True,0,REG-209843019,113449.0,142772.18,147498.98,0.7692,1.3001,0.718
A-000346,Apartment,UK,London,51.49863,-0.12057,C,USD,2025-10-30,25,136515.0,2000.0,18.0,35.0,1.0,1.0,2.0,343.0,934.0,22.61,24.77,Commercial,C,owner,5319.0,1.0,4.8,1.81,,,,,,,,,,,,,True,Clean,True,0,REG-481803954,33434.0,52117.62,52398.24,0.6381,1.5672,0.607
A-000347,Shop,FR,Paris,48.84696,2.33626,C,USD,2025-10-30,49,502983.0,1976.0,0.0,2.0,0.0,1.0,1.0,139.0,4715.0,27.04,18.06,Commercial,C,owner,2852.0,0.0,3.1,1.94,,,,,,,,,,,,,True,Disputed,False,1,REG-135378867,62975.0,174167.33,171637.87,0.3669,2.7255,0.722
A-000348,Shop,DE,Berlin,52.54305,13.44143,D,USD,2025-10-30,26,495527.0,1999.0,0.0,3.0,0.0,2.0,1.0,522.0,831.0,26.27,11.41,Residential,C,tenant,2298.0,1.0,0.83,0.43,,,,,,,,,,,,,False,Clean,False,2,REG-250117492,67071.0,135012.28,134161.19,0.4999,2.0003,0.53
A-000349,Apartment,VN,Ho Chi Minh,10.79256,106.69527,A,USD,2025-10-30,34,193107.0,1991.0,20.0,22.0,3.0,3.0,2.0,104.0,796.0,6.56,29.38,Residential,C,tenant,88.0,0.0,3.49,0.28,,,,,,,,,,,,,False,Clean,False,1,REG-165136370,35390.0,101862.01,92899.12,0.381,2.625,0.903
A-000350,House,VN,Hanoi,21.02979,105.80102,C,USD,2025-10-30,35,465791.0,1990.0,0.0,3.0,2.0,3.0,0.0,1123.0,4009.0,27.01,14.17,Mixed,A,tenant,1460.0,0.0,1.48,1.01,,,,,,,,,,,,,False,Clean,False,0,REG-799653457,95522.0,177579.51,185422.76,0.5152,1.9412,0.702
A-000351,Shop,JP,Tokyo,35.69283,139.69446,B,USD,2025-10-30,49,406706.0,1976.0,0.0,1.0,0.0,2.0,0.0,1103.0,2549.0,13.9,13.37,Industrial,C,owner,3463.0,0.0,1.97,2.08,,,,,,,,,,,,,True,Clean,True,1,REG-446654825,150779.0,208510.01,223302.81,0.6752,1.481,0.841
A-000352,Car,US,New York,40.70771,-73.99981,C,USD,2025-10-30,29,31471.0,,,,,,,,,,,,,,,,,,,,2015 Hyundai CX-5,2015.0,125802.0,3955.0,1.0,5.0,1.0,,,,True,Clean,False,1,REG-242291609,7110.0,13882.77,14266.44,0.4984,2.0065,0.675
A-000353,Deposit,US,San Jose,37.32866,-121.91088,A,USD,2025-10-30,35,65126.0,,,,,,,,,,,,,,,,,,,,,,,,,,,70538.0,5.83,7.0,True,Clean,True,1,REG-670767299,44376.0,70538.0,67585.87,0.6566,1.523,0.889
A-000354,Land Plot,UK,London,51.5275,-0.12806,A,USD,2025-10-30,44,307747.0,,,,,,,,3981.0,39.01,,Residential,,,,,,,D,False,,,,,,,,,,,False,Disputed,True,1,REG-181489949,1143506.0,3000044.45,3121810.12,0.3663,2.73,0.906
A-000355,House,FR,Paris,48.85656,2.3603,D,USD,2025-10-30,36,419140.0,1989.0,0.0,1.0,3.0,1.0,0.0,1287.0,2939.0,28.79,29.88,Residential,B,tenant,2787.0,0.0,1.73,0.18,,,,,,,,,,,,,True,Clean,False,0,REG-330058383,42882.0,105229.32,114808.51,0.3735,2.6773,0.606
A-000356,Deposit,DE,Berlin,52.49536,13.42247,B,USD,2025-10-30,2,148826.0,,,,,,,,,,,,,,,,,,,,,,,,,,,327799.0,3.6,20.0,True,Clean,False,1,REG-727210404,191312.0,327799.0,306081.34,0.625,1.5999,0.797
A-000357,Car,VN,Ho Chi Minh,10.75967,106.69998,A,USD,2025-10-30,58,9087.0,,,,,,,,,,,,,,,,,,,,2024 Hyundai 3 Series,2024.0,102454.0,1309.0,1.0,12.0,3.0,,,,True,Clean,False,2,REG-197845335,4279.0,7082.33,7065.91,0.6056,1.6513,0.905
A-000358,Shop,VN,Hanoi,21.04244,105.8283,B,USD,2025-10-30,35,159000.0,1990.0,0.0,5.0,0.0,2.0,1.0,2845.0,2096.0,17.7,21.79,Commercial,B,tenant,3885.0,1.0,3.79,2.01,,,,,,,,,,,,,False,Clean,False,1,REG-933654987,50854.0,75502.25,81063.84,0.6273,1.5941,0.735
A-000359,House,JP,Tokyo,35.6905,139.6966,B,USD,2025-10-30,47,342883.0,1978.0,0.0,3.0,2.0,2.0,1.0,1041.0,1177.0,10.77,27.63,Residential,B,vacant,4204.0,0.0,3.55,1.91,,,,,,,,,,,,,True,Clean,True,1,REG-248251446,112359.0,171968.13,168925.76,0.6651,1.5034,0.823
A-000360,Car,US,New York,40.70905,-73.97463,B,USD,2025-10-30,22,55250.0,,,,,,,,,,,,,,,,,,,,2022 Kia F-150,2022.0,230754.0,3494.0,0.0,12.0,3.0,,,,False,Clean,False,1,REG-964886129,16219.0,45104.55,45033.32,0.3602,2.7766,0.841
A-000361,Apartment,US,San Jose,37.33268,-121.9121,B,USD,2025-10-30,10,212630.0,2015.0,14.0,18.0,2.0,3.0,0.0,374.0,564.0,17.98,7.68,Industrial,C,tenant,3585.0,1.0,3.52,0.82,,,,,,,,,,,,,False,Disputed,False,0,REG-400739976,92415.0,130097.71,134462.57,0.6873,1.455,0.749
A-000362,House,UK,London,51.52184,-0.13518,D,USD,2025-10-30,59,359095.0,1966.0,0.0,1.0,3.0,3.0,0.0,292.0,105.0,5.5,6.45,Residential,D,tenant,1545.0,1.0,4.35,2.05,,,,,,,,,,,,,True,Clean,False,2,REG-385169576,67209.0,100159.02,87350.29,0.7694,1.2997,0.588
A-000363,Deposit,FR,Paris,48.83243,2.34527,D,USD,2025-10-30,15,10374.0,,,,,,,,,,,,,,,,,,,,,,,,,,,290835.0,0.9,20.0,True,Clean,False,0,REG-148461724,229256.0,290835.0,289329.8,0.7924,1.262,0.666
A-000364,Deposit,DE,Berlin,52.53486,13.40881,A,USD,2025-10-30,59,157225.0,,,,,,,,,,,,,,,,,,,,,,,,,,,490089.0,2.36,33.0,False,Clean,False,1,REG-559711740,171642.0,490089.0,482686.82,0.3556,2.8122,0.902
A-000365,Land Plot,VN,Ho Chi Minh,10.77965,106.67415,D,USD,2025-10-30,27,75837.0,,,,,,,,4282.0,39.43,,Residential,,,,,,,A,True,,,,,,,,,,,True,Clean,False,0,REG-288927606,381652.0,500007.73,512037.27,0.7454,1.3416,0.604
A-000366,Deposit,VN,Hanoi,21.02294,105.81115,D,USD,2025-10-30,29,94589.0,,,,,,,,,,,,,,,,,,,,,,,,,,,490114.0,1.72,35.0,False,Clean,False,0,REG-559009523,237495.0,490114.0,478193.88,0.4967,2.0135,0.595
A-000367,Apartment,JP,Tokyo,35.64588,139.68538,C,USD,2025-10-30,0,91853.0,2025.0,7.0,6.0,0.0,2.0,1.0,72.0,810.0,22.71,28.58,Commercial,C,tenant,2562.0,1.0,2.09,0.24,,,,,,,,,,,,,False,Clean,False,0,REG-880675523,37271.0,46780.93,49955.81,0.7461,1.3403,0.67
A-000368,Condo,US,New York,40.71932,-74.02673,C,USD,2025-10-30,10,246594.0,2015.0,6.0,11.0,0.0,1.0,2.0,148.0,387.0,18.92,25.6,Commercial,C,tenant,211.0,0.0,0.7,2.32,,,,,,,,,,,,,True,Clean,False,1,REG-781074830,48936.0,104180.01,104022.78,0.4704,2.1257,0.724
A-000369,Deposit,US,San Jose,37.3354,-121.90514,C,USD,2025-10-30,8,280136.0,,,,,,,,,,,,,,,,,,,,,,,,,,,479380.0,3.71,26.0,False,Clean,False,0,REG-495899525,271172.0,479380.0,466250.65,0.5816,1.7194,0.763
A-000370,Car,UK,London,51.49818,-0.13661,B,USD,2025-10-30,17,67109.0,,,,,,,,,,,,,,,,,,,,2019 Kia Corolla,2019.0,76254.0,4411.0,0.0,14.0,3.0,,,,False,Clean,True,1,REG-106103439,22682.0,43183.31,42740.18,0.5307,1.8843,0.771
A-000371,Land Plot,FR,Paris,48.85324,2.36243,C,USD,2025-10-30,48,87803.0,,,,,,,,4842.0,44.21,,Commercial,,,,,,,C,False,,,,,,,,,,,True,Clean,False,0,REG-740238582,529755.0,800252.29,843750.42,0.6279,1.5927,0.747
A-000372,Apartment,DE,Berlin,52.5485,13.38663,C,USD,2025-10-30,54,217482.0,1971.0,4.0,30.0,2.0,3.0,2.0,382.0,450.0,8.3,18.83,Residential,B,tenant,2554.0,1.0,2.74,0.67,,,,,,,,,,,,,False,Pending Verification,True,2,REG-620697023,41431.0,73035.05,72022.23,0.5753,1.7384,0.615
A-000373,Condo,VN,Ho Chi Minh,10.80165,106.6938,B,USD,2025-10-30,58,295932.0,1967.0,23.0,23.0,1.0,2.0,0.0,340.0,436.0,21.94,12.63,Residential,B,owner,403.0,0.0,1.39,0.88,,,,,,,,,,,,,True,Clean,False,0,REG-893660801,79417.0,137655.48,147827.09,0.5372,1.8614,0.851
A-000374,House,VN,Hanoi,21.00386,105.84189,D,USD,2025-10-30,20,454019.0,2005.0,0.0,1.0,3.0,3.0,2.0,1843.0,4989.0,18.14,4.09,Commercial,B,tenant,3453.0,0.0,1.59,0.83,,,,,,,,,,,,,False,Clean,True,0,REG-413390359,47460.0,142040.75,149839.83,0.3167,3.1572,0.666
A-000375,Shop,JP,Tokyo,35.703,139.64696,A,USD,2025-10-30,39,608630.0,1986.0,0.0,1.0,0.0,2.0,0.0,756.0,1650.0,8.99,29.69,Mixed,B,owner,1817.0,0.0,4.61,0.74,,,,,,,,,,,,,False,Clean,True,0,REG-560168509,197486.0,365018.91,352453.52,0.5603,1.7847,0.898
A-000376,House,US,New York,40.70494,-73.97842,C,USD,2025-10-30,0,194842.0,2025.0,0.0,5.0,4.0,3.0,1.0,1870.0,2711.0,17.36,26.04,Commercial,C,owner,3665.0,0.0,2.34,2.18,,,,,,,,,,,,,False,Pending Verification,False,0,REG-891187190,84024.0,117791.26,122903.8,0.6837,1.4627,0.658
A-000377,Land Plot,US,San Jose,37.32614,-121.9027,B,USD,2025-10-30,51,248941.0,,,,,,,,7351.0,6.16,,Agricultural,,,,,,,C,False,,,,,,,,,,,False,Disputed,True,1,REG-339973065,2253001.0,4540434.37,4626644.25,0.487,2.0535,0.828
A-000378,Land Plot,UK,London,51.5114,-0.09937,A,USD,2025-10-30,54,158804.0,,,,,,,,6391.0,11.42,,Commercial,,,,,,,A,True,,,,,,,,,,,True,Clean,False,2,REG-259585549,1250542.0,2884453.94,2668962.83,0.4685,2.1342,0.847
A-000379,Land Plot,FR,Paris,48.83711,2.3428,A,USD,2025-10-30,39,72251.0,,,,,,,,7039.0,31.24,,Commercial,,,,,,,B,True,,,,,,,,,,,True,Disputed,False,1,REG-776157444,833377.0,1201637.23,1202768.28,0.6929,1.4432,0.877
A-000380,Condo,DE,Berlin,52.51153,13.40297,C,USD,2025-10-30,52,95337.0,1973.0,24.0,1.0,2.0,3.0,0.0,101.0,47.0,4.96,13.61,Mixed,C,owner,5581.0,0.0,2.43,0.84,,,,,,,,,,,,,False,Clean,True,0,REG-850282041,23856.0,32116.68,35009.82,0.6814,1.4675,0.734
A-000381,Shop,VN,Ho Chi Minh,10.78424,106.70503,C,USD,2025-10-30,7,505430.0,2018.0,0.0,3.0,0.0,1.0,1.0,2641.0,1257.0,12.17,17.49,Residential,B,tenant,3377.0,0.0,1.92,0.93,,,,,,,,,,,,,True,Clean,False,1,REG-911724995,161465.0,274741.47,280846.14,0.5749,1.7394,0.701
A-000382,Deposit,VN,Hanoi,21.02148,105.8362,C,USD,2025-10-30,53,114324.0,,,,,,,,,,,,,,,,,,,,,,,,,,,413452.0,1.51,7.0,True,Clean,True,1,REG-742140271,159063.0,413452.0,401615.56,0.3961,2.5249,0.765
A-000383,Apartment,JP,Tokyo,35.65856,139.71031,C,USD,2025-10-30,39,104801.0,1986.0,2.0,4.0,5.0,3.0,1.0,184.0,406.0,13.26,13.23,Commercial,D,owner,3159.0,0.0,2.76,0.65,,,,,,,,,,,,,True,Clean,True,0,REG-593528357,14002.0,33977.94,34279.75,0.4085,2.4482,0.657
A-000384,Apartment,US,New York,40.68042,-74.04128,D,USD,2025-10-30,59,113679.0,1966.0,19.0,37.0,3.0,2.0,0.0,87.0,321.0,17.4,17.64,Mixed,E,tenant,82.0,1.0,2.92,0.93,,,,,,,,,,,,,False,Clean,True,0,REG-643327700,16230.0,27163.39,27680.77,0.5863,1.7055,0.58
A-000385,Car,US,San Jose,37.37333,-121.88917,B,USD,2025-10-30,7,23378.0,,,,,,,,,,,,,,,,,,,,2021 Mercedes Corolla,2021.0,188444.0,2703.0,1.0,2.0,2.0,,,,False,Clean,False,1,REG-278024007,12267.0,17126.9,16720.84,0.7336,1.3631,0.841
A-000386,Condo,UK,London,51.49798,-0.11796,B,USD,2025-10-30,25,282432.0,2000.0,10.0,35.0,4.0,3.0,2.0,292.0,733.0,5.26,20.65,Residential,C,owner,3576.0,0.0,2.62,2.69,,,,,,,,,,,,,True,Clean,False,0,REG-301368513,88928.0,147822.35,137024.1,0.649,1.5408,0.82
A-000387,Land Plot,FR,Paris,48.8482,2.39324,C,USD,2025-10-30,2,248881.0,,,,,,,,7255.0,57.4,,Commercial,,,,,,,A,False,,,,,,,,,,,True,Clean,False,1,REG-766521642,1993816.0,2886860.25,3109127.05,0.6413,1.5594,0.676
A-000388,Shop,DE,Berlin,52.55551,13.39298,B,USD,2025-10-30,16,381006.0,2009.0,0.0,3.0,0.0,1.0,2.0,1613.0,2554.0,27.83,17.85,Residential,B,tenant,4612.0,0.0,1.96,0.85,,,,,,,,,,,,,True,Clean,False,0,REG-495971641,202837.0,253550.94,255380.13,0.7943,1.259,0.768
A-000389,Condo,VN,Ho Chi Minh,10.7744,106.68288,B,USD,2025-10-30,4,195323.0,2021.0,14.0,29.0,3.0,1.0,1.0,191.0,983.0,23.12,29.04,Industrial,D,tenant,185.0,0.0,3.39,1.74,,,,,,,,,,,,,True,Clean,True,0,REG-121645427,94520.0,143612.07,144075.71,0.656,1.5243,0.859
A-000390,Land Plot,VN,Hanoi,21.05946,105.83686,A,USD,2025-10-30,17,100051.0,,,,,,,,1052.0,47.93,,Residential,,,,,,,C,True,,,,,,,,,,,True,Clean,False,0,REG-250184007,87776.0,246941.23,262829.01,0.334,2.9943,0.877
A-000391,House,JP,Tokyo,35.69065,139.70241,D,USD,2025-10-30,16,295406.0,2009.0,0.0,5.0,3.0,2.0,0.0,1966.0,1325.0,18.32,11.24,Mixed,C,owner,1702.0,0.0,1.96,1.26,,,,,,,,,,,,,True,Clean,True,0,REG-281064365,37208.0,90624.99,93560.6,0.3977,2.5145,0.69
A-000392,Apartment,US,New York,40.6824,-74.02752,D,USD,2025-10-30,7,89034.0,2018.0,11.0,4.0,1.0,3.0,2.0,376.0,36.0,20.48,27.47,Commercial,C,vacant,5860.0,0.0,0.6,1.13,,,,,,,,,,,,,False,Disputed,False,0,REG-211697145,10770.0,34298.62,34953.66,0.3081,3.2455,0.624
A-000393,Apartment,US,San Jose,37.34029,-121.87855,C,USD,2025-10-30,36,249607.0,1989.0,18.0,25.0,1.0,2.0,0.0,164.0,623.0,25.35,24.9,Mixed,C,vacant,3986.0,0.0,1.09,0.82,,,,,,,,,,,,,False,Clean,True,0,REG-231147785,77740.0,98124.99,97005.8,0.8014,1.2478,0.724
A-000394,Land Plot,UK,London,51.47472,-0.11571,A,USD,2025-10-30,46,52037.0,,,,,,,,5953.0,41.74,,Commercial,,,,,,,B,False,,,,,,,,,,,True,Clean,True,2,REG-484716342,443297.0,991960.29,1058976.35,0.4186,2.3889,0.917
A-000395,Shop,FR,Paris,48.84039,2.30627,A,USD,2025-10-30,3,259020.0,2022.0,0.0,5.0,0.0,2.0,2.0,2870.0,320.0,25.8,16.74,Industrial,D,tenant,4211.0,0.0,2.01,0.67,,,,,,,,,,,,,True,Clean,True,0,REG-407797803,108365.0,222759.36,219120.67,0.4945,2.0221,0.94
A-000396,Apartment,DE,Berlin,52.54939,13.3985,C,USD,2025-10-30,58,133912.0,1967.0,24.0,28.0,4.0,3.0,2.0,108.0,420.0,5.06,8.78,Industrial,C,tenant,5963.0,1.0,2.38,0.69,,,,,,,,,,,,,False,Clean,False,0,REG-446500340,32969.0,52579.38,49890.03,0.6608,1.5132,0.572
A-000397,Car,VN,Ho Chi Minh,10.76852,106.71922,C,USD,2025-10-30,10,56945.0,,,,,,,,,,,,,,,,,,,,2024 Ford 3 Series,2024.0,90384.0,2627.0,0.0,4.0,1.0,,,,False,Clean,True,2,REG-328362159,42750.0,54358.36,49336.0,0.8665,1.1541,0.735
A-000398,Land Plot,VN,Hanoi,21.01459,105.8444,C,USD,2025-10-30,22,180349.0,,,,,,,,2986.0,6.74,,Residential,,,,,,,B,False,,,,,,,,,,,False,Clean,False,1,REG-697312487,353620.0,834675.78,801243.12,0.4413,2.2658,0.693
A-000399,Car,JP,Tokyo,35.6994,139.66573,A,USD,2025-10-30,25,55052.0,,,,,,,,,,,,,,,,,,,,2018 Honda Corolla,2018.0,167566.0,2609.0,0.0,5.0,2.0,,,,True,Clean,True,1,REG-128442717,17269.0,33663.52,36170.98,0.4774,2.0946,0.863
A-000400,Deposit,US,New York,40.72189,-73.97563,C,USD,2025-10-30,51,84423.0,,,,,,,,,,,,,,,,,,,,,,,,,,,37822.0,2.7,29.0,False,Clean,False,0,REG-610593600,18781.0,37822.0,35359.18,0.5311,1.8827,0.687
