application_id,age,income,employment_length,loan_amount,loan_duration_months,collateral_value,collateral_type,co_loaners,credit_score,existing_debt,assets_owned,current_loans,customer_type,DTI,LTV,CCR,ITI,CWI,currency_code,session_user_name,session_user_email,session_flagged,created_at
APP_0001,64,15305250.0,0,12268200.0,72,25812750.0,car,0,501,48300.0,39051600.0,3,bank,0.0031557798794530976,0.47527675276752496,2.1040372670807197,0.011132890130138249,1.1005531684871177,JPY,dzoan,dzoan@gmail.com,False,2025-10-28T08:00:05.007981
APP_0002,55,18356100.0,9,11248050.0,36,8151450.0,land,0,304,4248150.0,10832400.0,2,bank,0.231429878895842,1.3798833336400018,0.724698947817612,0.017021362562017625,0.0,JPY,dzoan,dzoan@gmail.com,False,2025-10-28T08:00:05.007981
APP_0003,35,17607000.0,15,8706000.0,72,9831150.0,deposit,0,321,5594250.0,35451600.0,4,bank,0.31772874424944353,0.8855525548892924,1.1292384562370585,0.006867533745952532,0.08817568382814336,JPY,dzoan,dzoan@gmail.com,False,2025-10-28T08:00:05.007981
APP_0004,63,6272850.0,27,13381200.0,60,10487700.0,car,0,484,4131750.0,25976100.0,0,bank,0.658671895549854,1.2758946194112921,0.7837637880010673,0.035553217436456744,0.0,JPY,dzoan,dzoan@gmail.com,False,2025-10-28T08:00:05.007981
APP_0005,42,19238400.0,22,2577750.0,48,6308700.0,real_estate,2,549,2879550.0,34480500.0,0,non-bank,0.14967720808383117,0.4086024062009509,2.4473668897292726,0.002791454850657059,1.2307290546016865,JPY,dzoan,dzoan@gmail.com,False,2025-10-28T08:00:05.007981
APP_0006,43,13801200.0,23,13875000.0,72,5676600.0,deposit,0,738,6214050.0,34365900.0,4,bank,0.4502543257108028,2.4442447944191303,0.4091243243243199,0.013963157792848065,0.0,JPY,dzoan,dzoan@gmail.com,False,2025-10-28T08:00:05.007981
APP_0007,40,9807750.0,16,12865650.0,48,11193900.0,real_estate,0,373,2782650.0,24660750.0,1,bank,0.2837195075323043,1.1493447323988804,0.8700609763206576,0.02732883433962039,0.0,JPY,dzoan,dzoan@gmail.com,False,2025-10-28T08:00:05.007981
APP_0008,27,13391550.0,3,7926750.0,60,26380200.0,land,0,761,5328900.0,12697800.0,1,bank,0.39793003797170157,0.3004810426001302,3.327996972277352,0.009865362859250546,1.2634780563594437,JPY,dzoan,dzoan@gmail.com,False,2025-10-28T08:00:05.007981
APP_0009,62,21880800.0,11,11200800.0,24,1244100.0,real_estate,0,428,3481050.0,24388950.0,3,non-bank,0.15909153230229134,9.003134796237159,0.1110724233983272,0.021329201856447252,0.0,JPY,dzoan,dzoan@gmail.com,False,2025-10-28T08:00:05.007981
APP_0010,21,19829400.0,29,8163900.0,72,9357450.0,real_estate,0,376,199200.0,37465350.0,0,bank,0.010045689733426049,0.8724492249490908,1.146198508065977,0.005718150826471013,0.14472984321449017,JPY,dzoan,dzoan@gmail.com,False,2025-10-28T08:00:05.007981
APP_0011,28,19381800.0,1,4579800.0,48,2946000.0,deposit,1,684,3978750.0,43723650.0,2,bank,0.20528279107203506,1.5545824847249716,0.6432595309838647,0.004922788389004711,0.0,JPY,dzoan,dzoan@gmail.com,False,2025-10-28T08:00:05.007981
APP_0012,31,12427350.0,26,12148050.0,60,17370750.0,real_estate,1,725,370800.0,41846400.0,1,bank,0.029837415056306896,0.69933940676136,1.4299208514946666,0.016292089624628185,0.4170931246072799,JPY,dzoan,dzoan@gmail.com,False,2025-10-28T08:00:05.007981
APP_0013,33,18452550.0,20,4254300.0,36,8417250.0,land,1,632,6982050.0,9393750.0,0,bank,0.37837859807993707,0.5054263565891383,1.9785276073618934,0.006404263909146238,0.6082737031058182,JPY,dzoan,dzoan@gmail.com,False,2025-10-28T08:00:05.007981
APP_0014,26,10970400.0,8,5230800.0,72,24008850.0,land,2,363,4511550.0,27486600.0,4,bank,0.41124753883175985,0.21786966056266616,4.589900206469243,0.006622365638353203,1.3814434868942442,JPY,dzoan,dzoan@gmail.com,False,2025-10-28T08:00:05.007981
APP_0015,21,16615500.0,23,8149800.0,12,18048450.0,real_estate,2,363,2790150.0,6049800.0,0,bank,0.16792452830188528,0.451551241242319,2.2145880880512,0.04087448466452397,1.0106289562841355,JPY,dzoan,dzoan@gmail.com,False,2025-10-28T08:00:05.007981
APP_0016,50,15741750.0,25,12682650.0,12,23774100.0,real_estate,2,514,3646350.0,30599100.0,0,non-bank,0.23163561865738974,0.5334649892109448,1.8745372615344362,0.06713913636742522,0.6719632819199814,JPY,dzoan,dzoan@gmail.com,False,2025-10-28T08:00:05.007981
APP_0017,63,8433600.0,1,6220800.0,48,19485300.0,deposit,0,547,4643700.0,44666550.0,3,bank,0.5506189527603773,0.31925605456420747,3.132282021604863,0.015367103016184987,0.917740281305907,JPY,dzoan,dzoan@gmail.com,False,2025-10-28T08:00:05.007981
APP_0018,26,8746050.0,3,7791450.0,60,13825500.0,land,0,849,1951350.0,3787050.0,4,non-bank,0.22311214776956073,0.5635564717370015,1.774445064782516,0.014847559755299078,0.6016569630493758,JPY,dzoan,dzoan@gmail.com,False,2025-10-28T08:00:05.007981
APP_0019,34,4896150.0,19,1343700.0,60,25995750.0,real_estate,0,457,2162850.0,30060900.0,0,bank,0.44174504457582664,0.05168921842993537,19.34639428443633,0.004574002021920502,1.5881975792809784,JPY,dzoan,dzoan@gmail.com,False,2025-10-28T08:00:05.007981
APP_0020,43,6370650.0,29,2400900.0,36,14916150.0,deposit,0,405,3139800.0,42630000.0,3,bank,0.49285394739939037,0.1609597650868338,6.212732725227651,0.010468581175360843,1.2765478293279013,JPY,dzoan,dzoan@gmail.com,False,2025-10-28T08:00:05.007981
APP_0021,61,11880300.0,0,1547100.0,48,28558050.0,car,0,820,1939200.0,38352450.0,2,bank,0.16322820130804572,0.054173866913181816,18.45908473918766,0.0027129996716689065,2.3743219038987378,JPY,dzoan,dzoan@gmail.com,False,2025-10-28T08:00:05.007981
APP_0022,51,12710100.0,19,1776750.0,48,29847300.0,real_estate,1,384,5684250.0,18573000.0,4,bank,0.447223074562744,0.05952799750731192,16.79881806669339,0.002912300060521035,1.559613665993182,JPY,dzoan,dzoan@gmail.com,False,2025-10-28T08:00:05.007981
APP_0023,54,6846000.0,4,13126350.0,72,18163800.0,deposit,0,314,778500.0,6020550.0,0,bank,0.11371603856266184,0.7226654114227139,1.383766241186605,0.026630209854532662,0.3401258645047987,JPY,dzoan,dzoan@gmail.com,False,2025-10-28T08:00:05.007981
APP_0024,46,11566650.0,19,12748350.0,48,20628300.0,real_estate,0,532,6199500.0,41689650.0,4,bank,0.5359805993956693,0.6180029377117798,1.6181152855075172,0.02296175858995158,0.2868174842855817,JPY,dzoan,dzoan@gmail.com,False,2025-10-28T08:00:05.007981
APP_0025,39,15078300.0,18,12461850.0,36,8563050.0,land,0,520,2613900.0,41577450.0,3,bank,0.17335508644873585,1.4553050606968057,0.6871411548044549,0.02295766100889231,0.0,JPY,dzoan,dzoan@gmail.com,False,2025-10-28T08:00:05.007981
APP_0026,29,8110650.0,2,1541700.0,72,24661500.0,deposit,0,640,4209150.0,26685450.0,4,non-bank,0.5189658042203673,0.06251444559333336,15.99630278264098,0.002640047345120577,1.352887829157102,JPY,dzoan,dzoan@gmail.com,False,2025-10-28T08:00:05.007981
APP_0027,59,10091850.0,20,1856400.0,12,20541750.0,land,0,782,1183050.0,44081850.0,1,bank,0.11722825844617016,0.09037204717222178,11.065368455073443,0.015329201284908717,2.4089815562514683,JPY,dzoan,dzoan@gmail.com,False,2025-10-28T08:00:05.007981
APP_0028,56,10640700.0,26,4748700.0,72,27193500.0,land,1,813,2890200.0,1700850.0,4,non-bank,0.27161746877554666,0.1746262893706207,5.726514625055097,0.006198292092226047,1.8035633776630404,JPY,dzoan,dzoan@gmail.com,False,2025-10-28T08:00:05.007981
APP_0029,22,13219650.0,25,8805450.0,12,8889750.0,car,0,459,5659350.0,28322550.0,3,non-bank,0.42810134912799774,0.9905171686492704,1.0095736163398632,0.055507331883888206,0.005475138268753304,JPY,dzoan,dzoan@gmail.com,False,2025-10-28T08:00:05.007981
APP_0030,52,10619850.0,0,5511300.0,24,23882550.0,real_estate,1,839,2030100.0,3176550.0,0,bank,0.19116089210299309,0.23076681510140104,4.333378694681718,0.021623422175494806,1.8665576491144684,JPY,dzoan,dzoan@gmail.com,False,2025-10-28T08:00:05.007981
APP_0031,24,17567700.0,7,7697700.0,60,14743800.0,land,0,647,991950.0,42202650.0,4,bank,0.056464420498983446,0.522097424001948,1.915351338711526,0.007302891101160691,0.8636665558182389,JPY,dzoan,dzoan@gmail.com,False,2025-10-28T08:00:05.007981
APP_0032,53,9890400.0,7,3215100.0,60,6533100.0,deposit,0,338,3914250.0,31098150.0,3,bank,0.39576255763163676,0.49212471873994373,2.0320052253428185,0.005417879964319553,0.6235761978719728,JPY,dzoan,dzoan@gmail.com,False,2025-10-28T08:00:05.007981
APP_0033,57,11885550.0,13,11163450.0,72,6130350.0,real_estate,0,816,1218600.0,41234100.0,1,bank,0.1025278594595946,1.8210134821013038,0.5491447536379809,0.013045077145316056,0.0,JPY,dzoan,dzoan@gmail.com,False,2025-10-28T08:00:05.007981
APP_0034,26,10864950.0,4,5222850.0,60,17390400.0,deposit,1,375,2360550.0,25975950.0,2,bank,0.21726284980602462,0.30032949213358834,3.3296763261436766,0.008011771798171922,1.6429742982063795,JPY,dzoan,dzoan@gmail.com,False,2025-10-28T08:00:05.007981
APP_0035,40,7179600.0,25,1698150.0,48,10400100.0,car,1,623,3378450.0,5121900.0,1,bank,0.4705624268761393,0.1632820838261147,6.124370638635622,0.004927589977054741,1.3289697087850674,JPY,dzoan,dzoan@gmail.com,False,2025-10-28T08:00:05.007981
APP_0036,26,16607550.0,23,11333250.0,36,4134450.0,land,0,734,4230600.0,2654100.0,2,non-bank,0.25473956122365804,2.741174763269501,0.3648070941698052,0.01895598688495608,0.0,JPY,dzoan,dzoan@gmail.com,False,2025-10-28T08:00:05.007981
APP_0037,45,8164500.0,24,13614600.0,12,13501800.0,real_estate,1,437,4795200.0,16097400.0,4,non-bank,0.5873231673709244,1.0083544416299937,0.9917147767837359,0.13896135708315677,0.0,JPY,dzoan,dzoan@gmail.com,False,2025-10-28T08:00:05.007981
APP_0038,61,9316350.0,5,959100.0,12,20004150.0,land,0,448,5074800.0,33840450.0,4,bank,0.5447197668614767,0.04794505140183376,20.857209884263238,0.008579003579013058,1.3003553968753738,JPY,dzoan,dzoan@gmail.com,False,2025-10-28T08:00:05.007981
APP_0039,24,18613950.0,0,6972450.0,24,10385700.0,real_estate,1,561,6332100.0,8069850.0,1,non-bank,0.34018034860950785,0.6713509922296907,1.4895338080588283,0.0156075819472972,0.32300402657725985,JPY,dzoan,dzoan@gmail.com,False,2025-10-28T08:00:05.007981
APP_0040,38,21541050.0,27,12537150.0,12,28714050.0,car,0,786,495450.0,38568300.0,4,bank,0.023000271574505262,0.4366207483792755,2.2903171773488915,0.04850100157201851,1.2606395318526349,JPY,dzoan,dzoan@gmail.com,False,2025-10-28T08:00:05.007981
APP_0041,63,16328250.0,8,10812750.0,48,23650950.0,land,0,422,2717400.0,11917500.0,2,bank,0.16642322355426792,0.45718036696200076,2.1873205243809086,0.01379606663269517,0.989722815321311,JPY,dzoan,dzoan@gmail.com,False,2025-10-28T08:00:05.007981
APP_0042,34,20931450.0,19,12955800.0,60,15966600.0,real_estate,1,664,7950.0,23094150.0,3,bank,0.0003798112409794803,0.8114313629701927,1.2323901264298471,0.010316055504821675,0.23230186204755748,JPY,dzoan,dzoan@gmail.com,False,2025-10-28T08:00:05.007981
APP_0043,26,19765950.0,27,6666600.0,72,28117950.0,car,0,548,70800.0,10333950.0,3,bank,0.003581917388235803,0.23709409825396108,4.217734677346679,0.004684402554159045,2.280519707492961,JPY,dzoan,dzoan@gmail.com,False,2025-10-28T08:00:05.007981
APP_0044,42,12766950.0,1,6054600.0,36,13669500.0,land,0,361,1591950.0,21760350.0,2,bank,0.12469305511496334,0.44292768572368657,2.257704885541516,0.013173336883802286,1.1008778209303602,JPY,dzoan,dzoan@gmail.com,False,2025-10-28T08:00:05.007981
APP_0045,43,18192900.0,0,10855650.0,72,5222400.0,real_estate,0,690,4486050.0,21169500.0,2,bank,0.2465824579918519,2.0786707261028816,0.4810766743585071,0.00828745921016283,0.0,JPY,dzoan,dzoan@gmail.com,False,2025-10-28T08:00:05.007981
APP_0046,50,9906750.0,0,2938950.0,72,2232150.0,car,0,757,6708750.0,1738050.0,2,bank,0.6771897948368434,1.316645386734674,0.7595059460010841,0.004120296767298302,0.0,JPY,dzoan,dzoan@gmail.com,False,2025-10-28T08:00:05.007981
APP_0047,34,12384300.0,4,4161750.0,72,28215000.0,car,1,616,5801550.0,26199750.0,4,bank,0.4684600663743554,0.14750132908027566,6.7795999279146955,0.004667367823173681,1.3594112608698614,JPY,dzoan,dzoan@gmail.com,False,2025-10-28T08:00:05.007981
APP_0048,63,13789350.0,1,9311850.0,36,28841400.0,land,1,396,4847100.0,35719200.0,1,non-bank,0.3515104047688939,0.32286400798851483,3.0972792731841188,0.01875813580718541,1.3173469361278245,JPY,dzoan,dzoan@gmail.com,False,2025-10-28T08:00:05.007981
APP_0049,43,21759150.0,24,10275450.0,24,22490400.0,deposit,1,385,5836200.0,42228000.0,1,bank,0.26821819786158746,0.456881602817199,2.188750857626641,0.019676492417312154,0.8699062448876226,JPY,dzoan,dzoan@gmail.com,False,2025-10-28T08:00:05.007981
APP_0050,33,19660500.0,18,2455200.0,72,4166400.0,deposit,0,532,1289700.0,15886050.0,1,non-bank,0.06559853513389742,0.5892857142856931,1.6969696969695933,0.0017344421555670572,0.6512495058157622,JPY,dzoan,dzoan@gmail.com,False,2025-10-28T08:00:05.007981
APP_0051,63,12923400.0,29,7993350.0,24,9657000.0,real_estate,0,578,6298650.0,39805500.0,0,non-bank,0.4873833511305018,0.8277260018639201,1.2081292574452287,0.025771565531216147,0.10669052248328774,JPY,dzoan,dzoan@gmail.com,False,2025-10-28T08:00:05.007981
APP_0052,61,15985950.0,24,5950050.0,36,2383050.0,real_estate,0,603,6676950.0,39726150.0,1,non-bank,0.4176761468664632,2.49682130043416,0.4005092394181461,0.010339026874353669,0.0,JPY,dzoan,dzoan@gmail.com,False,2025-10-28T08:00:05.007981
APP_0053,42,7544100.0,28,7899750.0,12,2675850.0,real_estate,0,434,712800.0,44494500.0,0,bank,0.09448443154252806,2.9522394753067465,0.33872590904774824,0.08726190002056276,0.0,JPY,dzoan,dzoan@gmail.com,False,2025-10-28T08:00:05.007981
APP_0054,22,18832200.0,7,14407500.0,60,8286600.0,land,0,575,3524550.0,17728050.0,0,bank,0.18715551024309277,1.7386503511693263,0.5751587714731851,0.012750767302598527,0.0,JPY,dzoan,dzoan@gmail.com,False,2025-10-28T08:00:05.007981
APP_0055,47,14119350.0,8,1841550.0,48,17677650.0,real_estate,1,462,6225150.0,38513700.0,3,bank,0.4408949420476108,0.10417391451918011,9.599332084384654,0.0027172373373562033,1.5025826863140472,JPY,dzoan,dzoan@gmail.com,False,2025-10-28T08:00:05.007981
APP_0056,45,13738500.0,25,14935350.0,12,3087150.0,real_estate,1,677,3570600.0,26080800.0,0,bank,0.25989736870837143,4.837908750789328,0.20670088079622967,0.09059304144530106,0.0,JPY,dzoan,dzoan@gmail.com,False,2025-10-28T08:00:05.007981
APP_0057,27,18117750.0,7,7156350.0,24,29556450.0,deposit,1,738,6303450.0,4034700.0,2,bank,0.3479157180113396,0.24212481539562308,4.130101238759896,0.01645796249465708,1.4825954867693059,JPY,dzoan,dzoan@gmail.com,False,2025-10-28T08:00:05.007981
APP_0058,48,15617100.0,1,11752350.0,48,14307300.0,deposit,0,658,7016550.0,13259850.0,3,bank,0.4492863591831987,0.8214233293493445,1.2173990733767983,0.01567772665827182,0.11972463520954843,JPY,dzoan,dzoan@gmail.com,False,2025-10-28T08:00:05.007981
APP_0059,57,5108700.0,20,6798600.0,48,8798700.0,deposit,0,300,3559950.0,30734100.0,3,non-bank,0.6968406835398234,0.7726823280711792,1.2941929220721629,0.027724763637920622,0.08918732516283072,JPY,dzoan,dzoan@gmail.com,False,2025-10-28T08:00:05.007981
APP_0060,25,9152850.0,24,5181150.0,60,16063200.0,car,0,845,446100.0,8485500.0,2,non-bank,0.04873891738638705,0.32254781114597036,3.100315567007235,0.009434493081232556,1.933301707764738,JPY,dzoan,dzoan@gmail.com,False,2025-10-28T08:00:05.007981
APP_0061,52,7063350.0,29,11730900.0,24,23956350.0,land,0,313,2550300.0,20410800.0,0,bank,0.3610609696532022,0.489678102048097,2.0421578906988973,0.06920052099635775,0.6658753521514297,JPY,dzoan,dzoan@gmail.com,False,2025-10-28T08:00:05.007981
APP_0062,27,17529150.0,27,10549200.0,72,10201950.0,land,0,849,1613700.0,35208450.0,4,bank,0.09205808610229167,1.0340376104568092,0.9670828119667704,0.008358458149119063,0.0,JPY,dzoan,dzoan@gmail.com,False,2025-10-28T08:00:05.007981
APP_0063,53,4408950.0,3,2802750.0,36,2568300.0,real_estate,0,317,3555750.0,8014500.0,4,bank,0.8064845371346645,1.0912860647120026,0.9163500133796673,0.01765821038217748,0.0,JPY,dzoan,dzoan@gmail.com,False,2025-10-28T08:00:05.007981
APP_0064,39,7545000.0,23,10801950.0,60,2667600.0,land,0,584,4393200.0,23101650.0,3,bank,0.5822664015904457,4.049313990103236,0.24695541082859696,0.023861166334923245,0.0,JPY,dzoan,dzoan@gmail.com,False,2025-10-28T08:00:05.007981
APP_0065,21,14952000.0,25,11481300.0,24,25737150.0,land,2,358,3479100.0,10846350.0,0,bank,0.23268459069020633,0.4460983442222598,2.2416581745969237,0.0319948836262749,0.9527434504637043,JPY,dzoan,dzoan@gmail.com,False,2025-10-28T08:00:05.007981
APP_0066,63,16777350.0,20,6276600.0,12,4414050.0,car,0,352,1466100.0,24837150.0,0,bank,0.08738567175388168,1.4219594250177925,0.703254946945782,0.031175960444075362,0.0,JPY,dzoan,dzoan@gmail.com,False,2025-10-28T08:00:05.007981
APP_0067,28,13186950.0,24,13940400.0,12,19504200.0,deposit,2,675,2258700.0,11970900.0,1,bank,0.1712829729391538,0.7147383640446617,1.3991133683394874,0.08809466934379659,0.3307520440705558,JPY,dzoan,dzoan@gmail.com,False,2025-10-28T08:00:05.007981
APP_0068,47,19888350.0,25,9882600.0,36,12273600.0,land,0,700,5096400.0,43495500.0,0,bank,0.25625051851963393,0.8051916308173542,1.241940380061908,0.013802887954960527,0.17994303222022726,JPY,dzoan,dzoan@gmail.com,False,2025-10-28T08:00:05.007981
APP_0069,28,20980050.0,13,5504100.0,72,23592450.0,land,0,365,202350.0,4836450.0,4,non-bank,0.009644876918787066,0.23329921224798464,4.286341091186453,0.0036437393300907785,2.27791815906183,JPY,dzoan,dzoan@gmail.com,False,2025-10-28T08:00:05.007981
APP_0070,62,6226800.0,1,902850.0,12,2943150.0,land,0,837,1605600.0,43415700.0,1,bank,0.2578531508961202,0.30676316191833713,3.259843827877843,0.012082851543927603,1.5434506051951278,JPY,dzoan,dzoan@gmail.com,False,2025-10-28T08:00:05.007981
APP_0071,53,21609450.0,13,10368150.0,36,27056400.0,deposit,0,476,6692550.0,35946450.0,1,non-bank,0.3097047819356788,0.38320508271610204,2.6095687273042545,0.013327695367474166,1.1110775956040162,JPY,dzoan,dzoan@gmail.com,False,2025-10-28T08:00:05.007981
APP_0072,56,15269550.0,6,3729000.0,12,21307800.0,land,0,475,743550.0,38720400.0,4,bank,0.04869495171763363,0.17500633570804935,5.71407884151224,0.020350959915262798,2.3544619129257014,JPY,dzoan,dzoan@gmail.com,False,2025-10-28T08:00:05.007981
APP_0073,40,15679050.0,3,11530500.0,72,14139150.0,car,0,463,3110550.0,38540550.0,4,bank,0.19838893300295427,0.8155016390659889,1.226239104982422,0.010214001060721635,0.18135577034143485,JPY,dzoan,dzoan@gmail.com,False,2025-10-28T08:00:05.007981
APP_0074,41,5532900.0,3,8232450.0,60,7162050.0,deposit,1,553,1552350.0,9660900.0,1,non-bank,0.28056715284931194,1.1494544159842264,0.8699779531002156,0.02479847819366146,0.0,JPY,dzoan,dzoan@gmail.com,False,2025-10-28T08:00:05.007981
APP_0075,48,15409950.0,20,7400850.0,60,29341650.0,land,0,397,784800.0,42002400.0,1,non-bank,0.05092813409517827,0.25223019155364346,3.9646324408681983,0.008004406243884179,2.1290618621084243,JPY,dzoan,dzoan@gmail.com,False,2025-10-28T08:00:05.007981
APP_0076,55,17357100.0,15,3083400.0,60,9899550.0,deposit,0,533,3170400.0,27350850.0,2,non-bank,0.18265724112898885,0.3114687031228645,3.2105954465847826,0.002960748051180385,1.6882982092757797,JPY,dzoan,dzoan@gmail.com,False,2025-10-28T08:00:05.007981
APP_0077,58,14639700.0,16,10888950.0,48,15326700.0,real_estate,0,415,3910800.0,43353750.0,3,non-bank,0.2671366216520803,0.7104562626005528,1.4075461821387543,0.01549574957104801,0.29867567187502136,JPY,dzoan,dzoan@gmail.com,False,2025-10-28T08:00:05.007981
APP_0078,21,5334150.0,22,3114150.0,60,12550800.0,car,0,328,1320900.0,39699300.0,4,bank,0.24763083152891519,0.24812362558561707,4.030249024613264,0.009730228808551223,1.69706580783361,JPY,dzoan,dzoan@gmail.com,False,2025-10-28T08:00:05.007981
APP_0079,50,13560450.0,16,6702900.0,12,7839750.0,deposit,0,502,583350.0,26712900.0,4,bank,0.0430184838998701,0.8549889983736563,1.1696056930582024,0.04119147963035488,0.16230951328209148,JPY,dzoan,dzoan@gmail.com,False,2025-10-28T08:00:05.007981
APP_0080,25,21298800.0,18,12667200.0,72,13198350.0,land,0,669,1010100.0,17789100.0,4,bank,0.0474252070539182,0.9597563331779999,1.0419311292155995,0.008260246273540696,0.0399425367305674,JPY,dzoan,dzoan@gmail.com,False,2025-10-28T08:00:05.007981
APP_0081,33,17314050.0,2,13865100.0,60,5562750.0,deposit,2,719,4886550.0,6601950.0,0,bank,0.28223032739306847,2.492490225158353,0.4012051842395612,0.013346675098902139,0.0,JPY,dzoan,dzoan@gmail.com,False,2025-10-28T08:00:05.007981
APP_0082,57,6326250.0,25,14845050.0,60,1247700.0,real_estate,1,494,6452100.0,5898000.0,1,bank,1.0198933017190037,11.897932195237809,0.08404821809289881,0.03910966212145751,0.0,JPY,dzoan,dzoan@gmail.com,False,2025-10-28T08:00:05.007981
APP_0083,32,21748800.0,13,14401650.0,36,9551700.0,real_estate,1,478,1352100.0,18452250.0,2,bank,0.06216894725226177,1.50775778133733,0.6632365041505591,0.018393926714219553,0.0,JPY,dzoan,dzoan@gmail.com,False,2025-10-28T08:00:05.007981
APP_0084,56,21729000.0,4,8672550.0,60,4427550.0,deposit,0,733,2402850.0,36776850.0,0,non-bank,0.11058263150628117,1.9587695226478992,0.5105245861943631,0.006652054857452712,0.0,JPY,dzoan,dzoan@gmail.com,False,2025-10-28T08:00:05.007981
APP_0085,41,6926100.0,24,3606750.0,36,13145550.0,car,0,674,2578500.0,23482350.0,1,non-bank,0.3722874344869327,0.2743704143227144,3.644707839467513,0.014465211301773705,1.3664604265130191,JPY,dzoan,dzoan@gmail.com,False,2025-10-28T08:00:05.007981
APP_0086,31,18766500.0,22,12706650.0,12,26047500.0,land,1,757,2705550.0,22456650.0,0,non-bank,0.14416913116457403,0.48782608695651897,2.049910873440261,0.05642434657031151,0.8985461350161544,JPY,dzoan,dzoan@gmail.com,False,2025-10-28T08:00:05.007981
APP_0087,35,11375850.0,1,12173100.0,72,5881950.0,car,0,798,1832250.0,12133650.0,4,bank,0.16106488745895697,2.0695687654603816,0.48319244892426144,0.014862259376748366,0.0,JPY,dzoan,dzoan@gmail.com,False,2025-10-28T08:00:05.007981
APP_0088,44,14881500.0,5,14862000.0,24,1235400.0,car,0,751,414450.0,26050950.0,0,bank,0.027850015119443322,12.030111704709563,0.08312474767864268,0.04161206867413847,0.0,JPY,dzoan,dzoan@gmail.com,False,2025-10-28T08:00:05.007981
APP_0089,54,12097200.0,0,10026000.0,12,4399500.0,deposit,0,815,3938550.0,29256150.0,0,non-bank,0.3255753397480368,2.278895329014583,0.43880909634948473,0.06906556888621868,0.0,JPY,dzoan,dzoan@gmail.com,False,2025-10-28T08:00:05.007981
APP_0090,47,18424200.0,8,2767650.0,48,15835200.0,real_estate,1,529,2680200.0,44223150.0,0,bank,0.14547171654671454,0.1747783419217928,5.721532708253985,0.0031295456518491056,2.1155257408381334,JPY,dzoan,dzoan@gmail.com,False,2025-10-28T08:00:05.007981
APP_0091,62,22437300.0,2,7916250.0,24,9115200.0,deposit,0,517,2566800.0,33229500.0,0,non-bank,0.1143987912984175,0.8684669562927715,1.1514542870677187,0.014700688139225947,0.1341280996902393,JPY,dzoan,dzoan@gmail.com,False,2025-10-28T08:00:05.007981
APP_0092,59,18658350.0,21,7137450.0,72,15297600.0,deposit,1,476,1986000.0,27913650.0,2,bank,0.10644028008907454,0.4665731879510466,2.143286467856122,0.005312969796290796,1.021594735995495,JPY,dzoan,dzoan@gmail.com,False,2025-10-28T08:00:05.007981
APP_0093,54,21213150.0,15,12761850.0,36,2042250.0,land,1,429,6969900.0,41088300.0,1,bank,0.32856506459436485,6.248916636062707,0.16002773892499722,0.0167111359380141,0.0,JPY,dzoan,dzoan@gmail.com,False,2025-10-28T08:00:05.007981
APP_0094,47,21487950.0,29,6344100.0,12,10793100.0,car,0,711,4578600.0,19986600.0,4,bank,0.21307756207548734,0.5877922005725799,1.7012815056508797,0.024603324186622737,0.5518541520981927,JPY,dzoan,dzoan@gmail.com,False,2025-10-28T08:00:05.007981
APP_0095,33,5439450.0,22,5432400.0,72,13011750.0,real_estate,1,692,3140100.0,42170250.0,1,bank,0.577282629677617,0.4174995676984216,2.395212060967462,0.013870887681465958,0.5897803734542544,JPY,dzoan,dzoan@gmail.com,False,2025-10-28T08:00:05.007981
APP_0096,39,8500800.0,18,1890600.0,48,13622100.0,land,0,740,1540350.0,17594250.0,2,bank,0.1812005928853723,0.1387891734754538,7.205172960964201,0.004633387445790836,2.1154767424769907,JPY,dzoan,dzoan@gmail.com,False,2025-10-28T08:00:05.007981
APP_0097,26,17284800.0,15,12655200.0,24,17073300.0,car,0,392,6008400.0,7058250.0,3,bank,0.34761177450707836,0.7412275307058324,1.34911340792716,0.03050657224717813,0.22775747669340002,JPY,dzoan,dzoan@gmail.com,False,2025-10-28T08:00:05.007981
APP_0098,37,14813850.0,1,11513400.0,60,23680650.0,real_estate,0,570,6662700.0,19666350.0,3,non-bank,0.44976154072033486,0.48619442456182277,2.056790348637213,0.012953418591169743,0.5814866932157711,JPY,dzoan,dzoan@gmail.com,False,2025-10-28T08:00:05.007981
APP_0099,61,4690200.0,2,1337400.0,48,14656200.0,car,2,422,242250.0,7101300.0,3,non-bank,0.05165024945631151,0.09125148401359058,10.958725886046325,0.00594057822681733,2.5854342853279753,JPY,dzoan,dzoan@gmail.com,False,2025-10-28T08:00:05.007981
APP_0100,39,5532150.0,18,6931350.0,12,25426650.0,deposit,0,791,6972450.0,6650250.0,1,bank,1.260350858165417,0.2726017780556998,3.6683546495270694,0.10441012986846887,0.0,JPY,dzoan,dzoan@gmail.com,False,2025-10-28T08:00:05.007981
APP_0101,26,13510200.0,0,7585950.0,60,16456350.0,car,0,447,5245650.0,39832500.0,2,bank,0.3882733046142871,0.4609740313009829,2.169319597413597,0.009358299654919348,0.7153040131755896,JPY,dzoan,dzoan@gmail.com,False,2025-10-28T08:00:05.007981
APP_0102,49,15303000.0,1,7437900.0,36,8697900.0,real_estate,0,379,748650.0,36071550.0,4,bank,0.04892178004312832,0.8551374469699435,1.1694026539748887,0.013501165348467112,0.16111517459844257,JPY,dzoan,dzoan@gmail.com,False,2025-10-28T08:00:05.007981
APP_0103,63,6894600.0,6,13844700.0,60,7795650.0,land,0,613,5648550.0,11122650.0,4,non-bank,0.8192716038638758,1.7759519732157978,0.5630782898870987,0.033467496300894795,0.0,JPY,dzoan,dzoan@gmail.com,False,2025-10-28T08:00:05.007981
APP_0104,59,6961650.0,26,2896950.0,72,10487700.0,real_estate,0,783,805500.0,37940550.0,3,bank,0.11570532847816002,0.2762235761892463,3.6202557862577733,0.005779580511244744,1.9200949048469473,JPY,dzoan,dzoan@gmail.com,False,2025-10-28T08:00:05.007981
APP_0105,33,6175050.0,13,5115300.0,48,18406950.0,deposit,0,803,381450.0,4497150.0,3,bank,0.06177277916777852,0.27790046694319037,3.5984106504016307,0.017257957425085988,2.032480314192406,JPY,dzoan,dzoan@gmail.com,False,2025-10-28T08:00:05.007981
APP_0106,40,14342700.0,21,3328200.0,60,8183400.0,deposit,0,352,864900.0,13871250.0,4,bank,0.06030245351293626,0.4067013710682527,2.458806562105532,0.003867472651528298,1.370836947209856,JPY,dzoan,dzoan@gmail.com,False,2025-10-28T08:00:05.007981
APP_0107,44,3897150.0,12,4228200.0,24,27528150.0,deposit,1,479,3448650.0,32215350.0,3,bank,0.8849159000807942,0.15359550133227176,6.510607350645434,0.04520611215700002,0.2922230996902263,JPY,dzoan,dzoan@gmail.com,False,2025-10-28T08:00:05.007981
APP_0108,31,14482950.0,5,13676100.0,24,15019950.0,deposit,0,384,4646700.0,14715150.0,4,non-bank,0.32083933176596974,0.9105289964347326,1.098262662601168,0.039345402696015025,0.06673613559467868,JPY,dzoan,dzoan@gmail.com,False,2025-10-28T08:00:05.007981
APP_0109,32,12673650.0,11,14155200.0,36,26062200.0,real_estate,1,469,3054900.0,33276900.0,0,non-bank,0.24104342474346094,0.5431314317287075,1.8411749745676305,0.03102500068954667,0.6384152778893675,JPY,dzoan,dzoan@gmail.com,False,2025-10-28T08:00:05.007981
APP_0110,31,12487200.0,2,1386150.0,72,20877750.0,real_estate,0,593,914700.0,39533400.0,1,bank,0.07325100903324916,0.06639364874088396,15.061681636184929,0.0015417454139491408,2.595656231968607,JPY,dzoan,dzoan@gmail.com,False,2025-10-28T08:00:05.007981
APP_0111,64,16486350.0,23,9757200.0,48,10800450.0,car,0,454,1493700.0,4373550.0,0,bank,0.0906022254774396,0.9034068024943279,1.1069210429221328,0.012329897157088335,0.09723375848304537,JPY,dzoan,dzoan@gmail.com,False,2025-10-28T08:00:05.007981
APP_0112,53,13549200.0,5,4068000.0,36,7773600.0,car,0,337,6392850.0,2542650.0,0,non-bank,0.47182490479142153,0.5233096634763715,1.9109144542772156,0.008339975791696918,0.4811223286147683,JPY,dzoan,dzoan@gmail.com,False,2025-10-28T08:00:05.007981
APP_0113,57,17395200.0,11,3493950.0,60,22625550.0,deposit,0,580,7219650.0,42390000.0,2,bank,0.41503690673288823,0.15442497530446672,6.475636457304492,0.003347618883314303,1.4838905461059406,JPY,dzoan,dzoan@gmail.com,False,2025-10-28T08:00:05.007981
APP_0114,56,18073500.0,29,4911750.0,72,10725150.0,land,2,329,5656950.0,24139800.0,1,bank,0.3129969292057406,0.45796562285841513,2.1835700106885882,0.0037745179405788555,0.8131162318430851,JPY,dzoan,dzoan@gmail.com,False,2025-10-28T08:00:05.007981
APP_0115,63,21002100.0,17,3519900.0,72,8309700.0,land,0,424,775500.0,23531550.0,2,non-bank,0.0369248789406771,0.42358929925267297,2.360777294809411,0.0023277434161022305,1.3105307579334098,JPY,dzoan,dzoan@gmail.com,False,2025-10-28T08:00:05.007981
APP_0116,25,18735750.0,13,7735200.0,24,27994950.0,deposit,0,300,6148500.0,21669750.0,2,bank,0.3281694087506479,0.27630697679402744,3.6191630468506903,0.01720240716206014,1.458597334990499,JPY,dzoan,dzoan@gmail.com,False,2025-10-28T08:00:05.007981
APP_0117,59,13456950.0,16,14937450.0,60,15099600.0,land,0,347,5189850.0,20362050.0,3,bank,0.3856631703320546,0.9892613049352202,1.0108552664611328,0.01850029167053812,0.006668789982945384,JPY,dzoan,dzoan@gmail.com,False,2025-10-28T08:00:05.007981
APP_0118,23,12977850.0,23,9106800.0,48,2598750.0,car,1,539,3945450.0,31520400.0,4,bank,0.3040141471815404,3.504300144299942,0.2853636842798741,0.014619139533593407,0.0,JPY,dzoan,dzoan@gmail.com,False,2025-10-28T08:00:05.007981
APP_0119,41,8169450.0,7,11056200.0,36,15449250.0,car,0,767,1074150.0,26718900.0,4,bank,0.13148375961661804,0.7156463906014785,1.3973381451131301,0.03759331003410634,0.34509463195458273,JPY,dzoan,dzoan@gmail.com,False,2025-10-28T08:00:05.007981
APP_0120,47,14992350.0,19,7779300.0,36,14470050.0,land,0,726,7474950.0,8607450.0,1,bank,0.4985842779817657,0.5376138990535567,1.8600709575411312,0.01441346197631872,0.4312531001624153,JPY,dzoan,dzoan@gmail.com,False,2025-10-28T08:00:05.007981
APP_0121,36,6358650.0,26,948150.0,12,26082150.0,real_estate,1,354,3319500.0,28758750.0,1,bank,0.522044773654773,0.03635244793853247,27.508463850652188,0.012425986647073476,1.381741151587688,JPY,dzoan,dzoan@gmail.com,False,2025-10-28T08:00:05.007981
APP_0122,27,21210600.0,17,1948500.0,24,21692850.0,land,1,319,331200.0,30572250.0,3,bank,0.01561483409238766,0.08982222252954253,11.13310238645026,0.0038276852138372616,2.6878965074420345,JPY,dzoan,dzoan@gmail.com,False,2025-10-28T08:00:05.007981
APP_0123,29,19594500.0,13,4581300.0,48,6711000.0,land,2,485,1574700.0,6441600.0,0,non-bank,0.08036438796601025,0.6826553419758453,1.4648680505532885,0.004870945928602969,0.42750921418567167,JPY,dzoan,dzoan@gmail.com,False,2025-10-28T08:00:05.007981
APP_0124,57,5994900.0,4,4222200.0,72,5533050.0,land,0,658,3009450.0,17887800.0,2,bank,0.5020017014462168,0.7630872665166384,1.3104661077163098,0.009781925747860805,0.154611593401369,JPY,dzoan,dzoan@gmail.com,False,2025-10-28T08:00:05.007981
APP_0125,35,18486600.0,7,12728250.0,72,18583500.0,land,0,710,467400.0,35887050.0,2,non-bank,0.02528317808574839,0.6849221083218929,1.46002003417593,0.009562669717392232,0.44838926572886717,JPY,dzoan,dzoan@gmail.com,False,2025-10-28T08:00:05.007981
APP_0126,34,5945550.0,28,12771000.0,24,2564250.0,deposit,0,752,2429400.0,28414050.0,0,bank,0.40860811867698343,4.980403626791168,0.20078693915902981,0.08949970986331202,0.0,JPY,dzoan,dzoan@gmail.com,False,2025-10-28T08:00:05.007981
APP_0127,61,17272950.0,16,12921150.0,60,10387650.0,deposit,1,488,3513000.0,7432050.0,3,bank,0.20338158797425857,1.2438953950123284,0.8039261211269801,0.012467615548960016,0.0,JPY,dzoan,dzoan@gmail.com,False,2025-10-28T08:00:05.007981
APP_0128,27,5394450.0,9,9835500.0,12,5180250.0,land,0,392,7114800.0,3244050.0,1,non-bank,1.318911103078127,1.8986535398870164,0.5266890346194826,0.1519385664769671,0.0,JPY,dzoan,dzoan@gmail.com,False,2025-10-28T08:00:05.007981
APP_0129,61,12903600.0,12,8675400.0,60,1792050.0,car,1,314,647700.0,26782650.0,0,non-bank,0.05019529433646366,4.841047961831017,0.20656684418009189,0.011205400043211855,0.0,JPY,dzoan,dzoan@gmail.com,False,2025-10-28T08:00:05.007981
APP_0130,61,16084800.0,17,10000350.0,36,27662100.0,real_estate,0,380,4326450.0,21585000.0,3,bank,0.2689775440167089,0.36151810600062706,2.766113186038447,0.017270186759691206,1.2910683988023157,JPY,dzoan,dzoan@gmail.com,False,2025-10-28T08:00:05.007981
APP_0131,47,17415150.0,16,6546900.0,36,3786750.0,deposit,0,335,6868200.0,43305600.0,0,non-bank,0.3943807546877254,1.7288968112496839,0.5784035192228251,0.010442536144005659,0.0,JPY,dzoan,dzoan@gmail.com,False,2025-10-28T08:00:05.007981
APP_0132,28,11598900.0,20,10300350.0,60,1466550.0,deposit,1,773,6046350.0,24217800.0,3,bank,0.5212865013061516,7.023524598546893,0.1423786570359239,0.014800756968086335,0.0,JPY,dzoan,dzoan@gmail.com,False,2025-10-28T08:00:05.007981
APP_0133,27,21030300.0,7,12070800.0,36,28067250.0,land,0,447,6937050.0,42019650.0,0,bank,0.3298597737550083,0.430067071052559,2.3252187096132526,0.015943662239277793,0.888082365884333,JPY,dzoan,dzoan@gmail.com,False,2025-10-28T08:00:05.007981
APP_0134,33,18268500.0,19,11621250.0,60,6623550.0,deposit,1,752,1277550.0,10823100.0,2,bank,0.06993184990557459,1.7545349548202607,0.5699515972894408,0.010602266195734204,0.0,JPY,dzoan,dzoan@gmail.com,False,2025-10-28T08:00:05.007981
APP_0135,46,7654950.0,13,9496950.0,48,24716850.0,deposit,0,604,6010050.0,20959050.0,4,bank,0.7851194325240377,0.3842297865626058,2.6026092587619827,0.025846429434009915,0.3443695869650108,JPY,dzoan,dzoan@gmail.com,False,2025-10-28T08:00:05.007981
APP_0136,27,16335450.0,28,1578000.0,72,2100900.0,deposit,0,596,7339650.0,7573500.0,1,non-bank,0.44930809986868636,0.751106668570559,1.331368821292649,0.0013416628661201292,0.1824821258420143,JPY,dzoan,dzoan@gmail.com,False,2025-10-28T08:00:05.007981
APP_0137,41,17447400.0,4,11080500.0,48,5622300.0,land,0,550,2445150.0,26478900.0,3,bank,0.14014409023693955,1.9708126567418505,0.5074049005008731,0.013230839551749187,0.0,JPY,dzoan,dzoan@gmail.com,False,2025-10-28T08:00:05.007981
APP_0138,26,10005600.0,4,5974050.0,24,4386000.0,real_estate,0,750,3739650.0,9698550.0,3,bank,0.3737556968097809,1.3620725034199261,0.7341753082079813,0.024877943350686077,0.0,JPY,dzoan,dzoan@gmail.com,False,2025-10-28T08:00:05.007981
APP_0139,44,17591700.0,13,11347200.0,60,21540300.0,real_estate,0,323,3981300.0,22913400.0,4,bank,0.22631695629188572,0.526789320482998,1.8982920896784858,0.010750524394847933,0.6949933580813888,JPY,dzoan,dzoan@gmail.com,False,2025-10-28T08:00:05.007981
APP_0140,21,20594250.0,15,8438250.0,36,19060200.0,real_estate,0,351,3702450.0,16470000.0,0,non-bank,0.17978076404821605,0.4427157112727009,2.258785885699009,0.011381615418226965,1.0324803973949517,JPY,dzoan,dzoan@gmail.com,False,2025-10-28T08:00:05.007981
APP_0141,52,19070850.0,20,13306800.0,48,14894400.0,car,0,532,2173350.0,9579150.0,3,bank,0.11396188423693662,0.8934096036094012,1.1193074217693082,0.014536583319265911,0.10571092318104594,JPY,dzoan,dzoan@gmail.com,False,2025-10-28T08:00:05.007981
APP_0142,23,18047400.0,12,5572950.0,12,8159100.0,land,0,516,7281600.0,5711100.0,4,bank,0.40347086006848293,0.6830348935544236,1.464054046779494,0.025732931057176937,0.27682176140713854,JPY,dzoan,dzoan@gmail.com,False,2025-10-28T08:00:05.007981
APP_0143,29,15646800.0,27,14022300.0,12,3759150.0,car,0,600,7173600.0,23774250.0,3,bank,0.45847074162128554,3.7301783647897637,0.268083695256838,0.07468140449821124,0.0,JPY,dzoan,dzoan@gmail.com,False,2025-10-28T08:00:05.007981
APP_0144,28,8822400.0,14,12783750.0,48,17593200.0,real_estate,0,705,2855400.0,42708300.0,0,bank,0.3236534276387323,0.7266301752949941,1.3762158990906261,0.030187718193966154,0.2544523338177714,JPY,dzoan,dzoan@gmail.com,False,2025-10-28T08:00:05.007981
APP_0145,57,18660300.0,3,5468250.0,24,7844550.0,real_estate,0,623,6039600.0,10145400.0,4,bank,0.32366039131203417,0.6970763141289043,1.434563160060309,0.012210079687384696,0.2939122776254267,JPY,dzoan,dzoan@gmail.com,False,2025-10-28T08:00:05.007981
APP_0146,23,10578600.0,3,7626600.0,72,18197550.0,deposit,0,441,2981400.0,19117200.0,0,non-bank,0.28183313481934824,0.41910037340191053,2.38606325230111,0.010013139734797356,0.9954247008472068,JPY,dzoan,dzoan@gmail.com,False,2025-10-28T08:00:05.007981
APP_0147,39,13728600.0,29,8321700.0,72,20998950.0,deposit,0,480,5961000.0,11270250.0,2,bank,0.43420305056596703,0.39629124313358244,2.5233966617397434,0.008418860383801708,0.8619331839903503,JPY,dzoan,dzoan@gmail.com,False,2025-10-28T08:00:05.007981
APP_0148,47,9645600.0,4,11702850.0,60,25663650.0,car,1,713,4385550.0,36690150.0,2,bank,0.454668449863143,0.456008790643573,2.1929401812378755,0.02022139628397883,0.6505479182550039,JPY,dzoan,dzoan@gmail.com,False,2025-10-28T08:00:05.007981
APP_0149,43,9619050.0,28,10570350.0,60,15426750.0,deposit,1,410,3526200.0,19548150.0,2,bank,0.3665850577759701,0.685196168992166,1.459436064084896,0.018314958337576067,0.29101366798798534,JPY,dzoan,dzoan@gmail.com,False,2025-10-28T08:00:05.007981
APP_0150,50,6705150.0,8,12891150.0,48,1336500.0,land,0,577,960300.0,43887000.0,2,non-bank,0.14321827252186434,9.645454545453463,0.10367577756833055,0.04005363414605175,0.0,JPY,dzoan,dzoan@gmail.com,False,2025-10-28T08:00:05.007981
APP_0151,56,21774300.0,2,6020550.0,12,9283200.0,deposit,0,596,4909350.0,12164700.0,0,bank,0.22546534216943676,0.648542528438459,1.5419189276726826,0.023041498461865005,0.41973499121689867,JPY,dzoan,dzoan@gmail.com,False,2025-10-28T08:00:05.007981
APP_0152,38,6520800.0,9,7943250.0,36,25776900.0,deposit,0,712,2408100.0,5011950.0,2,bank,0.3692951785056964,0.3081538121341183,3.245132659805434,0.03383723367181929,1.309052179258396,JPY,dzoan,dzoan@gmail.com,False,2025-10-28T08:00:05.007981
APP_0153,57,5367300.0,18,6889800.0,36,16557600.0,land,0,692,1626300.0,26839500.0,4,non-bank,0.30300150913866464,0.41611103058413884,2.4032047374378998,0.035657282679934385,0.9780315843637138,JPY,dzoan,dzoan@gmail.com,False,2025-10-28T08:00:05.007981
APP_0154,34,21302250.0,12,13711050.0,72,19030500.0,car,0,555,1449000.0,29847600.0,2,bank,0.06802098369890457,0.720477654291789,1.3879680987232772,0.008939489959856531,0.3615781270043439,JPY,dzoan,dzoan@gmail.com,False,2025-10-28T08:00:05.007981
APP_0155,64,14156400.0,23,5095950.0,24,14385300.0,land,0,470,7363950.0,44597100.0,1,non-bank,0.520185216580481,0.35424704385726724,2.822888764607105,0.014998958067810361,0.8746489777878518,JPY,dzoan,dzoan@gmail.com,False,2025-10-28T08:00:05.007981
APP_0156,43,11960700.0,18,9116400.0,36,5886900.0,car,0,502,774600.0,39406200.0,4,bank,0.06476209586395364,1.548590939203956,0.645748321705926,0.021172116458593217,0.0,JPY,dzoan,dzoan@gmail.com,False,2025-10-28T08:00:05.007981
APP_0157,53,17577900.0,12,2462250.0,36,27025050.0,car,1,526,5988900.0,39961350.0,0,non-bank,0.3407062277063784,0.09110991469025909,10.97575388364234,0.0038910127678182757,1.797676718832392,JPY,dzoan,dzoan@gmail.com,False,2025-10-28T08:00:05.007981
APP_0158,59,10937100.0,19,12866400.0,12,23460450.0,land,0,420,6496050.0,29089050.0,2,bank,0.5939462928929891,0.5484293779531049,1.8233888267114131,0.09803329949535391,0.3343400854766688,JPY,dzoan,dzoan@gmail.com,False,2025-10-28T08:00:05.007981
APP_0159,55,6148500.0,29,6225000.0,12,29861250.0,land,0,643,232800.0,17151900.0,2,bank,0.037862893388630456,0.2084641466783865,4.796987951807114,0.08437017157953293,2.2846980470820557,JPY,dzoan,dzoan@gmail.com,False,2025-10-28T08:00:05.007981
APP_0160,58,17431500.0,12,5603400.0,36,25838100.0,land,1,414,4419900.0,20162550.0,2,bank,0.25355821357886366,0.2168657912152971,4.611146803726186,0.008929237300041594,1.7536922934382702,JPY,dzoan,dzoan@gmail.com,False,2025-10-28T08:00:05.007981
APP_0161,44,7049850.0,4,9056550.0,12,9584550.0,car,2,656,4330500.0,7317900.0,4,non-bank,0.614268388689108,0.9449113416905185,1.0583003461582878,0.10705369616900945,0.02248828646363151,JPY,dzoan,dzoan@gmail.com,False,2025-10-28T08:00:05.007981
APP_0162,22,14118600.0,12,7858050.0,12,8522700.0,car,0,713,2689950.0,20251800.0,2,bank,0.1905252645446412,0.9220141504452652,1.084582052799338,0.0463811921823285,0.06846703481404491,JPY,dzoan,dzoan@gmail.com,False,2025-10-28T08:00:05.007981
APP_0163,42,21544950.0,25,12833550.0,36,8356050.0,real_estate,0,829,5000250.0,17353050.0,4,non-bank,0.23208454881538204,1.53583930206255,0.6511097864581431,0.01654622080766468,0.0,JPY,dzoan,dzoan@gmail.com,False,2025-10-28T08:00:05.007981
APP_0164,28,21302550.0,6,8322600.0,24,27661200.0,land,0,365,3064950.0,3061500.0,0,non-bank,0.14387714146897806,0.3008763177302487,3.3236248287794083,0.016278567588647774,1.7956072959945404,JPY,dzoan,dzoan@gmail.com,False,2025-10-28T08:00:05.007981
APP_0165,60,10514550.0,28,8117100.0,48,17239650.0,land,0,717,3297600.0,10394250.0,3,bank,0.3136225516070543,0.4708390251542189,2.1238681302435207,0.016083070601830278,0.771397739566717,JPY,dzoan,dzoan@gmail.com,False,2025-10-28T08:00:05.007981
APP_0166,31,18380550.0,17,2245950.0,12,14288250.0,deposit,2,347,3236250.0,24755100.0,2,bank,0.1760692688738897,0.15718859902367163,6.361784545514836,0.010182638712356355,2.0832546414235424,JPY,dzoan,dzoan@gmail.com,False,2025-10-28T08:00:05.007981
APP_0167,31,15237600.0,18,1062600.0,24,29085900.0,land,0,485,6004950.0,17566350.0,1,bank,0.39408765159867304,0.03653316555444372,27.372388481080268,0.002905641308221424,1.7513293567970982,JPY,dzoan,dzoan@gmail.com,False,2025-10-28T08:00:05.007981
APP_0168,31,12738150.0,9,6429300.0,36,18578550.0,car,0,396,4748550.0,44719050.0,1,bank,0.372781761872795,0.34606037607886236,2.889669170827239,0.01402022009959874,1.1852349679695768,JPY,dzoan,dzoan@gmail.com,False,2025-10-28T08:00:05.007981
APP_0169,49,6373650.0,27,14974350.0,72,27391500.0,real_estate,0,389,2842800.0,22315950.0,3,bank,0.44602386387704585,0.5466787141996575,1.8292279798455175,0.0326307662533148,0.45937251223987124,JPY,dzoan,dzoan@gmail.com,False,2025-10-28T08:00:05.007981
APP_0170,46,10806600.0,1,13822050.0,48,29557800.0,real_estate,0,396,6950700.0,43203750.0,3,bank,0.6431902726111731,0.46762783427724425,2.1384526897240046,0.026646621045842065,0.4062109938655045,JPY,dzoan,dzoan@gmail.com,False,2025-10-28T08:00:05.007981
APP_0171,62,15973350.0,8,9712950.0,72,3487950.0,car,1,324,6015300.0,30240900.0,3,non-bank,0.3765834968869989,2.7847159506299066,0.35910305314038954,0.008445447156135589,0.0,JPY,dzoan,dzoan@gmail.com,False,2025-10-28T08:00:05.007981
APP_0172,39,22249200.0,12,9739350.0,36,11612100.0,car,0,752,6995700.0,3257250.0,0,bank,0.3144247883069932,0.8387242617614277,1.1922869596020085,0.012159425956550497,0.131827173034971,JPY,dzoan,dzoan@gmail.com,False,2025-10-28T08:00:05.007981
APP_0173,33,3841650.0,14,6328800.0,36,22343100.0,car,0,333,5478750.0,10349850.0,2,non-bank,1.4261450158134619,0.28325523315922846,3.5303849070913085,0.04576158681689114,0.0,JPY,dzoan,dzoan@gmail.com,False,2025-10-28T08:00:05.007981
APP_0174,23,17208000.0,14,3279450.0,36,24618900.0,car,1,519,2936100.0,32202150.0,4,bank,0.17062412831241133,0.1332086323921857,7.507020994373713,0.005293807143816952,2.156687538243024,JPY,dzoan,dzoan@gmail.com,False,2025-10-28T08:00:05.007981
APP_0175,21,19618800.0,4,871650.0,72,5476350.0,deposit,1,684,5797050.0,25212600.0,0,non-bank,0.2954844332986704,0.15916623298364352,6.282739631731839,0.0006170739290798502,1.7771414336134264,JPY,dzoan,dzoan@gmail.com,False,2025-10-28T08:00:05.007981
APP_0176,37,21584850.0,6,5578650.0,72,10369800.0,real_estate,0,844,2469450.0,14626650.0,2,non-bank,0.11440663242968949,0.5379708383961039,1.8588368153585046,0.0035896126217658834,0.7605801875067357,JPY,dzoan,dzoan@gmail.com,False,2025-10-28T08:00:05.007981
APP_0177,61,11696250.0,2,5259600.0,72,16987350.0,car,0,769,2031900.0,24210600.0,2,bank,0.1737223469060574,0.30961862797905226,3.2297798311657764,0.006245591535661813,1.7113400994397345,JPY,dzoan,dzoan@gmail.com,False,2025-10-28T08:00:05.007981
APP_0178,44,5971350.0,17,3480300.0,60,24217200.0,real_estate,0,375,3382800.0,40779900.0,4,bank,0.5665050616694576,0.1437119072394818,6.958365658132619,0.009713883794959565,1.113589661893196,JPY,dzoan,dzoan@gmail.com,False,2025-10-28T08:00:05.007981
APP_0179,60,8830500.0,10,4443000.0,48,4453350.0,car,0,843,7269750.0,18408750.0,1,bank,0.8232546288431999,0.9976759069015124,1.0023295070897704,0.010482135779182385,0.0004117295952057778,JPY,dzoan,dzoan@gmail.com,False,2025-10-28T08:00:05.007981
APP_0180,25,19697400.0,16,1103700.0,48,18501000.0,land,0,659,4259400.0,3462450.0,2,bank,0.21624173748819478,0.05965623479811853,16.762707257404625,0.0011673494978789482,2.211006586735307,JPY,dzoan,dzoan@gmail.com,False,2025-10-28T08:00:05.007981
APP_0181,25,20211150.0,17,9413400.0,72,9737550.0,real_estate,0,398,2877600.0,15026700.0,3,bank,0.14237685633919786,0.9667113390945212,1.034434954426652,0.006468789092399485,0.02953221386722851,JPY,dzoan,dzoan@gmail.com,False,2025-10-28T08:00:05.007981
APP_0182,57,15695100.0,21,13966200.0,24,7431000.0,car,1,546,3463500.0,42210450.0,0,bank,0.22067396830857827,1.8794509487282625,0.5320702839712964,0.03707685838100729,0.0,JPY,dzoan,dzoan@gmail.com,False,2025-10-28T08:00:05.007981
APP_0183,25,6051300.0,16,10593750.0,36,16043400.0,real_estate,1,804,2184000.0,34637250.0,4,bank,0.36091418372910716,0.6603182617150916,1.5144212389380316,0.04862935787767123,0.328759317393811,JPY,dzoan,dzoan@gmail.com,False,2025-10-28T08:00:05.007981
APP_0184,23,6036000.0,19,7136850.0,72,13123950.0,deposit,1,516,4940550.0,37930050.0,4,bank,0.8185139165009737,0.5438035042803362,1.838899514491649,0.01642195438457381,0.1522485873343299,JPY,dzoan,dzoan@gmail.com,False,2025-10-28T08:00:05.007981
APP_0185,38,12715650.0,17,6738750.0,36,19508400.0,land,2,401,2628150.0,41154750.0,3,bank,0.20668624883509445,0.34542812326997335,2.8949582637728906,0.014721032742706678,1.503296448534632,JPY,dzoan,dzoan@gmail.com,False,2025-10-28T08:00:05.007981
APP_0186,61,14779800.0,19,5132250.0,24,10347900.0,real_estate,1,781,4157850.0,6611400.0,3,bank,0.2813197742865233,0.4959701968515279,2.0162501826683616,0.014468649778149071,0.7303589106614914,JPY,dzoan,dzoan@gmail.com,False,2025-10-28T08:00:05.007981
APP_0187,51,4357050.0,18,2779200.0,48,24910200.0,real_estate,1,824,2773500.0,13796250.0,3,bank,0.6365545495231646,0.11156875496784384,8.96308290155392,0.01328880779398716,0.9686888822052233,JPY,dzoan,dzoan@gmail.com,False,2025-10-28T08:00:05.007981
APP_0188,25,16614300.0,9,9278250.0,24,3449400.0,real_estate,1,836,2405250.0,4102350.0,3,non-bank,0.1447698669218672,2.6898156201077277,0.37177269420418124,0.02326873536555187,0.0,JPY,dzoan,dzoan@gmail.com,False,2025-10-28T08:00:05.007981
APP_0189,57,13959450.0,7,8822850.0,72,26022000.0,car,0,825,7276650.0,1705950.0,4,bank,0.5212705371629914,0.3390534931980612,2.9493871028068663,0.00877825296352149,0.9332290405881344,JPY,dzoan,dzoan@gmail.com,False,2025-10-28T08:00:05.007981
APP_0190,58,3980550.0,23,854100.0,72,2059200.0,deposit,0,780,2592900.0,37809750.0,2,non-bank,0.6513923955232072,0.41477272727269704,2.4109589041091652,0.0029801158130998966,0.4918710035767836,JPY,dzoan,dzoan@gmail.com,False,2025-10-28T08:00:05.007981
APP_0191,56,5543850.0,10,6671100.0,24,22393650.0,land,0,549,528900.0,42257100.0,2,bank,0.09540301415081319,0.297901414016918,3.3568152178800346,0.05013889264471635,1.9053487939478162,JPY,dzoan,dzoan@gmail.com,False,2025-10-28T08:00:05.007981
APP_0192,60,12268350.0,16,4711800.0,48,11178450.0,deposit,0,405,2839350.0,8275350.0,3,non-bank,0.2314369903043168,0.42150745407457535,2.3724372851138935,0.008001279715524398,1.0548045304657412,JPY,dzoan,dzoan@gmail.com,False,2025-10-28T08:00:05.007981
APP_0193,31,17298450.0,5,3176400.0,72,12240000.0,car,0,639,3991050.0,32914350.0,0,non-bank,0.23071720298639273,0.2595098039215654,3.853418964865704,0.0025503248363901707,1.7089391076011178,JPY,dzoan,dzoan@gmail.com,False,2025-10-28T08:00:05.007981
APP_0194,64,19226100.0,12,10768200.0,60,1748100.0,car,0,421,709650.0,24768000.0,4,bank,0.03691076193299704,6.159945083232696,0.16233910960048806,0.00933470646657447,0.0,JPY,dzoan,dzoan@gmail.com,False,2025-10-28T08:00:05.007981
APP_0195,35,11836800.0,15,8242950.0,24,21420450.0,car,0,560,2292600.0,4511250.0,3,non-bank,0.19368410381183856,0.3848168455844739,2.598638836824148,0.029015971376189928,1.2890079063950832,JPY,dzoan,dzoan@gmail.com,False,2025-10-28T08:00:05.007981
APP_0196,56,9287850.0,18,9781200.0,48,5965950.0,real_estate,0,660,1245450.0,41334900.0,3,non-bank,0.13409454287052225,1.6395041862569675,0.6099404980983835,0.021939953810166123,0.0,JPY,dzoan,dzoan@gmail.com,False,2025-10-28T08:00:05.007981
APP_0197,46,21905700.0,15,10917000.0,48,20183700.0,deposit,0,820,3754800.0,39398850.0,1,bank,0.17140744189868273,0.5408819988406447,1.8488320967298453,0.010382571659214735,0.7033359584279048,JPY,dzoan,dzoan@gmail.com,False,2025-10-28T08:00:05.007981
APP_0198,55,12347700.0,10,14740650.0,48,22085250.0,real_estate,1,458,5423250.0,26183850.0,1,bank,0.43921135110181925,0.6674432030427503,1.4982548259404962,0.024870775528527452,0.2794156506461786,JPY,dzoan,dzoan@gmail.com,False,2025-10-28T08:00:05.007981
APP_0199,48,9663450.0,28,12189300.0,12,25542750.0,car,1,438,7263600.0,32293050.0,2,non-bank,0.7516570169038892,0.4772117332706905,2.095505894514015,0.10511515037748799,0.2720612018429883,JPY,dzoan,dzoan@gmail.com,False,2025-10-28T08:00:05.007981
APP_0200,49,12043350.0,15,9589950.0,24,21592950.0,land,0,704,2918100.0,18779550.0,3,bank,0.2422996923613416,0.44412412384597444,2.2516227926109798,0.033178579878799984,0.948354975008913,JPY,dzoan,dzoan@gmail.com,False,2025-10-28T08:00:05.007981
