application_id,customer_name,email,phone,address,national_id,age,income,employment_length,loan_amount,loan_duration_months,collateral_value,collateral_type,co_loaners,credit_score,existing_debt,assets_owned,current_loans,customer_type,DTI,LTV,CCR,ITI,CWI,currency_code,session_user_name,session_user_email,session_flagged,created_at
APP_0001,Alice Nguyen,felix.nguyen@gmail.com,+1-202-555-1000,"55 Nguyen Hue, Ho Chi Minh",99822506,26,20970750.0,26,11600400.0,24,10333950.0,car,0,552,4219950.0,4245450.0,4,bank,0.20123028503987556,1.1225523638105304,0.8908270404468696,0.023048770310067926,0.0,JPY,dzoan,dzoan@gmail.com,False,2025-10-28T08:00:05.007981
APP_0002,Julia Ngo,felix.nguyen@gmail.com,+1-202-555-1001,"10 Broadway, New York, NY",79966434,57,17591700.0,3,10024950.0,24,4776150.0,real_estate,0,511,5686200.0,8988450.0,3,bank,0.3232319787172332,2.0989604597844886,0.47642631634072274,0.023744507351909822,0.0,JPY,dzoan,dzoan@gmail.com,False,2025-10-28T08:00:05.007981
APP_0003,Bao Tran,giang.ho@gmail.com,+1-202-555-1002,"23 Elm St, Boston, MA",38837550,44,18399150.0,27,13622400.0,12,26832450.0,real_estate,0,755,5666400.0,43640700.0,1,bank,0.3079707486487122,0.507683793317417,1.9697300035235863,0.06169850237132644,0.6710815283513206,JPY,dzoan,dzoan@gmail.com,False,2025-10-28T08:00:05.007981
APP_0004,Ivan Pham,hanh.vo@gmail.com,+1-202-555-1003,"44 Maple Dr, Los Angeles, CA",97464377,35,13966800.0,25,8089800.0,36,5460600.0,real_estate,0,504,3993150.0,14061900.0,2,bank,0.28590299853939033,1.481485551038307,0.6749981458132338,0.016089345208667852,0.0,JPY,dzoan,dzoan@gmail.com,False,2025-10-28T08:00:05.007981
APP_0005,Emma Tran,chris.do@gmail.com,+1-202-555-1004,"55 Nguyen Hue, Ho Chi Minh",54937628,43,5823450.0,15,11019900.0,72,18302250.0,car,1,690,1930650.0,15013350.0,2,non-bank,0.3315302784431824,0.6021062984059288,1.6608363052296073,0.026282387015349486,0.44174906095148636,JPY,dzoan,dzoan@gmail.com,False,2025-10-28T08:00:05.007981
APP_0006,Chris Do,emma.tran@gmail.com,+1-202-555-1005,"10 Broadway, New York, NY",55066706,63,11079750.0,22,4807350.0,12,8004750.0,real_estate,0,555,3946350.0,35920350.0,3,bank,0.3561768090435205,0.6005621662137993,1.6651065555867057,0.0361571786336885,0.4282110249439382,JPY,dzoan,dzoan@gmail.com,False,2025-10-28T08:00:05.007981
APP_0007,Emma Tran,emma.tran@gmail.com,+1-202-555-1006,"44 Maple Dr, Los Angeles, CA",49032895,58,22444350.0,15,14475750.0,24,4829550.0,deposit,1,314,6200850.0,9737250.0,4,bank,0.27627665759979503,2.997328943690313,0.33363038184549676,0.026873411347393194,0.0,JPY,dzoan,dzoan@gmail.com,False,2025-10-28T08:00:05.007981
APP_0008,Ivan Pham,alice.nguyen@gmail.com,+1-202-555-1007,"19 Pine Ave, San Jose, CA",22950775,57,4578150.0,8,9632850.0,12,23560650.0,real_estate,0,591,7279800.0,23838900.0,1,bank,1.5901182792175357,0.40885332110955935,2.4458649309394036,0.17534102201393115,0.0,JPY,dzoan,dzoan@gmail.com,False,2025-10-28T08:00:05.007981
APP_0009,Ivan Pham,alice.nguyen@gmail.com,+1-202-555-1008,"8 Rue Lafayette, Paris, FR",94093522,41,20235000.0,23,11893500.0,48,5338950.0,land,0,327,6956250.0,13942950.0,2,non-bank,0.34377316530763274,2.2276852190036744,0.4488964560474152,0.012245181615756663,0.0,JPY,dzoan,dzoan@gmail.com,False,2025-10-28T08:00:05.007981
APP_0010,Giang Ho,ivan.pham@gmail.com,+1-202-555-1009,"22 Bay St, Toronto, CA",11254265,55,16584150.0,7,7315500.0,24,20502450.0,land,0,812,1360950.0,10110150.0,0,bank,0.08206329537540288,0.3568110152689043,2.8026040598728152,0.018379748132240525,1.6546764304625972,JPY,dzoan,dzoan@gmail.com,False,2025-10-28T08:00:05.007981
APP_0011,Ivan Pham,duy.le@gmail.com,+1-202-555-1010,"19 Pine Ave, San Jose, CA",25685067,37,9073200.0,9,13101900.0,60,21161100.0,car,0,630,4480350.0,43450200.0,3,bank,0.49380042322443307,0.6191502332109345,1.6151168914432072,0.024067032579063286,0.31137191011606324,JPY,dzoan,dzoan@gmail.com,False,2025-10-28T08:00:05.007981
APP_0012,Alice Nguyen,emma.tran@gmail.com,+1-202-555-1011,"14 High St, London, UK",30669042,51,18337200.0,15,1806900.0,48,2934450.0,deposit,2,504,784350.0,10195500.0,2,bank,0.04277370590929878,0.6157542299238044,1.624024572472055,0.0020528624871417366,0.5973327289290878,JPY,dzoan,dzoan@gmail.com,False,2025-10-28T08:00:05.007981
APP_0013,Giang Ho,bao.tran@gmail.com,+1-202-555-1012,"22 Bay St, Toronto, CA",35136775,49,19441800.0,25,2375850.0,60,6180750.0,real_estate,0,567,5017050.0,5601300.0,2,bank,0.2580548097398369,0.3843950976823108,2.601489993054953,0.002036719851008638,1.1882177975969692,JPY,dzoan,dzoan@gmail.com,False,2025-10-28T08:00:05.007981
APP_0014,Bao Tran,emma.tran@gmail.com,+1-202-555-1013,"23 Elm St, Boston, MA",21863999,31,4560300.0,11,7976400.0,48,24077550.0,real_estate,0,640,7442400.0,30816150.0,2,bank,1.6319978948752834,0.33127955294454586,3.0185986159168983,0.03643948862937363,0.0,JPY,dzoan,dzoan@gmail.com,False,2025-10-28T08:00:05.007981
APP_0015,Alice Nguyen,ivan.pham@gmail.com,+1-202-555-1014,"78 Oak St, Chicago, IL",11616527,32,5745300.0,14,11186850.0,36,15810000.0,car,0,443,394200.0,39227550.0,1,bank,0.0686126050858945,0.7075806451612836,1.4132664691132701,0.054086963835603616,0.3849111800727808,JPY,dzoan,dzoan@gmail.com,False,2025-10-28T08:00:05.007981
APP_0016,Alice Nguyen,emma.tran@gmail.com,+1-202-555-1015,"10 Broadway, New York, NY",70989279,23,16232700.0,1,12281250.0,72,4694850.0,real_estate,1,458,4924200.0,7045950.0,2,non-bank,0.3033506440702997,2.615898271510188,0.3822778625954152,0.01050798183076728,0.0,JPY,dzoan,dzoan@gmail.com,False,2025-10-28T08:00:05.007981
APP_0017,Ivan Pham,chris.do@gmail.com,+1-202-555-1016,"19 Pine Ave, San Jose, CA",97237891,27,22483200.0,3,7021200.0,36,29763000.0,car,0,530,7091250.0,32291100.0,3,bank,0.31540216695132156,0.23590363874609296,4.239018971115958,0.008674625201391015,1.5692961394644145,JPY,dzoan,dzoan@gmail.com,False,2025-10-28T08:00:05.007981
APP_0018,Giang Ho,duy.le@gmail.com,+1-202-555-1017,"55 Nguyen Hue, Ho Chi Minh",20964925,40,4199250.0,1,10007700.0,72,8831550.0,car,0,442,6353850.0,25024350.0,1,non-bank,1.5130916235041432,1.1331759430677322,0.882475493869707,0.0331001567735662,0.0,JPY,dzoan,dzoan@gmail.com,False,2025-10-28T08:00:05.007981
APP_0019,Ivan Pham,alice.nguyen@gmail.com,+1-202-555-1018,"14 High St, London, UK",36688168,42,16231500.0,2,8631600.0,72,1315350.0,deposit,1,716,2943600.0,37605750.0,0,bank,0.18135107661029312,6.562207777396902,0.15238773807868497,0.007385844397108534,0.0,JPY,dzoan,dzoan@gmail.com,False,2025-10-28T08:00:05.007981
APP_0020,Duy Le,giang.ho@gmail.com,+1-202-555-1019,"78 Oak St, Chicago, IL",55569693,28,6309750.0,26,14451600.0,48,27815850.0,car,1,357,779400.0,7022400.0,1,bank,0.12352311898252412,0.5195455109227265,1.924759196213548,0.04771583660108887,0.8105300559894923,JPY,dzoan,dzoan@gmail.com,False,2025-10-28T08:00:05.007981
APP_0021,Alice Nguyen,alice.nguyen@gmail.com,+1-202-555-1020,"55 Nguyen Hue, Ho Chi Minh",93475211,39,15939750.0,25,10070850.0,60,1677450.0,deposit,2,754,6929250.0,43951500.0,0,bank,0.43471509904483663,6.003666279173209,0.166564887770146,0.010530121237610438,0.0,JPY,dzoan,dzoan@gmail.com,False,2025-10-28T08:00:05.007981
APP_0022,Hanh Vo,emma.tran@gmail.com,+1-202-555-1021,"14 High St, London, UK",72483618,47,15437100.0,24,6690000.0,24,17136600.0,deposit,0,491,6909900.0,28431300.0,1,bank,0.44761645645878645,0.3903924932600365,2.5615246636770728,0.018057148038710814,0.8625605270489604,JPY,dzoan,dzoan@gmail.com,False,2025-10-28T08:00:05.007981
APP_0023,Duy Le,julia.ngo@gmail.com,+1-202-555-1022,"19 Pine Ave, San Jose, CA",78956930,31,5445750.0,1,14569800.0,60,29800800.0,deposit,0,608,4342200.0,38133600.0,3,bank,0.7973557361244789,0.4889063380848812,2.04538154264298,0.044590735894219566,0.2118405731779465,JPY,dzoan,dzoan@gmail.com,False,2025-10-28T08:00:05.007981
APP_0024,Hanh Vo,emma.tran@gmail.com,+1-202-555-1023,"14 High St, London, UK",62300494,35,16513650.0,2,2278350.0,60,17840850.0,real_estate,0,386,7341600.0,17245350.0,0,bank,0.44457766756591865,0.12770411723656558,7.830601092895659,0.0022994613546591324,1.4534778413313383,JPY,dzoan,dzoan@gmail.com,False,2025-10-28T08:00:05.007981
APP_0025,Giang Ho,alice.nguyen@gmail.com,+1-202-555-1024,"14 High St, London, UK",47533220,37,20569350.0,8,14780100.0,72,18037500.0,deposit,1,511,34500.0,42537000.0,3,bank,0.0016772528057522357,0.8194095634095566,1.2203909310491685,0.009979856760851172,0.22002127974172245,JPY,dzoan,dzoan@gmail.com,False,2025-10-28T08:00:05.007981
APP_0026,Ivan Pham,emma.tran@gmail.com,+1-202-555-1025,"23 Elm St, Boston, MA",27979808,43,19939500.0,16,2944650.0,24,12379350.0,land,0,715,4624500.0,28746750.0,1,non-bank,0.23192657789814014,0.2378679009802586,4.204014059395639,0.006153301235983192,1.756120228163299,JPY,dzoan,dzoan@gmail.com,False,2025-10-28T08:00:05.007981
APP_0027,Bao Tran,duy.le@gmail.com,+1-202-555-1026,"14 High St, London, UK",87788293,37,4293600.0,10,4857150.0,60,4854900.0,deposit,1,448,289050.0,7021650.0,4,bank,0.06732112912241241,1.0004634492986157,0.9995367653870788,0.018854224892548902,0.0,JPY,dzoan,dzoan@gmail.com,False,2025-10-28T08:00:05.007981
APP_0028,Felix Nguyen,felix.nguyen@gmail.com,+1-202-555-1027,"10 Broadway, New York, NY",82371206,53,8360850.0,14,12455850.0,36,17693400.0,car,0,372,7017600.0,41646150.0,3,non-bank,0.8393404976766566,0.703982841059372,1.420489167740442,0.041382853815547,0.0675555804215396,JPY,dzoan,dzoan@gmail.com,False,2025-10-28T08:00:05.007981
APP_0029,Felix Nguyen,julia.ngo@gmail.com,+1-202-555-1028,"8 Rue Lafayette, Paris, FR",12259119,35,8265450.0,5,11205900.0,24,27042300.0,deposit,0,587,5103000.0,36116700.0,1,non-bank,0.6173892528537355,0.41438413152727166,2.413219821701036,0.05648966480718374,0.5407130918629514,JPY,dzoan,dzoan@gmail.com,False,2025-10-28T08:00:05.007981
APP_0030,Hanh Vo,giang.ho@gmail.com,+1-202-555-1029,"19 Pine Ave, San Jose, CA",74386640,40,12249150.0,21,14577450.0,24,3823650.0,land,1,389,6850650.0,14558700.0,2,bank,0.5592755415681836,3.8124436075476122,0.2622989617525672,0.049586603966371906,0.0,JPY,dzoan,dzoan@gmail.com,False,2025-10-28T08:00:05.007981
APP_0031,Hanh Vo,julia.ngo@gmail.com,+1-202-555-1030,"55 Nguyen Hue, Ho Chi Minh",17594929,37,6431550.0,9,11437200.0,48,26554950.0,real_estate,0,473,4219950.0,25236750.0,0,bank,0.6561326585348636,0.43069936113605695,2.321805162102582,0.037047834502574095,0.45452562702711496,JPY,dzoan,dzoan@gmail.com,False,2025-10-28T08:00:05.007981
APP_0032,Giang Ho,alice.nguyen@gmail.com,+1-202-555-1031,"78 Oak St, Chicago, IL",76508559,29,19768950.0,1,9827250.0,24,13153200.0,car,1,547,624450.0,18380550.0,0,bank,0.031587413595562504,0.7471375786880674,1.3384415782644992,0.020712721210936126,0.32775108415394927,JPY,dzoan,dzoan@gmail.com,False,2025-10-28T08:00:05.007981
APP_0033,Hanh Vo,julia.ngo@gmail.com,+1-202-555-1032,"44 Maple Dr, Los Angeles, CA",84335845,51,18314250.0,22,5687400.0,12,16642500.0,real_estate,0,610,198900.0,25141950.0,4,bank,0.010860395593595062,0.34173952230734256,2.926205295917214,0.025878755611641224,1.9052859444091101,JPY,dzoan,dzoan@gmail.com,False,2025-10-28T08:00:05.007981
APP_0034,Hanh Vo,chris.do@gmail.com,+1-202-555-1033,"21 Königstr, Berlin, DE",21795197,31,18906450.0,27,817050.0,36,5963550.0,deposit,0,651,2516700.0,43493700.0,4,bank,0.13311330260307885,0.137007319465751,7.298880117494528,0.00120042807257326,2.244350624118154,JPY,dzoan,dzoan@gmail.com,False,2025-10-28T08:00:05.007981
APP_0035,Julia Ngo,chris.do@gmail.com,+1-202-555-1034,"22 Bay St, Toronto, CA",49045227,34,7466250.0,0,2515050.0,48,19107600.0,car,0,672,5575800.0,40603050.0,0,bank,0.74680060271219,0.13162563587263604,7.5973042285437105,0.007017830235915935,0.6596155968517017,JPY,dzoan,dzoan@gmail.com,False,2025-10-28T08:00:05.007981
APP_0036,Ivan Pham,chris.do@gmail.com,+1-202-555-1035,"78 Oak St, Chicago, IL",21137842,55,4023150.0,13,4993200.0,24,6451650.0,real_estate,0,764,1132650.0,10875900.0,1,non-bank,0.2815331270273188,0.7739415498360706,1.292087238644518,0.051713209796135744,0.20985500498419019,JPY,dzoan,dzoan@gmail.com,False,2025-10-28T08:00:05.007981
APP_0037,Hanh Vo,duy.le@gmail.com,+1-202-555-1036,"10 Broadway, New York, NY",61055398,62,20824350.0,24,1333350.0,72,9067650.0,land,0,336,6391050.0,43773450.0,0,non-bank,0.30690273645995936,0.14704471390051205,6.800652491843087,0.0008892834590151752,1.7735429241527028,JPY,dzoan,dzoan@gmail.com,False,2025-10-28T08:00:05.007981
APP_0038,Julia Ngo,bao.tran@gmail.com,+1-202-555-1037,"21 Königstr, Berlin, DE",93480628,50,9166950.0,21,7991550.0,60,21982350.0,car,0,499,1796100.0,20550600.0,1,bank,0.19593212573429228,0.3635439341107728,2.7506991760046033,0.014529641810828896,1.4076809649287678,JPY,dzoan,dzoan@gmail.com,False,2025-10-28T08:00:05.007981
APP_0039,Bao Tran,hanh.vo@gmail.com,+1-202-555-1038,"78 Oak St, Chicago, IL",17278259,61,16054950.0,25,11827050.0,48,2654850.0,real_estate,0,300,3723000.0,32160450.0,1,non-bank,0.23189109900684618,4.454884456748717,0.22447271297576032,0.015347097000916505,0.0,JPY,dzoan,dzoan@gmail.com,False,2025-10-28T08:00:05.007981
APP_0040,Felix Nguyen,julia.ngo@gmail.com,+1-202-555-1039,"44 Maple Dr, Los Angeles, CA",45782037,58,20801850.0,12,14476350.0,72,14078700.0,deposit,0,305,1523100.0,34743600.0,1,bank,0.07321944923167839,1.0282447953291032,0.9725310592794353,0.009665506513308803,0.0,JPY,dzoan,dzoan@gmail.com,False,2025-10-28T08:00:05.007981
APP_0041,Chris Do,alice.nguyen@gmail.com,+1-202-555-1040,"10 Broadway, New York, NY",97580845,42,4428000.0,11,7728150.0,36,18323400.0,deposit,0,416,3493050.0,22507800.0,2,bank,0.7888550135501088,0.42176397393496495,2.3709943518176595,0.04848031466290944,0.28947858383742286,JPY,dzoan,dzoan@gmail.com,False,2025-10-28T08:00:05.007981
APP_0042,Bao Tran,felix.nguyen@gmail.com,+1-202-555-1041,"19 Pine Ave, San Jose, CA",37085381,54,3852600.0,21,13218750.0,12,5002350.0,land,0,628,3391200.0,21364500.0,0,bank,0.8802367232517957,2.642508021229943,0.37842836879432196,0.2859270362633443,0.0,JPY,dzoan,dzoan@gmail.com,False,2025-10-28T08:00:05.007981
APP_0043,Emma Tran,bao.tran@gmail.com,+1-202-555-1042,"78 Oak St, Chicago, IL",21899503,35,3851700.0,4,14793900.0,12,9688800.0,land,0,791,40950.0,21353550.0,4,bank,0.010631669133109641,1.5269073569482052,0.6549185813071537,0.32007295477249437,0.0,JPY,dzoan,dzoan@gmail.com,False,2025-10-28T08:00:05.007981
APP_0044,Julia Ngo,ivan.pham@gmail.com,+1-202-555-1043,"19 Pine Ave, San Jose, CA",53972563,41,6681000.0,7,13002450.0,72,11092800.0,car,0,725,4258500.0,39020850.0,3,bank,0.6374045801526574,1.1721522068368513,0.8531315252125462,0.027030322306663836,0.0,JPY,dzoan,dzoan@gmail.com,False,2025-10-28T08:00:05.007981
APP_0045,Bao Tran,alice.nguyen@gmail.com,+1-202-555-1044,"19 Pine Ave, San Jose, CA",55753531,44,4718550.0,18,7375800.0,72,20312250.0,land,0,655,5899800.0,18305850.0,3,bank,1.2503417363384541,0.3631207768710973,2.753904661189239,0.02171041244985019,0.0,JPY,dzoan,dzoan@gmail.com,False,2025-10-28T08:00:05.007981
APP_0046,Ivan Pham,ivan.pham@gmail.com,+1-202-555-1045,"8 Rue Lafayette, Paris, FR",69657778,63,19124550.0,20,5384850.0,60,29329200.0,land,1,727,7021950.0,13676550.0,0,bank,0.36716942359427773,0.18360030276993483,5.446614111813548,0.004692790157075775,1.5499280729266778,JPY,dzoan,dzoan@gmail.com,False,2025-10-28T08:00:05.007981
APP_0047,Julia Ngo,duy.le@gmail.com,+1-202-555-1046,"78 Oak St, Chicago, IL",38236379,58,15111000.0,3,14685300.0,12,25283850.0,real_estate,1,394,2480250.0,17229450.0,3,bank,0.1641353980543958,0.5808173992489243,1.7217115074257754,0.08098570577049874,0.6032531018740213,JPY,dzoan,dzoan@gmail.com,False,2025-10-28T08:00:05.007981
APP_0048,Julia Ngo,felix.nguyen@gmail.com,+1-202-555-1047,"22 Bay St, Toronto, CA",96006092,42,22125750.0,15,4197150.0,24,6665250.0,real_estate,0,761,6604350.0,9977250.0,4,non-bank,0.29849157655672487,0.6297063125914115,1.5880418855651481,0.007903969356641566,0.4125163360614587,JPY,dzoan,dzoan@gmail.com,False,2025-10-28T08:00:05.007981
APP_0049,Felix Nguyen,chris.do@gmail.com,+1-202-555-1048,"22 Bay St, Toronto, CA",56892046,49,18777750.0,10,6614850.0,12,1722900.0,car,0,789,6590700.0,18530400.0,0,bank,0.3509845428765399,3.839369667420874,0.26045942084853946,0.029355886618687498,0.0,JPY,dzoan,dzoan@gmail.com,False,2025-10-28T08:00:05.007981
APP_0050,Giang Ho,chris.do@gmail.com,+1-202-555-1049,"23 Elm St, Boston, MA",35780160,29,21809700.0,15,1804800.0,12,2695050.0,car,0,352,7412850.0,6462300.0,3,non-bank,0.3398877563652847,0.6696721767684828,1.4932679521275354,0.006896014158262867,0.3256122145921004,JPY,dzoan,dzoan@gmail.com,False,2025-10-28T08:00:05.007981
APP_0051,Giang Ho,hanh.vo@gmail.com,+1-202-555-1050,"10 Broadway, New York, NY",96425599,56,8222850.0,28,12059850.0,24,18356550.0,real_estate,0,558,2797950.0,5404200.0,1,non-bank,0.34026523650558493,0.6569780269168172,1.5221209219019947,0.06110943893893888,0.3444613229265121,JPY,dzoan,dzoan@gmail.com,False,2025-10-28T08:00:05.007981
APP_0052,Giang Ho,duy.le@gmail.com,+1-202-555-1051,"22 Bay St, Toronto, CA",93232757,45,9146100.0,2,10010100.0,48,5700300.0,real_estate,0,756,6381600.0,32987400.0,3,non-bank,0.6977400203365255,1.7560654702383625,0.5694548506008845,0.022801385289429585,0.0,JPY,dzoan,dzoan@gmail.com,False,2025-10-28T08:00:05.007981
APP_0053,Giang Ho,alice.nguyen@gmail.com,+1-202-555-1052,"23 Elm St, Boston, MA",54924829,44,19676400.0,29,1958550.0,12,7860750.0,deposit,0,561,4237950.0,4868400.0,2,bank,0.2153823870220146,0.2491556149222355,4.013555947001301,0.008294835436685457,1.7673771874129165,JPY,dzoan,dzoan@gmail.com,False,2025-10-28T08:00:05.007981
APP_0054,Ivan Pham,chris.do@gmail.com,+1-202-555-1053,"55 Nguyen Hue, Ho Chi Minh",12237354,54,8341500.0,13,3912450.0,72,25604850.0,car,0,762,436950.0,26216850.0,4,bank,0.05238266498831052,0.15280112947351682,6.544454242226487,0.006514365921306437,2.4084610077396578,JPY,dzoan,dzoan@gmail.com,False,2025-10-28T08:00:05.007981
APP_0055,Felix Nguyen,bao.tran@gmail.com,+1-202-555-1054,"21 Königstr, Berlin, DE",63724249,48,4822950.0,23,8665200.0,36,26367900.0,land,1,814,2027550.0,35424300.0,0,bank,0.42039623052279973,0.3286268531054787,3.0429649633014293,0.049907214462788625,1.167391219997504,JPY,dzoan,dzoan@gmail.com,False,2025-10-28T08:00:05.007981
APP_0056,Alice Nguyen,alice.nguyen@gmail.com,+1-202-555-1055,"10 Broadway, New York, NY",59967823,24,16296150.0,12,8450850.0,24,25363950.0,land,0,561,5040300.0,33014850.0,1,bank,0.3092939129794432,0.3331835143974007,3.0013489767300983,0.021607480907166732,1.3817226165941126,JPY,dzoan,dzoan@gmail.com,False,2025-10-28T08:00:05.007981
APP_0057,Hanh Vo,alice.nguyen@gmail.com,+1-202-555-1056,"21 Königstr, Berlin, DE",23338758,33,18768000.0,9,12179250.0,48,8505450.0,land,0,332,1204350.0,20904150.0,1,bank,0.06417039641943682,1.4319348182635587,0.6983558100868194,0.013519521259309027,0.0,JPY,dzoan,dzoan@gmail.com,False,2025-10-28T08:00:05.007981
APP_0058,Hanh Vo,chris.do@gmail.com,+1-202-555-1057,"78 Oak St, Chicago, IL",67057759,28,21903600.0,23,4541850.0,60,19046850.0,land,1,487,3260400.0,9922950.0,1,bank,0.14885224346682635,0.23845675269138802,4.193632550612497,0.0034559387497369322,1.9445574793491387,JPY,dzoan,dzoan@gmail.com,False,2025-10-28T08:00:05.007981
APP_0059,Giang Ho,bao.tran@gmail.com,+1-202-555-1058,"44 Maple Dr, Los Angeles, CA",85671420,53,21146100.0,20,13926900.0,24,18790050.0,car,2,418,5811750.0,41984700.0,1,non-bank,0.2748379133740954,0.7411848292048125,1.349191133705261,0.027441821422192144,0.2532201711489859,JPY,dzoan,dzoan@gmail.com,False,2025-10-28T08:00:05.007981
APP_0060,Bao Tran,chris.do@gmail.com,+1-202-555-1059,"78 Oak St, Chicago, IL",19530766,22,6004200.0,4,7083600.0,12,6535050.0,deposit,0,560,1123050.0,37829400.0,1,non-bank,0.18704406915158922,1.0839396791149016,0.9225605624258657,0.09831451316591613,0.0,JPY,dzoan,dzoan@gmail.com,False,2025-10-28T08:00:05.007981
APP_0061,Hanh Vo,chris.do@gmail.com,+1-202-555-1060,"14 High St, London, UK",75099036,29,18226950.0,21,12471750.0,12,17141850.0,car,0,622,3724350.0,28131600.0,0,bank,0.20433204677688638,0.72756149423778,1.3744542666425956,0.057020647991758475,0.29794125991519277,JPY,dzoan,dzoan@gmail.com,False,2025-10-28T08:00:05.007981
APP_0062,Felix Nguyen,giang.ho@gmail.com,+1-202-555-1061,"21 Königstr, Berlin, DE",22630563,47,19614750.0,22,4146900.0,72,16327350.0,deposit,0,555,1611300.0,5274000.0,3,bank,0.08214736359117437,0.2539848781339263,3.9372422773636715,0.002936353169555204,2.0541958392168818,JPY,dzoan,dzoan@gmail.com,False,2025-10-28T08:00:05.007981
APP_0063,Chris Do,bao.tran@gmail.com,+1-202-555-1062,"22 Bay St, Toronto, CA",77394363,51,16839750.0,11,1276800.0,12,12609450.0,car,0,407,4023600.0,3030150.0,2,bank,0.2389346635193494,0.10125739029061416,9.875822368419891,0.00631838358592808,2.052005540003915,JPY,dzoan,dzoan@gmail.com,False,2025-10-28T08:00:05.007981
APP_0064,Felix Nguyen,giang.ho@gmail.com,+1-202-555-1063,"44 Maple Dr, Los Angeles, CA",47720288,43,19121100.0,27,1534500.0,48,22847850.0,real_estate,2,465,1805250.0,15211950.0,4,bank,0.09441140938544257,0.0671616804206956,14.889442815247811,0.0016719095658374117,2.5343032172972233,JPY,dzoan,dzoan@gmail.com,False,2025-10-28T08:00:05.007981
APP_0065,Felix Nguyen,duy.le@gmail.com,+1-202-555-1064,"21 Königstr, Berlin, DE",10585992,58,19462050.0,19,6060900.0,36,20715450.0,deposit,0,673,7240500.0,8352150.0,3,bank,0.37203172327683587,0.2925787274715228,3.417883482651007,0.008650596074342395,1.3327143522810472,JPY,dzoan,dzoan@gmail.com,False,2025-10-28T08:00:05.007981
APP_0066,Alice Nguyen,ivan.pham@gmail.com,+1-202-555-1065,"14 High St, London, UK",96960871,61,12122700.0,10,14332350.0,60,16540350.0,real_estate,0,314,575250.0,38925450.0,0,bank,0.04745230023014616,0.8665082661491365,1.1540570806601727,0.019704562514622638,0.14674671781612506,JPY,dzoan,dzoan@gmail.com,False,2025-10-28T08:00:05.007981
APP_0067,Chris Do,chris.do@gmail.com,+1-202-555-1066,"23 Elm St, Boston, MA",24937333,26,4502700.0,0,1443900.0,12,22102050.0,deposit,0,417,7226700.0,10453050.0,0,bank,1.6049703511226063,0.06532878171934234,15.307188863493112,0.026722855173555625,0.0,JPY,dzoan,dzoan@gmail.com,False,2025-10-28T08:00:05.007981
APP_0068,Julia Ngo,felix.nguyen@gmail.com,+1-202-555-1067,"8 Rue Lafayette, Paris, FR",63643829,62,12303600.0,20,6007800.0,72,23177400.0,real_estate,0,790,5938950.0,13795200.0,2,bank,0.4827001853116102,0.2592094022625472,3.857884749825131,0.006781890395128802,1.1496325167974577,JPY,dzoan,dzoan@gmail.com,False,2025-10-28T08:00:05.007981
APP_0069,Felix Nguyen,hanh.vo@gmail.com,+1-202-555-1068,"23 Elm St, Boston, MA",26332140,48,7533300.0,6,2307150.0,60,17527800.0,real_estate,1,354,6417300.0,43944450.0,2,non-bank,0.8518577515829547,0.1316280423099294,7.597165333852962,0.00510433674476768,0.3859277228235551,JPY,dzoan,dzoan@gmail.com,False,2025-10-28T08:00:05.007981
APP_0070,Duy Le,duy.le@gmail.com,+1-202-555-1069,"8 Rue Lafayette, Paris, FR",76449297,48,5882400.0,22,14024700.0,36,8908950.0,land,0,528,6386250.0,37094250.0,1,bank,1.0856538147694543,1.5742259188793029,0.6352328392051099,0.06622722018039723,0.0,JPY,dzoan,dzoan@gmail.com,False,2025-10-28T08:00:05.007981
APP_0071,Julia Ngo,emma.tran@gmail.com,+1-202-555-1070,"78 Oak St, Chicago, IL",82392481,25,6092250.0,15,10373100.0,24,23042550.0,deposit,0,413,1407000.0,11013600.0,3,non-bank,0.23094915671549354,0.4501715304946689,2.2213754808109116,0.07094464278090698,0.9392998434846671,JPY,dzoan,dzoan@gmail.com,False,2025-10-28T08:00:05.007981
APP_0072,Hanh Vo,giang.ho@gmail.com,+1-202-555-1071,"22 Bay St, Toronto, CA",48887190,48,16825650.0,14,11618250.0,72,21867150.0,car,1,357,6983100.0,18184050.0,2,bank,0.41502705690418723,0.531310664627074,1.8821380156219496,0.00959039224820977,0.5160268712150835,JPY,dzoan,dzoan@gmail.com,False,2025-10-28T08:00:05.007981
APP_0073,Giang Ho,felix.nguyen@gmail.com,+1-202-555-1072,"55 Nguyen Hue, Ho Chi Minh",52064343,52,13209900.0,4,10913850.0,24,29522400.0,real_estate,1,532,4456950.0,23935350.0,3,bank,0.3373946812617771,0.36968031054385636,2.7050399263321,0.03442446574016814,1.1297685238486896,JPY,dzoan,dzoan@gmail.com,False,2025-10-28T08:00:05.007981
APP_0074,Duy Le,ivan.pham@gmail.com,+1-202-555-1073,"44 Maple Dr, Los Angeles, CA",67087104,46,13871850.0,21,10112550.0,36,5513700.0,real_estate,0,586,7216050.0,30395700.0,0,non-bank,0.520193773721596,1.8340769356330098,0.5452333981043276,0.020249942629055297,0.0,JPY,dzoan,dzoan@gmail.com,False,2025-10-28T08:00:05.007981
APP_0075,Ivan Pham,ivan.pham@gmail.com,+1-202-555-1074,"19 Pine Ave, San Jose, CA",80628709,24,17722200.0,4,11775450.0,36,13275000.0,deposit,0,396,6586050.0,42223650.0,4,non-bank,0.37162711175813073,0.8870395480225888,1.12734545176616,0.01845684132468004,0.08002042933078288,JPY,dzoan,dzoan@gmail.com,False,2025-10-28T08:00:05.007981
APP_0076,Emma Tran,emma.tran@gmail.com,+1-202-555-1075,"23 Elm St, Boston, MA",86228158,44,14029950.0,12,865650.0,24,27817650.0,land,0,342,4347000.0,39393900.0,1,non-bank,0.3098371697689552,0.031118732171840375,32.13498527117793,0.0025708395253366367,2.0060575138863768,JPY,dzoan,dzoan@gmail.com,False,2025-10-28T08:00:05.007981
APP_0077,Bao Tran,ivan.pham@gmail.com,+1-202-555-1076,"44 Maple Dr, Los Angeles, CA",11605310,62,15562650.0,25,13082700.0,36,16019850.0,real_estate,0,374,2808450.0,44007750.0,2,non-bank,0.18046091122013108,0.8166555866627888,1.224506409227439,0.023351314417739598,0.1839917780435128,JPY,dzoan,dzoan@gmail.com,False,2025-10-28T08:00:05.007981
APP_0078,Giang Ho,ivan.pham@gmail.com,+1-202-555-1077,"78 Oak St, Chicago, IL",69720522,52,5362950.0,27,11293050.0,12,28347450.0,car,0,658,879600.0,3268050.0,2,bank,0.16401420859787533,0.3983797484429796,2.5101677580458444,0.17547944693154882,1.2624787883599429,JPY,dzoan,dzoan@gmail.com,False,2025-10-28T08:00:05.007981
APP_0079,Hanh Vo,emma.tran@gmail.com,+1-202-555-1078,"8 Rue Lafayette, Paris, FR",19822959,27,19708650.0,29,11286750.0,12,1559100.0,car,0,773,758250.0,11781600.0,4,bank,0.03847295476859117,7.239272657301593,0.13813542428068126,0.04772333467394331,0.0,JPY,dzoan,dzoan@gmail.com,False,2025-10-28T08:00:05.007981
APP_0080,Hanh Vo,julia.ngo@gmail.com,+1-202-555-1079,"78 Oak St, Chicago, IL",35913857,63,12164550.0,28,6356400.0,24,2212800.0,real_estate,1,399,2922750.0,25990500.0,1,bank,0.24026782741654756,2.8725596529282216,0.3481215782518325,0.021772280930158643,0.0,JPY,dzoan,dzoan@gmail.com,False,2025-10-28T08:00:05.007981
APP_0081,Felix Nguyen,bao.tran@gmail.com,+1-202-555-1080,"44 Maple Dr, Los Angeles, CA",84648574,63,6660150.0,16,12162300.0,12,24125550.0,deposit,1,476,6082200.0,3636600.0,1,bank,0.9132226751649533,0.5041252945528671,1.983633852149651,0.15217750349699585,0.08535711430674023,JPY,dzoan,dzoan@gmail.com,False,2025-10-28T08:00:05.007981
APP_0082,Julia Ngo,ivan.pham@gmail.com,+1-202-555-1081,"21 Königstr, Berlin, DE",32546185,28,18999900.0,6,6190800.0,36,11522700.0,land,1,489,3790050.0,16957350.0,1,bank,0.19947736567034405,0.5372699106980064,1.8612618724558574,0.00905092482917744,0.689459622986085,JPY,dzoan,dzoan@gmail.com,False,2025-10-28T08:00:05.007981
APP_0083,Alice Nguyen,bao.tran@gmail.com,+1-202-555-1082,"78 Oak St, Chicago, IL",81713537,56,17524050.0,25,1447650.0,72,16182600.0,real_estate,2,498,3613200.0,8181600.0,1,bank,0.2061852140344252,0.08945719476474649,11.178530722203794,0.001147351782248999,2.168407026150951,JPY,dzoan,dzoan@gmail.com,False,2025-10-28T08:00:05.007981
APP_0084,Ivan Pham,duy.le@gmail.com,+1-202-555-1083,"78 Oak St, Chicago, IL",51670701,38,4744200.0,24,13686300.0,12,13526550.0,land,1,434,1833300.0,42081900.0,0,non-bank,0.38642974579485306,1.0118101067899685,0.9883277438021855,0.24040407232092242,0.0,JPY,dzoan,dzoan@gmail.com,False,2025-10-28T08:00:05.007981
APP_0085,Ivan Pham,alice.nguyen@gmail.com,+1-202-555-1084,"8 Rue Lafayette, Paris, FR",30937666,47,7369500.0,29,4092000.0,12,12949200.0,car,1,330,4232850.0,4254750.0,0,non-bank,0.5743741095053821,0.3160040774719637,3.164516129032142,0.04627179591174115,0.8733791208620494,JPY,dzoan,dzoan@gmail.com,False,2025-10-28T08:00:05.007981
APP_0086,Giang Ho,bao.tran@gmail.com,+1-202-555-1085,"55 Nguyen Hue, Ho Chi Minh",40081977,40,4045200.0,19,2202000.0,12,28256850.0,real_estate,1,588,4785450.0,7955550.0,1,non-bank,1.1829946603381347,0.07792800683727975,12.832356948228009,0.04536240482169028,0.0,JPY,dzoan,dzoan@gmail.com,False,2025-10-28T08:00:05.007981
APP_0087,Julia Ngo,giang.ho@gmail.com,+1-202-555-1086,"10 Broadway, New York, NY",57769262,55,8826600.0,4,9612000.0,48,3909150.0,car,0,496,7366050.0,9987900.0,2,bank,0.8345285840527356,2.4588465523194634,0.40669475655430076,0.02268710488702612,0.0,JPY,dzoan,dzoan@gmail.com,False,2025-10-28T08:00:05.007981
APP_0088,Emma Tran,duy.le@gmail.com,+1-202-555-1087,"55 Nguyen Hue, Ho Chi Minh",78863244,64,5624550.0,15,4079550.0,24,23439750.0,real_estate,0,488,5470500.0,7963800.0,1,bank,0.9726111422246855,0.17404409176718924,5.745670478361372,0.03022130659215634,0.06786596669780756,JPY,dzoan,dzoan@gmail.com,False,2025-10-28T08:00:05.007981
APP_0089,Ivan Pham,duy.le@gmail.com,+1-202-555-1088,"22 Bay St, Toronto, CA",64541423,55,17060700.0,13,12978150.0,36,26822100.0,real_estate,0,445,4554000.0,26232750.0,1,non-bank,0.26692925847122095,0.4838603241356914,2.066712127691519,0.021130678498341188,0.7819754504445762,JPY,dzoan,dzoan@gmail.com,False,2025-10-28T08:00:05.007981
APP_0090,Emma Tran,alice.nguyen@gmail.com,+1-202-555-1089,"23 Elm St, Boston, MA",93990145,61,13547850.0,25,7073400.0,12,20133450.0,deposit,0,811,6825450.0,17349000.0,3,bank,0.5038031864834586,0.35132577874134574,2.846361014504987,0.04350874861700363,0.9161584519985574,JPY,dzoan,dzoan@gmail.com,False,2025-10-28T08:00:05.007981
APP_0091,Emma Tran,giang.ho@gmail.com,+1-202-555-1090,"78 Oak St, Chicago, IL",88096504,62,22128750.0,11,814050.0,24,12576150.0,land,0,635,3187200.0,41191500.0,1,non-bank,0.14402982545331203,0.06472966686943064,15.448866777222138,0.0015327910523001294,2.4016905308943377,JPY,dzoan,dzoan@gmail.com,False,2025-10-28T08:00:05.007981
APP_0092,Alice Nguyen,hanh.vo@gmail.com,+1-202-555-1091,"23 Elm St, Boston, MA",77801817,24,17801700.0,9,14311950.0,36,5808300.0,real_estate,0,530,7012050.0,12845550.0,4,bank,0.39389777380811614,2.4640514436237164,0.4058356827685912,0.022332370877816175,0.0,JPY,dzoan,dzoan@gmail.com,False,2025-10-28T08:00:05.007981
APP_0093,Hanh Vo,duy.le@gmail.com,+1-202-555-1092,"21 Königstr, Berlin, DE",64279643,32,15216300.0,2,8083350.0,36,20858250.0,deposit,0,412,2774850.0,24868950.0,3,bank,0.18236036355749904,0.38753730538275943,2.5803967414499698,0.014756379671389276,1.2921950171140875,JPY,dzoan,dzoan@gmail.com,False,2025-10-28T08:00:05.007981
APP_0094,Chris Do,emma.tran@gmail.com,+1-202-555-1093,"21 Königstr, Berlin, DE",36087023,52,13299600.0,25,4497300.0,48,14701350.0,land,0,740,958200.0,30213900.0,0,bank,0.07204727961743129,0.3059106816720882,3.268928023480646,0.00704485473232631,1.9322462133926055,JPY,dzoan,dzoan@gmail.com,False,2025-10-28T08:00:05.007981
APP_0095,Duy Le,duy.le@gmail.com,+1-202-555-1094,"19 Pine Ave, San Jose, CA",47131440,46,4771800.0,22,10401300.0,60,5501850.0,deposit,0,788,3132000.0,28730400.0,1,bank,0.6563560920407187,1.8905095558766083,0.5289579187216906,0.036329058216418395,0.0,JPY,dzoan,dzoan@gmail.com,False,2025-10-28T08:00:05.007981
APP_0096,Ivan Pham,hanh.vo@gmail.com,+1-202-555-1095,"14 High St, London, UK",20700485,23,5066250.0,1,8311050.0,36,11557800.0,land,1,317,965700.0,36142650.0,0,bank,0.19061435973352508,0.719085812178779,1.3906546104282602,0.04556871453117796,0.3161902319845528,JPY,dzoan,dzoan@gmail.com,False,2025-10-28T08:00:05.007981
APP_0097,Ivan Pham,ivan.pham@gmail.com,+1-202-555-1096,"23 Elm St, Boston, MA",43676563,25,15305700.0,13,1171800.0,72,28892550.0,car,1,811,887850.0,10281150.0,1,bank,0.058007801015307454,0.04055716785122788,24.656554019454088,0.0010633293478752228,2.7113629897677693,JPY,dzoan,dzoan@gmail.com,False,2025-10-28T08:00:05.007981
APP_0098,Ivan Pham,duy.le@gmail.com,+1-202-555-1097,"21 Königstr, Berlin, DE",93382500,43,3832050.0,14,11574900.0,48,8843100.0,land,0,684,6609000.0,23574300.0,1,non-bank,1.7246643441499305,1.3089188180615174,0.763989321721992,0.06292813246042372,0.0,JPY,dzoan,dzoan@gmail.com,False,2025-10-28T08:00:05.007981
APP_0099,Giang Ho,julia.ngo@gmail.com,+1-202-555-1098,"10 Broadway, New York, NY",48329387,48,4543950.0,14,6469200.0,24,6339000.0,land,0,354,5960550.0,36325350.0,0,non-bank,1.311755190968167,1.020539517273994,0.97987386384713,0.05932063512775445,0.0,JPY,dzoan,dzoan@gmail.com,False,2025-10-28T08:00:05.007981
APP_0100,Ivan Pham,giang.ho@gmail.com,+1-202-555-1099,"22 Bay St, Toronto, CA",20235593,28,7858650.0,27,10722300.0,24,20840850.0,land,0,714,1659000.0,39041100.0,0,bank,0.21110496077570173,0.5144847738935755,1.9436921182954876,0.0568497769949516,0.7444740306783967,JPY,dzoan,dzoan@gmail.com,False,2025-10-28T08:00:05.007981
APP_0101,Bao Tran,julia.ngo@gmail.com,+1-202-555-1100,"44 Maple Dr, Los Angeles, CA",68673791,28,20327700.0,4,13512750.0,24,6946800.0,real_estate,1,359,6282750.0,28373700.0,2,bank,0.309073333431719,1.9451761962341956,0.5140922462119052,0.027697735109064786,0.0,JPY,dzoan,dzoan@gmail.com,False,2025-10-28T08:00:05.007981
APP_0102,Hanh Vo,duy.le@gmail.com,+1-202-555-1101,"10 Broadway, New York, NY",96635337,26,12354900.0,9,9451200.0,48,27693300.0,car,1,327,516750.0,29857200.0,3,bank,0.04182551052618748,0.34128110409376816,2.930135855764301,0.015936996656864526,1.8494069382120797,JPY,dzoan,dzoan@gmail.com,False,2025-10-28T08:00:05.007981
APP_0103,Emma Tran,felix.nguyen@gmail.com,+1-202-555-1102,"22 Bay St, Toronto, CA",88074155,45,17054550.0,5,10320450.0,24,25938600.0,real_estate,0,363,2132850.0,39089850.0,1,non-bank,0.12506046773441581,0.39787999352316394,2.5133206400883314,0.025214312308567435,1.324064053006757,JPY,dzoan,dzoan@gmail.com,False,2025-10-28T08:00:05.007981
APP_0104,Ivan Pham,ivan.pham@gmail.com,+1-202-555-1103,"55 Nguyen Hue, Ho Chi Minh",34666880,21,11466750.0,7,4378650.0,72,29525550.0,car,1,552,5295750.0,28681800.0,4,bank,0.46183530642945303,0.14830037035719837,6.743071494638527,0.005303558840341674,1.3750640106026,JPY,dzoan,dzoan@gmail.com,False,2025-10-28T08:00:05.007981
APP_0105,Emma Tran,bao.tran@gmail.com,+1-202-555-1104,"44 Maple Dr, Los Angeles, CA",50850718,46,6996000.0,27,4136550.0,36,27482250.0,real_estate,0,640,2278350.0,42774600.0,1,bank,0.32566466552314915,0.1505171519799135,6.643761105268642,0.016424266246922874,1.7185089013559183,JPY,dzoan,dzoan@gmail.com,False,2025-10-28T08:00:05.007981
APP_0106,Emma Tran,emma.tran@gmail.com,+1-202-555-1105,"55 Nguyen Hue, Ho Chi Minh",57791485,41,10709100.0,28,6663750.0,72,8220300.0,real_estate,0,524,5478750.0,7050300.0,4,bank,0.5115976132448032,0.8106455968760117,1.2335846933032926,0.00864237735496415,0.11408332171882854,JPY,dzoan,dzoan@gmail.com,False,2025-10-28T08:00:05.007981
APP_0107,Felix Nguyen,giang.ho@gmail.com,+1-202-555-1106,"23 Elm St, Boston, MA",32305560,41,5469750.0,1,12902100.0,60,7309800.0,deposit,2,367,6557400.0,16633650.0,1,bank,1.1988482106128837,1.7650414512024593,0.5665589322668336,0.03931349695989949,0.0,JPY,dzoan,dzoan@gmail.com,False,2025-10-28T08:00:05.007981
APP_0108,Ivan Pham,julia.ngo@gmail.com,+1-202-555-1107,"78 Oak St, Chicago, IL",34182278,50,18192150.0,18,8219700.0,36,11067900.0,real_estate,0,409,495450.0,6379800.0,2,non-bank,0.027234274123728964,0.7426612094435158,1.3465089966786865,0.012550743039918632,0.3370720756768318,JPY,dzoan,dzoan@gmail.com,False,2025-10-28T08:00:05.007981
APP_0109,Alice Nguyen,hanh.vo@gmail.com,+1-202-555-1108,"14 High St, London, UK",31299612,43,7191150.0,6,5709300.0,24,14730150.0,deposit,0,768,179700.0,5440050.0,3,non-bank,0.024989049039443798,0.38759279437072547,2.5800273238399827,0.033080592115319954,1.5405439435609198,JPY,dzoan,dzoan@gmail.com,False,2025-10-28T08:00:05.007981
APP_0110,Felix Nguyen,hanh.vo@gmail.com,+1-202-555-1109,"8 Rue Lafayette, Paris, FR",99512315,53,10807050.0,5,11859450.0,60,26543850.0,real_estate,0,829,7050000.0,22029300.0,0,bank,0.6523519369300504,0.44678710887832523,2.2382024461505097,0.01828968127256772,0.43045868209270455,JPY,dzoan,dzoan@gmail.com,False,2025-10-28T08:00:05.007981
APP_0111,Duy Le,hanh.vo@gmail.com,+1-202-555-1110,"23 Elm St, Boston, MA",77141284,54,22125450.0,8,12910050.0,24,22324650.0,deposit,0,714,3903300.0,11327850.0,4,bank,0.17641675084574432,0.5782867816516681,1.7292458201168655,0.024312217377616414,0.600594641964023,JPY,dzoan,dzoan@gmail.com,False,2025-10-28T08:00:05.007981
APP_0112,Ivan Pham,julia.ngo@gmail.com,+1-202-555-1111,"10 Broadway, New York, NY",85677072,61,14849250.0,5,13611000.0,24,19759650.0,car,1,356,3798450.0,19211250.0,1,non-bank,0.2558007980200994,0.6888279903743183,1.4517412387039734,0.038192164585845345,0.3361854693449226,JPY,dzoan,dzoan@gmail.com,False,2025-10-28T08:00:05.007981
APP_0113,Duy Le,hanh.vo@gmail.com,+1-202-555-1112,"55 Nguyen Hue, Ho Chi Minh",83491187,56,12348000.0,14,5009850.0,72,26496900.0,land,2,750,3477450.0,20546100.0,2,bank,0.2816205053449917,0.1890730613769902,5.288960747327606,0.005635021865810879,1.747659853110392,JPY,dzoan,dzoan@gmail.com,False,2025-10-28T08:00:05.007981
APP_0114,Felix Nguyen,hanh.vo@gmail.com,+1-202-555-1113,"19 Pine Ave, San Jose, CA",96322910,43,13931400.0,29,10862250.0,36,19801500.0,car,0,680,3252000.0,28510050.0,3,bank,0.23342951892846123,0.5485569275054879,1.8229648553476236,0.02165820855465223,0.6308605650688136,JPY,dzoan,dzoan@gmail.com,False,2025-10-28T08:00:05.007981
APP_0115,Giang Ho,bao.tran@gmail.com,+1-202-555-1114,"10 Broadway, New York, NY",19475027,42,18451500.0,17,9162000.0,12,12116700.0,car,0,589,5175900.0,42637650.0,3,non-bank,0.2805137793675288,0.756146475525505,1.3224950884086228,0.04137874969169817,0.23203077233167543,JPY,dzoan,dzoan@gmail.com,False,2025-10-28T08:00:05.007981
APP_0116,Duy Le,bao.tran@gmail.com,+1-202-555-1115,"21 Königstr, Berlin, DE",89346918,31,8521500.0,21,7147800.0,36,13094400.0,car,1,378,4348050.0,38448300.0,0,bank,0.5102446752332246,0.5458669354838647,1.8319482917820484,0.023299888516632197,0.4074511058308971,JPY,dzoan,dzoan@gmail.com,False,2025-10-28T08:00:05.007981
APP_0117,Felix Nguyen,giang.ho@gmail.com,+1-202-555-1116,"78 Oak St, Chicago, IL",15990297,47,15682650.0,14,6406350.0,36,16090050.0,land,0,848,1225350.0,17956350.0,4,bank,0.07813411636426167,0.3981560032442373,2.5115783558499962,0.011347200037093335,1.3934725167003434,JPY,dzoan,dzoan@gmail.com,False,2025-10-28T08:00:05.007981
APP_0118,Giang Ho,giang.ho@gmail.com,+1-202-555-1117,"8 Rue Lafayette, Paris, FR",52787890,27,20112900.0,0,2382300.0,72,3756600.0,car,1,543,4699650.0,15662850.0,3,bank,0.23366346971346574,0.6341638715859833,1.5768794862107054,0.0016450884755326285,0.4420838238562694,JPY,dzoan,dzoan@gmail.com,False,2025-10-28T08:00:05.007981
APP_0119,Julia Ngo,ivan.pham@gmail.com,+1-202-555-1118,"8 Rue Lafayette, Paris, FR",63499029,61,14482650.0,2,4666200.0,60,22561350.0,land,0,324,5012400.0,35028600.0,4,bank,0.3460968814408929,0.20682273002280313,4.835058505850429,0.005369873607295835,1.5559832712248638,JPY,dzoan,dzoan@gmail.com,False,2025-10-28T08:00:05.007981
APP_0120,Julia Ngo,chris.do@gmail.com,+1-202-555-1119,"21 Königstr, Berlin, DE",42207497,58,12122550.0,8,8582700.0,24,19999800.0,deposit,0,415,852000.0,6878850.0,2,bank,0.07028224259747243,0.42913929139291074,2.3302457268691263,0.02949977521108142,1.2367530739790826,JPY,dzoan,dzoan@gmail.com,False,2025-10-28T08:00:05.007981
APP_0121,Ivan Pham,felix.nguyen@gmail.com,+1-202-555-1120,"19 Pine Ave, San Jose, CA",23155591,26,6471150.0,7,13383300.0,12,22256700.0,car,1,520,2825400.0,25010700.0,3,bank,0.43661482116778855,0.6013155589103466,1.6630203313084029,0.17234571906184135,0.3735358279235868,JPY,dzoan,dzoan@gmail.com,False,2025-10-28T08:00:05.007981
APP_0122,Chris Do,alice.nguyen@gmail.com,+1-202-555-1121,"78 Oak St, Chicago, IL",27307119,55,8405400.0,25,13095300.0,48,16577400.0,car,0,334,5928750.0,19901100.0,2,bank,0.7053501320579502,0.789948966665453,1.2659045611784234,0.03245755704598371,0.07834874383641727,JPY,dzoan,dzoan@gmail.com,False,2025-10-28T08:00:05.007981
APP_0123,Emma Tran,giang.ho@gmail.com,+1-202-555-1122,"21 Königstr, Berlin, DE",84219776,26,21487950.0,25,3423150.0,12,23749200.0,real_estate,0,478,4640250.0,9452100.0,4,non-bank,0.21594661193831743,0.14413748673639443,6.937820428552345,0.013275463689008312,2.01312570971795,JPY,dzoan,dzoan@gmail.com,False,2025-10-28T08:00:05.007981
APP_0124,Ivan Pham,bao.tran@gmail.com,+1-202-555-1123,"8 Rue Lafayette, Paris, FR",38685150,52,13898550.0,25,10430250.0,24,28552800.0,car,0,557,1022700.0,28315500.0,4,bank,0.07358321551528677,0.36529692359418153,2.737499101172032,0.031268999282794765,1.6096483303528917,JPY,dzoan,dzoan@gmail.com,False,2025-10-28T08:00:05.007981
APP_0125,Emma Tran,julia.ngo@gmail.com,+1-202-555-1124,"8 Rue Lafayette, Paris, FR",37930120,24,9400050.0,19,1958550.0,12,17614050.0,real_estate,0,821,300600.0,15451800.0,4,non-bank,0.031978553305567016,0.11119248554420949,8.993413494676496,0.017362939557384948,2.5811542079291327,JPY,dzoan,dzoan@gmail.com,False,2025-10-28T08:00:05.007981
APP_0126,Duy Le,duy.le@gmail.com,+1-202-555-1125,"21 Königstr, Berlin, DE",93102567,42,11594400.0,16,10368900.0,12,13998150.0,real_estate,0,347,4359000.0,9573450.0,2,bank,0.3759573587248968,0.7407335969395876,1.3500130197031313,0.07452520181535764,0.21842304929623252,JPY,dzoan,dzoan@gmail.com,False,2025-10-28T08:00:05.007981
APP_0127,Hanh Vo,ivan.pham@gmail.com,+1-202-555-1126,"78 Oak St, Chicago, IL",22948473,49,14587800.0,19,5622450.0,72,4212900.0,deposit,0,617,3462900.0,29913750.0,3,bank,0.23738329288857568,1.3345795058035557,0.7492996825227237,0.00535307471532705,0.0,JPY,dzoan,dzoan@gmail.com,False,2025-10-28T08:00:05.007981
APP_0128,Felix Nguyen,bao.tran@gmail.com,+1-202-555-1127,"23 Elm St, Boston, MA",92374021,53,13828950.0,12,7160250.0,12,23625900.0,real_estate,2,803,7207800.0,9077550.0,1,non-bank,0.5212109379236979,0.303067819638615,3.2995914947103113,0.04314770824612639,1.0010505148980593,JPY,dzoan,dzoan@gmail.com,False,2025-10-28T08:00:05.007981
APP_0129,Alice Nguyen,felix.nguyen@gmail.com,+1-202-555-1128,"8 Rue Lafayette, Paris, FR",92887341,39,16870650.0,20,10976250.0,12,27234300.0,car,2,743,3916800.0,30769050.0,2,non-bank,0.23216651403472688,0.40303036979103335,2.4812025965151694,0.0542176798122045,1.1373169531030711,JPY,dzoan,dzoan@gmail.com,False,2025-10-28T08:00:05.007981
APP_0130,Felix Nguyen,chris.do@gmail.com,+1-202-555-1129,"23 Elm St, Boston, MA",63870367,61,8577900.0,23,6804600.0,72,21345300.0,deposit,0,808,6986100.0,8551050.0,3,bank,0.8144301052705065,0.31878680552627287,3.136892690238887,0.011017653893379388,0.37923798236049455,JPY,dzoan,dzoan@gmail.com,False,2025-10-28T08:00:05.007981
APP_0131,Emma Tran,emma.tran@gmail.com,+1-202-555-1130,"21 Königstr, Berlin, DE",24897854,55,15923100.0,22,12255900.0,24,26128350.0,deposit,0,393,1607400.0,20412000.0,0,non-bank,0.10094767978597037,0.46906521077679725,2.131899738085304,0.03207054530705186,1.0176370857752615,JPY,dzoan,dzoan@gmail.com,False,2025-10-28T08:00:05.007981
APP_0132,Emma Tran,chris.do@gmail.com,+1-202-555-1131,"44 Maple Dr, Los Angeles, CA",24027477,30,12050100.0,18,8353500.0,60,26002500.0,real_estate,1,740,3354900.0,36647550.0,3,bank,0.27841262728109795,0.32125757138736477,3.11276710360921,0.011553846025981349,1.469315897446315,JPY,dzoan,dzoan@gmail.com,False,2025-10-28T08:00:05.007981
APP_0133,Alice Nguyen,alice.nguyen@gmail.com,+1-202-555-1132,"22 Bay St, Toronto, CA",35624807,50,21386100.0,1,14982000.0,12,24185100.0,real_estate,2,838,1047150.0,11446050.0,0,bank,0.04896404674063961,0.6194723197340474,1.6142771325590546,0.05837904058692093,0.5841996383287423,JPY,dzoan,dzoan@gmail.com,False,2025-10-28T08:00:05.007981
APP_0134,Hanh Vo,emma.tran@gmail.com,+1-202-555-1133,"14 High St, London, UK",61967407,53,6711000.0,21,9844800.0,12,15682950.0,car,0,479,4306650.0,34891800.0,2,bank,0.641729995529713,0.6277390414430898,1.5930186494392735,0.12224705706029132,0.212460794185581,JPY,dzoan,dzoan@gmail.com,False,2025-10-28T08:00:05.007981
APP_0135,Emma Tran,chris.do@gmail.com,+1-202-555-1134,"21 Königstr, Berlin, DE",23825205,35,6533100.0,10,4973100.0,12,4075950.0,land,0,574,1413450.0,32902800.0,2,bank,0.21635211461633339,1.2201081956353284,0.8195994450141516,0.06343466347759182,0.0,JPY,dzoan,dzoan@gmail.com,False,2025-10-28T08:00:05.007981
APP_0136,Alice Nguyen,ivan.pham@gmail.com,+1-202-555-1135,"21 Königstr, Berlin, DE",51009213,53,12406050.0,22,11797800.0,60,1293450.0,deposit,0,591,3691950.0,40765500.0,2,non-bank,0.29759270678418637,9.121187521743114,0.10963484717489562,0.015849525029862078,0.0,JPY,dzoan,dzoan@gmail.com,False,2025-10-28T08:00:05.007981
APP_0137,Hanh Vo,duy.le@gmail.com,+1-202-555-1136,"19 Pine Ave, San Jose, CA",20394105,60,13281600.0,16,6563100.0,48,7086600.0,real_estate,0,571,2581050.0,8845950.0,2,bank,0.1943327611131167,0.926128185589685,1.079764135850412,0.010294787525384734,0.06426335109283496,JPY,dzoan,dzoan@gmail.com,False,2025-10-28T08:00:05.007981
APP_0138,Alice Nguyen,giang.ho@gmail.com,+1-202-555-1137,"21 Königstr, Berlin, DE",58625570,56,16703850.0,26,8361900.0,36,13613400.0,real_estate,0,459,1392900.0,32607450.0,2,bank,0.08338796145798648,0.6142403808012625,1.6280271230222505,0.013905476880691927,0.5756572214931275,JPY,dzoan,dzoan@gmail.com,False,2025-10-28T08:00:05.007981
APP_0139,Ivan Pham,felix.nguyen@gmail.com,+1-202-555-1138,"10 Broadway, New York, NY",11903321,54,11325600.0,10,2699700.0,24,22615650.0,car,0,833,726000.0,42245100.0,2,bank,0.06410256410256325,0.11937308898926108,8.377097455272342,0.009932144874912723,2.4725294039916927,JPY,dzoan,dzoan@gmail.com,False,2025-10-28T08:00:05.007981
APP_0140,Ivan Pham,chris.do@gmail.com,+1-202-555-1139,"8 Rue Lafayette, Paris, FR",14985586,48,20882100.0,27,2450550.0,12,14327100.0,deposit,1,826,3840300.0,34691250.0,2,non-bank,0.18390391770942446,0.17104298846242255,5.8464834424921435,0.009779308593627118,2.0295257085093614,JPY,dzoan,dzoan@gmail.com,False,2025-10-28T08:00:05.007981
APP_0141,Felix Nguyen,felix.nguyen@gmail.com,+1-202-555-1140,"23 Elm St, Boston, MA",27533965,32,12640650.0,25,8941800.0,48,1866300.0,real_estate,1,509,7104750.0,9673800.0,2,bank,0.5620557487154471,4.791191126828099,0.20871636583237926,0.014737177280924383,0.0,JPY,dzoan,dzoan@gmail.com,False,2025-10-28T08:00:05.007981
APP_0142,Ivan Pham,felix.nguyen@gmail.com,+1-202-555-1141,"21 Königstr, Berlin, DE",25717732,55,6175050.0,9,3410250.0,24,7257900.0,car,1,742,1490550.0,37263900.0,3,bank,0.24138266086913693,0.46986731699250883,2.1282603914668075,0.023010947278819763,0.8559178960213444,JPY,dzoan,dzoan@gmail.com,False,2025-10-28T08:00:05.007981
APP_0143,Emma Tran,chris.do@gmail.com,+1-202-555-1142,"78 Oak St, Chicago, IL",84789467,37,5985300.0,14,14965500.0,48,29401650.0,real_estate,0,518,3037350.0,6168000.0,2,bank,0.507468297328442,0.5090020458035492,1.9646286458855169,0.0520911650198815,0.4751101894037605,JPY,dzoan,dzoan@gmail.com,False,2025-10-28T08:00:05.007981
APP_0144,Chris Do,chris.do@gmail.com,+1-202-555-1143,"19 Pine Ave, San Jose, CA",14804373,44,22001250.0,15,12943200.0,60,29655000.0,real_estate,0,737,1684500.0,27114600.0,3,bank,0.07656383160047672,0.4364592817400079,2.291164472464279,0.0098048974488451,1.192307973226021,JPY,dzoan,dzoan@gmail.com,False,2025-10-28T08:00:05.007981
APP_0145,Ivan Pham,julia.ngo@gmail.com,+1-202-555-1144,"55 Nguyen Hue, Ho Chi Minh",48633369,34,6264150.0,23,10737450.0,72,12061650.0,deposit,1,621,6067200.0,23147550.0,4,bank,0.9685591820119018,0.8902140254442689,1.1233253705488575,0.02380710072362973,0.0038774505287422277,JPY,dzoan,dzoan@gmail.com,False,2025-10-28T08:00:05.007981
APP_0146,Hanh Vo,ivan.pham@gmail.com,+1-202-555-1145,"14 High St, London, UK",63202942,34,21522150.0,20,11219400.0,36,24383550.0,real_estate,1,558,3111750.0,24601950.0,4,non-bank,0.14458360340393403,0.46012168039518164,2.1733381464249133,0.014480430625720058,1.0036926892035232,JPY,dzoan,dzoan@gmail.com,False,2025-10-28T08:00:05.007981
APP_0147,Julia Ngo,hanh.vo@gmail.com,+1-202-555-1146,"23 Elm St, Boston, MA",56439599,27,8963850.0,25,9231750.0,12,21916200.0,car,0,370,7308000.0,24100350.0,0,bank,0.815274686658063,0.42122950146466714,2.374002762206477,0.08582389262826551,0.2538130907812826,JPY,dzoan,dzoan@gmail.com,False,2025-10-28T08:00:05.007981
APP_0148,Emma Tran,chris.do@gmail.com,+1-202-555-1147,"55 Nguyen Hue, Ho Chi Minh",71264306,63,5501400.0,11,1609050.0,24,28020450.0,deposit,1,660,1838700.0,2869200.0,3,bank,0.33422401570508414,0.05742413130410081,17.41428171902513,0.012186670665140634,1.8826331302609427,JPY,dzoan,dzoan@gmail.com,False,2025-10-28T08:00:05.007981
APP_0149,Duy Le,julia.ngo@gmail.com,+1-202-555-1148,"78 Oak St, Chicago, IL",82279117,27,9463200.0,15,6341250.0,72,26761950.0,land,0,476,605400.0,23606250.0,1,bank,0.06397413137205073,0.2369502222371675,4.220295683027695,0.009306885267715153,2.142702993110457,JPY,dzoan,dzoan@gmail.com,False,2025-10-28T08:00:05.007981
APP_0150,Felix Nguyen,felix.nguyen@gmail.com,+1-202-555-1149,"21 Königstr, Berlin, DE",45426740,24,15275550.0,12,7815150.0,48,19307700.0,real_estate,1,419,4368900.0,42248250.0,0,non-bank,0.28600606852126154,0.40476856383722243,2.4705475902573375,0.01065857694136096,1.0499620553944404,JPY,dzoan,dzoan@gmail.com,False,2025-10-28T08:00:05.007981
APP_0151,Bao Tran,hanh.vo@gmail.com,+1-202-555-1150,"10 Broadway, New York, NY",84539607,62,11773050.0,27,13792950.0,48,12565200.0,car,0,406,4887450.0,20494950.0,3,bank,0.4151388127970184,1.0977103428516723,0.910987134731864,0.024407704460102507,0.0,JPY,dzoan,dzoan@gmail.com,False,2025-10-28T08:00:05.007981
APP_0152,Felix Nguyen,chris.do@gmail.com,+1-202-555-1151,"10 Broadway, New York, NY",38619198,45,18479550.0,9,3877650.0,36,19247700.0,deposit,0,840,7430550.0,13545600.0,0,bank,0.4020958302556036,0.20146043423369908,4.963753819968088,0.005828740418300614,1.432350408232653,JPY,dzoan,dzoan@gmail.com,False,2025-10-28T08:00:05.007981
APP_0153,Felix Nguyen,hanh.vo@gmail.com,+1-202-555-1152,"22 Bay St, Toronto, CA",98598043,40,15205950.0,17,7831050.0,12,10390950.0,car,0,356,6535500.0,44774400.0,4,non-bank,0.4297988616298183,0.7536413898632836,1.3268910299384886,0.04291658856865972,0.18639363739394654,JPY,dzoan,dzoan@gmail.com,False,2025-10-28T08:00:05.007981
APP_0154,Duy Le,chris.do@gmail.com,+1-202-555-1153,"22 Bay St, Toronto, CA",55407360,53,11264550.0,3,5652900.0,72,11224950.0,land,0,739,6631200.0,5806050.0,3,bank,0.588678642289298,0.5036013523445472,1.9856976065381844,0.006969874517748911,0.40543847781349174,JPY,dzoan,dzoan@gmail.com,False,2025-10-28T08:00:05.007981
APP_0155,Giang Ho,felix.nguyen@gmail.com,+1-202-555-1154,"55 Nguyen Hue, Ho Chi Minh",76241199,37,15649200.0,25,2664600.0,60,18731700.0,land,0,776,4756650.0,22653150.0,4,non-bank,0.3039548347519333,0.14225083681673198,7.029835622607125,0.002837844746009982,1.7910964740878659,JPY,dzoan,dzoan@gmail.com,False,2025-10-28T08:00:05.007981
APP_0156,Emma Tran,felix.nguyen@gmail.com,+1-202-555-1155,"78 Oak St, Chicago, IL",88750443,26,21964800.0,11,2217900.0,72,17656200.0,land,0,317,2698500.0,23797950.0,3,bank,0.12285565996503413,0.125615930947768,7.960773704855407,0.0014024332871794244,2.300883111557724,JPY,dzoan,dzoan@gmail.com,False,2025-10-28T08:00:05.007981
APP_0157,Bao Tran,felix.nguyen@gmail.com,+1-202-555-1156,"10 Broadway, New York, NY",81338611,53,11471400.0,10,5956500.0,72,17932350.0,real_estate,0,624,3217650.0,22290600.0,4,non-bank,0.28049322663318843,0.3321650536600027,3.010551498363057,0.007211775952849396,1.4415353021480675,JPY,dzoan,dzoan@gmail.com,False,2025-10-28T08:00:05.007981
APP_0158,Felix Nguyen,alice.nguyen@gmail.com,+1-202-555-1157,"78 Oak St, Chicago, IL",86601845,28,6627000.0,17,1924500.0,24,12278550.0,deposit,1,617,1003050.0,41595000.0,0,bank,0.1513580805794443,0.1567367482316704,6.380124707715792,0.012100120717769284,2.1468856336724835,JPY,dzoan,dzoan@gmail.com,False,2025-10-28T08:00:05.007981
APP_0159,Hanh Vo,bao.tran@gmail.com,+1-202-555-1158,"21 Königstr, Berlin, DE",58286221,45,11414550.0,14,1707000.0,24,12983100.0,deposit,0,497,3232950.0,19846800.0,4,bank,0.28323061355900647,0.1314786145065493,7.605799648505482,0.006231082258786857,1.8675886217730668,JPY,dzoan,dzoan@gmail.com,False,2025-10-28T08:00:05.007981
APP_0160,Hanh Vo,giang.ho@gmail.com,+1-202-555-1159,"10 Broadway, New York, NY",13912755,62,19502100.0,25,5749800.0,24,1493400.0,real_estate,0,666,2733150.0,43838550.0,0,bank,0.1401464457673778,3.8501406187219915,0.25973077324428,0.01228457448121053,0.0,JPY,dzoan,dzoan@gmail.com,False,2025-10-28T08:00:05.007981
APP_0161,Bao Tran,duy.le@gmail.com,+1-202-555-1160,"21 Königstr, Berlin, DE",54377517,62,7830450.0,15,3628200.0,72,18531000.0,deposit,1,524,269100.0,4406850.0,1,non-bank,0.03436584104361753,0.19579083697587665,5.1074913180087185,0.0064353474788761585,2.329715516285447,JPY,dzoan,dzoan@gmail.com,False,2025-10-28T08:00:05.007981
APP_0162,Bao Tran,alice.nguyen@gmail.com,+1-202-555-1161,"14 High St, London, UK",26334856,36,21546300.0,15,8655900.0,48,17782500.0,deposit,0,541,1533450.0,33426150.0,0,bank,0.07116999206360208,0.48676507802614516,2.0543790940283153,0.008369476429653437,0.979338942274316,JPY,dzoan,dzoan@gmail.com,False,2025-10-28T08:00:05.007981
APP_0163,Chris Do,giang.ho@gmail.com,+1-202-555-1162,"8 Rue Lafayette, Paris, FR",90020491,55,14780700.0,3,1001700.0,36,28138950.0,land,0,537,4009500.0,27293550.0,2,non-bank,0.27126590756865093,0.035598343221761815,28.09119496854925,0.0018825224785853716,2.1083770982747363,JPY,dzoan,dzoan@gmail.com,False,2025-10-28T08:00:05.007981
APP_0164,Julia Ngo,duy.le@gmail.com,+1-202-555-1163,"78 Oak St, Chicago, IL",31307038,47,15029400.0,0,5050800.0,72,15723150.0,car,1,740,2770050.0,11963700.0,3,non-bank,0.18430875484051074,0.3212333406473863,3.1130019006889076,0.004667518330673546,1.6609920646202414,JPY,dzoan,dzoan@gmail.com,False,2025-10-28T08:00:05.007981
APP_0165,Ivan Pham,ivan.pham@gmail.com,+1-202-555-1164,"44 Maple Dr, Los Angeles, CA",30526284,42,9694500.0,11,7209150.0,48,14667900.0,car,1,648,7451550.0,11416500.0,1,bank,0.7686368559492377,0.491491624567929,2.034622667027277,0.01549235391168897,0.23937355314962297,JPY,dzoan,dzoan@gmail.com,False,2025-10-28T08:00:05.007981
APP_0166,Ivan Pham,alice.nguyen@gmail.com,+1-202-555-1165,"21 Königstr, Berlin, DE",32444881,27,21008550.0,29,14474700.0,72,3149250.0,deposit,0,508,3588900.0,32806050.0,4,bank,0.17083044760347452,4.596237199332956,0.2175692760471697,0.009569318206025947,0.0,JPY,dzoan,dzoan@gmail.com,False,2025-10-28T08:00:05.007981
APP_0167,Emma Tran,duy.le@gmail.com,+1-202-555-1166,"55 Nguyen Hue, Ho Chi Minh",67830962,37,4426050.0,27,9792150.0,72,6866100.0,real_estate,1,809,7190250.0,29235900.0,3,bank,1.624529772596278,1.4261589548651763,0.7011841117629831,0.030727642781134372,0.0,JPY,dzoan,dzoan@gmail.com,False,2025-10-28T08:00:05.007981
APP_0168,Hanh Vo,ivan.pham@gmail.com,+1-202-555-1167,"21 Königstr, Berlin, DE",61410938,49,9349950.0,18,13300200.0,12,10935450.0,deposit,0,741,4955250.0,28085850.0,3,bank,0.5299760961288478,1.2162462450104767,0.8222019217756031,0.1185407408496965,0.0,JPY,dzoan,dzoan@gmail.com,False,2025-10-28T08:00:05.007981
APP_0169,Emma Tran,alice.nguyen@gmail.com,+1-202-555-1168,"19 Pine Ave, San Jose, CA",95395677,64,11595000.0,18,5641800.0,36,12063450.0,deposit,0,813,302850.0,3711150.0,4,bank,0.02611901681759345,0.46767715703218643,2.1382271615441315,0.013515883282648676,1.1084977871695567,JPY,dzoan,dzoan@gmail.com,False,2025-10-28T08:00:05.007981
APP_0170,Alice Nguyen,hanh.vo@gmail.com,+1-202-555-1169,"19 Pine Ave, San Jose, CA",47463617,21,12698850.0,11,7158300.0,60,11645250.0,land,1,701,1525800.0,27507900.0,2,bank,0.12015261224441441,0.6146969794551347,1.6268178198733996,0.009394945211417583,0.5515040214142917,JPY,dzoan,dzoan@gmail.com,False,2025-10-28T08:00:05.007981
APP_0171,Bao Tran,giang.ho@gmail.com,+1-202-555-1170,"10 Broadway, New York, NY",35405034,52,12639900.0,5,6740400.0,60,12550200.0,car,0,515,5293350.0,44190300.0,1,non-bank,0.41878100301425936,0.5370751063728003,1.8619369770339627,0.008887728542007953,0.500974145256621,JPY,dzoan,dzoan@gmail.com,False,2025-10-28T08:00:05.007981
APP_0172,Hanh Vo,felix.nguyen@gmail.com,+1-202-555-1171,"14 High St, London, UK",14432870,58,6523500.0,0,13395300.0,12,23344800.0,land,1,725,4088250.0,2253450.0,4,bank,0.6266957921361089,0.573802302868301,1.7427605204810446,0.17111596534175696,0.27727562773075437,JPY,dzoan,dzoan@gmail.com,False,2025-10-28T08:00:05.007981
APP_0173,Ivan Pham,alice.nguyen@gmail.com,+1-202-555-1172,"44 Maple Dr, Los Angeles, CA",10636831,62,7979850.0,10,14418600.0,24,4975800.0,real_estate,0,481,2263200.0,21901650.0,2,non-bank,0.2836143536532588,2.8977450862172045,0.3450959177728731,0.07528650287598845,0.0,JPY,dzoan,dzoan@gmail.com,False,2025-10-28T08:00:05.007981
APP_0174,Duy Le,duy.le@gmail.com,+1-202-555-1173,"23 Elm St, Boston, MA",43625272,39,5535750.0,9,14463150.0,48,10768950.0,deposit,1,449,3915600.0,23005350.0,3,bank,0.7073296301313994,1.3430418007326432,0.7445784631978434,0.05443085850945481,0.0,JPY,dzoan,dzoan@gmail.com,False,2025-10-28T08:00:05.007981
APP_0175,Alice Nguyen,alice.nguyen@gmail.com,+1-202-555-1174,"44 Maple Dr, Los Angeles, CA",93323564,26,14483550.0,5,11465400.0,60,5890650.0,car,0,548,6772350.0,40508850.0,1,non-bank,0.4675890924531575,1.946372641389271,0.5137762310952887,0.013193588588213056,0.0,JPY,dzoan,dzoan@gmail.com,False,2025-10-28T08:00:05.007981
APP_0176,Ivan Pham,emma.tran@gmail.com,+1-202-555-1175,"8 Rue Lafayette, Paris, FR",57137764,32,10328700.0,7,7919250.0,12,10064400.0,real_estate,0,833,2915250.0,13803750.0,1,non-bank,0.28224752388974,0.7868576368188746,1.2708779240458137,0.06389356840115364,0.19442330070751404,JPY,dzoan,dzoan@gmail.com,False,2025-10-28T08:00:05.007981
APP_0177,Bao Tran,felix.nguyen@gmail.com,+1-202-555-1176,"14 High St, London, UK",90419284,58,14358150.0,0,8457150.0,48,20915250.0,deposit,0,612,338250.0,22186800.0,0,bank,0.023558048912986455,0.4043532828916671,2.473084904489057,0.012271123020467647,1.4383818982561458,JPY,dzoan,dzoan@gmail.com,False,2025-10-28T08:00:05.007981
APP_0178,Bao Tran,julia.ngo@gmail.com,+1-202-555-1177,"44 Maple Dr, Los Angeles, CA",19150471,59,14807100.0,18,14722200.0,24,2546700.0,land,0,511,2332050.0,32697750.0,1,bank,0.1574953907247183,5.780892920249395,0.17298365733382062,0.041427761004817584,0.0,JPY,dzoan,dzoan@gmail.com,False,2025-10-28T08:00:05.007981
APP_0179,Chris Do,giang.ho@gmail.com,+1-202-555-1178,"8 Rue Lafayette, Paris, FR",18398890,49,16912500.0,27,4804650.0,24,10976850.0,land,1,553,7018950.0,4124250.0,0,bank,0.41501552106429784,0.4377075390480816,2.2846305141893075,0.011837028824340387,0.7514889119679615,JPY,dzoan,dzoan@gmail.com,False,2025-10-28T08:00:05.007981
APP_0180,Bao Tran,alice.nguyen@gmail.com,+1-202-555-1179,"44 Maple Dr, Los Angeles, CA",19606782,26,14006850.0,20,5690550.0,48,1882050.0,real_estate,0,460,5713200.0,36347250.0,3,bank,0.4078861414236562,3.0235912967240757,0.33073253024750693,0.008463939072491595,0.0,JPY,dzoan,dzoan@gmail.com,False,2025-10-28T08:00:05.007981
APP_0181,Hanh Vo,duy.le@gmail.com,+1-202-555-1180,"78 Oak St, Chicago, IL",14676567,26,15898950.0,13,13532100.0,36,28701000.0,deposit,0,662,6280950.0,37266150.0,0,bank,0.39505439038426693,0.47148531410055156,2.120956835967786,0.023642546624539466,0.6781179164874657,JPY,dzoan,dzoan@gmail.com,False,2025-10-28T08:00:05.007981
APP_0182,Hanh Vo,emma.tran@gmail.com,+1-202-555-1181,"44 Maple Dr, Los Angeles, CA",46368341,42,14758950.0,12,6255000.0,48,22144950.0,land,0,492,6837000.0,32804550.0,3,bank,0.46324433648734703,0.2824571742090164,3.5403597122301314,0.00882938826930668,1.1554355266685499,JPY,dzoan,dzoan@gmail.com,False,2025-10-28T08:00:05.007981
APP_0183,Felix Nguyen,julia.ngo@gmail.com,+1-202-555-1182,"10 Broadway, New York, NY",93235767,46,15983100.0,9,4100100.0,24,8215500.0,deposit,0,604,881250.0,29695950.0,4,bank,0.05513636278318922,0.499068833302894,2.0037316163019683,0.010688633618814882,0.9483895057686378,JPY,dzoan,dzoan@gmail.com,False,2025-10-28T08:00:05.007981
APP_0184,Julia Ngo,chris.do@gmail.com,+1-202-555-1183,"21 Königstr, Berlin, DE",72044503,22,15312000.0,4,8736600.0,60,6907950.0,deposit,1,503,2119950.0,34021050.0,3,bank,0.13845023510971652,1.2647167394089145,0.7906908866149167,0.009509535005066076,0.0,JPY,dzoan,dzoan@gmail.com,False,2025-10-28T08:00:05.007981
APP_0185,Giang Ho,emma.tran@gmail.com,+1-202-555-1184,"8 Rue Lafayette, Paris, FR",18920182,51,9678900.0,17,5386050.0,12,4048950.0,real_estate,0,476,448650.0,35506350.0,2,bank,0.04635340792858621,1.3302337643092161,0.7517475701116565,0.04637277996080029,0.0,JPY,dzoan,dzoan@gmail.com,False,2025-10-28T08:00:05.007981
APP_0186,Bao Tran,bao.tran@gmail.com,+1-202-555-1185,"55 Nguyen Hue, Ho Chi Minh",85341793,44,8367750.0,16,13444800.0,72,14818800.0,real_estate,2,833,35400.0,40797600.0,0,bank,0.004230527919691598,0.9072799416956746,1.1021956444126975,0.022315835598665887,0.10176330288575994,JPY,dzoan,dzoan@gmail.com,False,2025-10-28T08:00:05.007981
APP_0187,Emma Tran,julia.ngo@gmail.com,+1-202-555-1186,"78 Oak St, Chicago, IL",85921744,21,18514350.0,0,13704150.0,12,22900800.0,deposit,0,490,6260250.0,20125350.0,4,bank,0.3381296129758781,0.5984135925382481,1.6710850362846108,0.0616825597390577,0.4441713126918037,JPY,dzoan,dzoan@gmail.com,False,2025-10-28T08:00:05.007981
APP_0188,Chris Do,bao.tran@gmail.com,+1-202-555-1187,"23 Elm St, Boston, MA",82062687,25,10175550.0,12,5110500.0,60,18025200.0,land,0,338,7027050.0,21338400.0,0,non-bank,0.6905818358712694,0.2835197390320195,3.5270912826532577,0.008370554908440247,0.665076020949559,JPY,dzoan,dzoan@gmail.com,False,2025-10-28T08:00:05.007981
APP_0189,Bao Tran,bao.tran@gmail.com,+1-202-555-1188,"14 High St, London, UK",91238782,40,14046450.0,8,8295900.0,36,26573700.0,car,0,508,1168050.0,29250150.0,3,bank,0.08315624232457222,0.31218460357420885,3.203232922286855,0.016405687320302502,1.891857757938109,JPY,dzoan,dzoan@gmail.com,False,2025-10-28T08:00:05.007981
APP_0190,Chris Do,duy.le@gmail.com,+1-202-555-1189,"10 Broadway, New York, NY",31589021,52,7443150.0,5,14771850.0,36,11101950.0,car,0,592,5416200.0,9899250.0,3,non-bank,0.727675782430811,1.3305635496466657,0.7515612465601726,0.05512842904620496,0.0,JPY,dzoan,dzoan@gmail.com,False,2025-10-28T08:00:05.007981
APP_0191,Emma Tran,bao.tran@gmail.com,+1-202-555-1190,"21 Königstr, Berlin, DE",98161360,57,11839050.0,21,11328000.0,12,9209550.0,land,1,352,4011600.0,38745900.0,0,bank,0.3388447552801913,1.230027525774855,0.8129899364406672,0.07973612746979879,0.0,JPY,dzoan,dzoan@gmail.com,False,2025-10-28T08:00:05.007981
APP_0192,Felix Nguyen,hanh.vo@gmail.com,+1-202-555-1191,"23 Elm St, Boston, MA",38862667,39,13681050.0,15,3822600.0,60,14967750.0,deposit,2,468,519150.0,35017200.0,3,non-bank,0.03794664883177785,0.25538908653604997,3.9155940982575768,0.004656806312303329,2.1490662738432724,JPY,dzoan,dzoan@gmail.com,False,2025-10-28T08:00:05.007981
APP_0193,Chris Do,julia.ngo@gmail.com,+1-202-555-1192,"19 Pine Ave, San Jose, CA",82182328,33,15487650.0,19,9168000.0,12,7020000.0,real_estate,1,391,6868050.0,28951200.0,0,non-bank,0.44345333217111266,1.3059829059828783,0.76570680628271,0.04932962715042798,0.0,JPY,dzoan,dzoan@gmail.com,False,2025-10-28T08:00:05.007981
APP_0194,Julia Ngo,duy.le@gmail.com,+1-202-555-1193,"14 High St, London, UK",62142809,63,13619550.0,21,9583350.0,48,29298450.0,land,0,575,6534150.0,14621700.0,1,bank,0.47976254722071787,0.3270940954214285,3.0572242483056074,0.014659304088302358,1.050212561274284,JPY,dzoan,dzoan@gmail.com,False,2025-10-28T08:00:05.007981
APP_0195,Alice Nguyen,julia.ngo@gmail.com,+1-202-555-1194,"19 Pine Ave, San Jose, CA",80152977,41,10512300.0,29,10061400.0,60,6550050.0,deposit,0,697,4255800.0,16623750.0,4,non-bank,0.40484004451927164,1.5360798772528104,0.6510078120341009,0.015951789807863433,0.0,JPY,dzoan,dzoan@gmail.com,False,2025-10-28T08:00:05.007981
APP_0196,Julia Ngo,bao.tran@gmail.com,+1-202-555-1195,"23 Elm St, Boston, MA",66503747,34,21783150.0,24,1106250.0,72,14991300.0,car,0,832,5309100.0,20421300.0,4,non-bank,0.24372508108331273,0.07379279982389712,13.551457627116806,0.0007053425851228969,2.1014018256397025,JPY,dzoan,dzoan@gmail.com,False,2025-10-28T08:00:05.007981
APP_0197,Ivan Pham,duy.le@gmail.com,+1-202-555-1196,"8 Rue Lafayette, Paris, FR",67823494,40,13363800.0,18,5016150.0,60,16233900.0,car,0,514,2979150.0,30319950.0,1,bank,0.22292686212005317,0.30899229390349536,3.2363266648723656,0.006255892784881972,1.6108905794269048,JPY,dzoan,dzoan@gmail.com,False,2025-10-28T08:00:05.007981
APP_0198,Chris Do,emma.tran@gmail.com,+1-202-555-1197,"78 Oak St, Chicago, IL",65465567,21,18905550.0,26,12928200.0,24,2842800.0,deposit,1,774,5946150.0,35344500.0,4,bank,0.3145187524298395,4.547699451245011,0.21989140019492018,0.02849295577105934,0.0,JPY,dzoan,dzoan@gmail.com,False,2025-10-28T08:00:05.007981
APP_0199,Julia Ngo,felix.nguyen@gmail.com,+1-202-555-1198,"78 Oak St, Chicago, IL",80109671,34,17563200.0,14,4189500.0,60,14690250.0,real_estate,0,417,3337500.0,30725550.0,4,non-bank,0.19002801311833672,0.28518915607290257,3.5064446831362868,0.003975642251915121,1.736930278500569,JPY,dzoan,dzoan@gmail.com,False,2025-10-28T08:00:05.007981
APP_0200,Ivan Pham,chris.do@gmail.com,+1-202-555-1199,"78 Oak St, Chicago, IL",76513865,43,14218350.0,29,5020650.0,60,14295300.0,car,0,729,7418700.0,41952000.0,3,bank,0.5217694036227777,0.35120983819856505,2.8473006483223435,0.005885176549923478,0.883435690735243,JPY,dzoan,dzoan@gmail.com,False,2025-10-28T08:00:05.007981
