application_id,customer_name,email,phone,address,national_id,age,income,employment_length,loan_amount,loan_duration_months,collateral_value,collateral_type,co_loaners,credit_score,existing_debt,assets_owned,current_loans,customer_type,DTI,LTV,CCR,ITI,CWI,currency_code,session_user_name,session_user_email,session_flagged,created_at
APP_0001,Alice Nguyen,hanh.vo@gmail.com,+1-202-555-1000,"55 Nguyen Hue, Ho Chi Minh",99822506,26,139805.0,26,77336.0,24,68893.0,car,0,552,28133.0,28303.0,4,bank,0.20123028503987556,1.1225523638105304,0.8908270404468696,0.023048770310067926,0.0,USD,DZOAN@gmail.com,doan@gmail.com,False,2025-10-30T09:28:28.957380
APP_0002,Felix Nguyen,chris.do@gmail.com,+1-202-555-1001,"19 Pine Ave, San Jose, CA",79966434,57,117278.0,3,66833.0,24,31841.0,real_estate,0,511,37908.0,59923.0,3,bank,0.3232319787172332,2.0989604597844886,0.47642631634072274,0.023744507351909822,0.0,USD,DZOAN@gmail.com,doan@gmail.com,False,2025-10-30T09:28:28.957380
APP_0003,Emma Tran,felix.nguyen@gmail.com,+1-202-555-1002,"8 Rue Lafayette, Paris, FR",38837550,44,122661.0,27,90816.0,12,178883.0,real_estate,0,755,37776.0,290938.0,1,bank,0.3079707486487122,0.507683793317417,1.9697300035235863,0.06169850237132644,0.6710815283513206,USD,DZOAN@gmail.com,doan@gmail.com,False,2025-10-30T09:28:28.957380
APP_0004,Bao Tran,hanh.vo@gmail.com,+1-202-555-1003,"14 High St, London, UK",97464377,35,93112.0,25,53932.0,36,36404.0,real_estate,0,504,26621.0,93746.0,2,bank,0.28590299853939033,1.481485551038307,0.6749981458132338,0.016089345208667852,0.0,USD,DZOAN@gmail.com,doan@gmail.com,False,2025-10-30T09:28:28.957380
APP_0005,Felix Nguyen,hanh.vo@gmail.com,+1-202-555-1004,"44 Maple Dr, Los Angeles, CA",54937628,43,38823.0,15,73466.0,72,122015.0,car,1,690,12871.0,100089.0,2,non-bank,0.3315302784431824,0.6021062984059288,1.6608363052296073,0.026282387015349486,0.44174906095148636,USD,DZOAN@gmail.com,doan@gmail.com,False,2025-10-30T09:28:28.957380
APP_0006,Hanh Vo,emma.tran@gmail.com,+1-202-555-1005,"22 Bay St, Toronto, CA",55066706,63,73865.0,22,32049.0,12,53365.0,real_estate,0,555,26309.0,239469.0,3,bank,0.3561768090435205,0.6005621662137993,1.6651065555867057,0.0361571786336885,0.4282110249439382,USD,DZOAN@gmail.com,doan@gmail.com,False,2025-10-30T09:28:28.957380
APP_0007,Alice Nguyen,duy.le@gmail.com,+1-202-555-1006,"10 Broadway, New York, NY",49032895,58,149629.0,15,96505.0,24,32197.0,deposit,1,314,41339.0,64915.0,4,bank,0.27627665759979503,2.997328943690313,0.33363038184549676,0.026873411347393194,0.0,USD,DZOAN@gmail.com,doan@gmail.com,False,2025-10-30T09:28:28.957380
APP_0008,Felix Nguyen,emma.tran@gmail.com,+1-202-555-1007,"23 Elm St, Boston, MA",22950775,57,30521.0,8,64219.0,12,157071.0,real_estate,0,591,48532.0,158926.0,1,bank,1.5901182792175357,0.40885332110955935,2.4458649309394036,0.17534102201393115,0.0,USD,DZOAN@gmail.com,doan@gmail.com,False,2025-10-30T09:28:28.957380
APP_0009,Giang Ho,felix.nguyen@gmail.com,+1-202-555-1008,"10 Broadway, New York, NY",94093522,41,134900.0,23,79290.0,48,35593.0,land,0,327,46375.0,92953.0,2,non-bank,0.34377316530763274,2.2276852190036744,0.4488964560474152,0.012245181615756663,0.0,USD,DZOAN@gmail.com,doan@gmail.com,False,2025-10-30T09:28:28.957380
APP_0010,Alice Nguyen,duy.le@gmail.com,+1-202-555-1009,"44 Maple Dr, Los Angeles, CA",11254265,55,110561.0,7,48770.0,24,136683.0,land,0,812,9073.0,67401.0,0,bank,0.08206329537540288,0.3568110152689043,2.8026040598728152,0.018379748132240525,1.6546764304625972,USD,DZOAN@gmail.com,doan@gmail.com,False,2025-10-30T09:28:28.957380
APP_0011,Emma Tran,ivan.pham@gmail.com,+1-202-555-1010,"14 High St, London, UK",25685067,37,60488.0,9,87346.0,60,141074.0,car,0,630,29869.0,289668.0,3,bank,0.49380042322443307,0.6191502332109345,1.6151168914432072,0.024067032579063286,0.31137191011606324,USD,DZOAN@gmail.com,doan@gmail.com,False,2025-10-30T09:28:28.957380
APP_0012,Bao Tran,alice.nguyen@gmail.com,+1-202-555-1011,"21 Königstr, Berlin, DE",30669042,51,122248.0,15,12046.0,48,19563.0,deposit,2,504,5229.0,67970.0,2,bank,0.04277370590929878,0.6157542299238044,1.624024572472055,0.0020528624871417366,0.5973327289290878,USD,DZOAN@gmail.com,doan@gmail.com,False,2025-10-30T09:28:28.957380
APP_0013,Chris Do,felix.nguyen@gmail.com,+1-202-555-1012,"19 Pine Ave, San Jose, CA",35136775,49,129612.0,25,15839.0,60,41205.0,real_estate,0,567,33447.0,37342.0,2,bank,0.2580548097398369,0.3843950976823108,2.601489993054953,0.002036719851008638,1.1882177975969692,USD,DZOAN@gmail.com,doan@gmail.com,False,2025-10-30T09:28:28.957380
APP_0014,Bao Tran,giang.ho@gmail.com,+1-202-555-1013,"8 Rue Lafayette, Paris, FR",21863999,31,30402.0,11,53176.0,48,160517.0,real_estate,0,640,49616.0,205441.0,2,bank,1.6319978948752834,0.33127955294454586,3.0185986159168983,0.03643948862937363,0.0,USD,DZOAN@gmail.com,doan@gmail.com,False,2025-10-30T09:28:28.957380
APP_0015,Giang Ho,giang.ho@gmail.com,+1-202-555-1014,"78 Oak St, Chicago, IL",11616527,32,38302.0,14,74579.0,36,105400.0,car,0,443,2628.0,261517.0,1,bank,0.0686126050858945,0.7075806451612836,1.4132664691132701,0.054086963835603616,0.3849111800727808,USD,DZOAN@gmail.com,doan@gmail.com,False,2025-10-30T09:28:28.957380
APP_0016,Duy Le,bao.tran@gmail.com,+1-202-555-1015,"8 Rue Lafayette, Paris, FR",70989279,23,108218.0,1,81875.0,72,31299.0,real_estate,1,458,32828.0,46973.0,2,non-bank,0.3033506440702997,2.615898271510188,0.3822778625954152,0.01050798183076728,0.0,USD,DZOAN@gmail.com,doan@gmail.com,False,2025-10-30T09:28:28.957380
APP_0017,Chris Do,bao.tran@gmail.com,+1-202-555-1016,"8 Rue Lafayette, Paris, FR",97237891,27,149888.0,3,46808.0,36,198420.0,car,0,530,47275.0,215274.0,3,bank,0.31540216695132156,0.23590363874609296,4.239018971115958,0.008674625201391015,1.5692961394644145,USD,DZOAN@gmail.com,doan@gmail.com,False,2025-10-30T09:28:28.957380
APP_0018,Chris Do,ivan.pham@gmail.com,+1-202-555-1017,"23 Elm St, Boston, MA",20964925,40,27995.0,1,66718.0,72,58877.0,car,0,442,42359.0,166829.0,1,non-bank,1.5130916235041432,1.1331759430677322,0.882475493869707,0.0331001567735662,0.0,USD,DZOAN@gmail.com,doan@gmail.com,False,2025-10-30T09:28:28.957380
APP_0019,Julia Ngo,alice.nguyen@gmail.com,+1-202-555-1018,"78 Oak St, Chicago, IL",36688168,42,108210.0,2,57544.0,72,8769.0,deposit,1,716,19624.0,250705.0,0,bank,0.18135107661029312,6.562207777396902,0.15238773807868497,0.007385844397108534,0.0,USD,DZOAN@gmail.com,doan@gmail.com,False,2025-10-30T09:28:28.957380
APP_0020,Duy Le,alice.nguyen@gmail.com,+1-202-555-1019,"23 Elm St, Boston, MA",55569693,28,42065.0,26,96344.0,48,185439.0,car,1,357,5196.0,46816.0,1,bank,0.12352311898252412,0.5195455109227265,1.924759196213548,0.04771583660108887,0.8105300559894923,USD,DZOAN@gmail.com,doan@gmail.com,False,2025-10-30T09:28:28.957380
APP_0021,Duy Le,julia.ngo@gmail.com,+1-202-555-1020,"23 Elm St, Boston, MA",93475211,39,106265.0,25,67139.0,60,11183.0,deposit,2,754,46195.0,293010.0,0,bank,0.43471509904483663,6.003666279173209,0.166564887770146,0.010530121237610438,0.0,USD,DZOAN@gmail.com,doan@gmail.com,False,2025-10-30T09:28:28.957380
APP_0022,Emma Tran,julia.ngo@gmail.com,+1-202-555-1021,"44 Maple Dr, Los Angeles, CA",72483618,47,102914.0,24,44600.0,24,114244.0,deposit,0,491,46066.0,189542.0,1,bank,0.44761645645878645,0.3903924932600365,2.5615246636770728,0.018057148038710814,0.8625605270489604,USD,DZOAN@gmail.com,doan@gmail.com,False,2025-10-30T09:28:28.957380
APP_0023,Bao Tran,duy.le@gmail.com,+1-202-555-1022,"44 Maple Dr, Los Angeles, CA",78956930,31,36305.0,1,97132.0,60,198672.0,deposit,0,608,28948.0,254224.0,3,bank,0.7973557361244789,0.4889063380848812,2.04538154264298,0.044590735894219566,0.2118405731779465,USD,DZOAN@gmail.com,doan@gmail.com,False,2025-10-30T09:28:28.957380
APP_0024,Duy Le,chris.do@gmail.com,+1-202-555-1023,"78 Oak St, Chicago, IL",62300494,35,110091.0,2,15189.0,60,118939.0,real_estate,0,386,48944.0,114969.0,0,bank,0.44457766756591865,0.12770411723656558,7.830601092895659,0.0022994613546591324,1.4534778413313383,USD,DZOAN@gmail.com,doan@gmail.com,False,2025-10-30T09:28:28.957380
APP_0025,Hanh Vo,duy.le@gmail.com,+1-202-555-1024,"44 Maple Dr, Los Angeles, CA",47533220,37,137129.0,8,98534.0,72,120250.0,deposit,1,511,230.0,283580.0,3,bank,0.0016772528057522357,0.8194095634095566,1.2203909310491685,0.009979856760851172,0.22002127974172245,USD,DZOAN@gmail.com,doan@gmail.com,False,2025-10-30T09:28:28.957380
APP_0026,Emma Tran,hanh.vo@gmail.com,+1-202-555-1025,"14 High St, London, UK",27979808,43,132930.0,16,19631.0,24,82529.0,land,0,715,30830.0,191645.0,1,non-bank,0.23192657789814014,0.2378679009802586,4.204014059395639,0.006153301235983192,1.756120228163299,USD,DZOAN@gmail.com,doan@gmail.com,False,2025-10-30T09:28:28.957380
APP_0027,Chris Do,bao.tran@gmail.com,+1-202-555-1026,"19 Pine Ave, San Jose, CA",87788293,37,28624.0,10,32381.0,60,32366.0,deposit,1,448,1927.0,46811.0,4,bank,0.06732112912241241,1.0004634492986157,0.9995367653870788,0.018854224892548902,0.0,USD,DZOAN@gmail.com,doan@gmail.com,False,2025-10-30T09:28:28.957380
APP_0028,Felix Nguyen,felix.nguyen@gmail.com,+1-202-555-1027,"8 Rue Lafayette, Paris, FR",82371206,53,55739.0,14,83039.0,36,117956.0,car,0,372,46784.0,277641.0,3,non-bank,0.8393404976766566,0.703982841059372,1.420489167740442,0.041382853815547,0.0675555804215396,USD,DZOAN@gmail.com,doan@gmail.com,False,2025-10-30T09:28:28.957380
APP_0029,Emma Tran,chris.do@gmail.com,+1-202-555-1028,"14 High St, London, UK",12259119,35,55103.0,5,74706.0,24,180282.0,deposit,0,587,34020.0,240778.0,1,non-bank,0.6173892528537355,0.41438413152727166,2.413219821701036,0.05648966480718374,0.5407130918629514,USD,DZOAN@gmail.com,doan@gmail.com,False,2025-10-30T09:28:28.957380
APP_0030,Felix Nguyen,bao.tran@gmail.com,+1-202-555-1029,"19 Pine Ave, San Jose, CA",74386640,40,81661.0,21,97183.0,24,25491.0,land,1,389,45671.0,97058.0,2,bank,0.5592755415681836,3.8124436075476122,0.2622989617525672,0.049586603966371906,0.0,USD,DZOAN@gmail.com,doan@gmail.com,False,2025-10-30T09:28:28.957380
APP_0031,Felix Nguyen,alice.nguyen@gmail.com,+1-202-555-1030,"19 Pine Ave, San Jose, CA",17594929,37,42877.0,9,76248.0,48,177033.0,real_estate,0,473,28133.0,168245.0,0,bank,0.6561326585348636,0.43069936113605695,2.321805162102582,0.037047834502574095,0.45452562702711496,USD,DZOAN@gmail.com,doan@gmail.com,False,2025-10-30T09:28:28.957380
APP_0032,Duy Le,ivan.pham@gmail.com,+1-202-555-1031,"10 Broadway, New York, NY",76508559,29,131793.0,1,65515.0,24,87688.0,car,1,547,4163.0,122537.0,0,bank,0.031587413595562504,0.7471375786880674,1.3384415782644992,0.020712721210936126,0.32775108415394927,USD,DZOAN@gmail.com,doan@gmail.com,False,2025-10-30T09:28:28.957380
APP_0033,Giang Ho,ivan.pham@gmail.com,+1-202-555-1032,"10 Broadway, New York, NY",84335845,51,122095.0,22,37916.0,12,110950.0,real_estate,0,610,1326.0,167613.0,4,bank,0.010860395593595062,0.34173952230734256,2.926205295917214,0.025878755611641224,1.9052859444091101,USD,DZOAN@gmail.com,doan@gmail.com,False,2025-10-30T09:28:28.957380
APP_0034,Julia Ngo,chris.do@gmail.com,+1-202-555-1033,"10 Broadway, New York, NY",21795197,31,126043.0,27,5447.0,36,39757.0,deposit,0,651,16778.0,289958.0,4,bank,0.13311330260307885,0.137007319465751,7.298880117494528,0.00120042807257326,2.244350624118154,USD,DZOAN@gmail.com,doan@gmail.com,False,2025-10-30T09:28:28.957380
APP_0035,Chris Do,hanh.vo@gmail.com,+1-202-555-1034,"8 Rue Lafayette, Paris, FR",49045227,34,49775.0,0,16767.0,48,127384.0,car,0,672,37172.0,270687.0,0,bank,0.74680060271219,0.13162563587263604,7.5973042285437105,0.007017830235915935,0.6596155968517017,USD,DZOAN@gmail.com,doan@gmail.com,False,2025-10-30T09:28:28.957380
APP_0036,Bao Tran,julia.ngo@gmail.com,+1-202-555-1035,"23 Elm St, Boston, MA",21137842,55,26821.0,13,33288.0,24,43011.0,real_estate,0,764,7551.0,72506.0,1,non-bank,0.2815331270273188,0.7739415498360706,1.292087238644518,0.051713209796135744,0.20985500498419019,USD,DZOAN@gmail.com,doan@gmail.com,False,2025-10-30T09:28:28.957380
APP_0037,Emma Tran,duy.le@gmail.com,+1-202-555-1036,"19 Pine Ave, San Jose, CA",61055398,62,138829.0,24,8889.0,72,60451.0,land,0,336,42607.0,291823.0,0,non-bank,0.30690273645995936,0.14704471390051205,6.800652491843087,0.0008892834590151752,1.7735429241527028,USD,DZOAN@gmail.com,doan@gmail.com,False,2025-10-30T09:28:28.957380
APP_0038,Emma Tran,julia.ngo@gmail.com,+1-202-555-1037,"78 Oak St, Chicago, IL",93480628,50,61113.0,21,53277.0,60,146549.0,car,0,499,11974.0,137004.0,1,bank,0.19593212573429228,0.3635439341107728,2.7506991760046033,0.014529641810828896,1.4076809649287678,USD,DZOAN@gmail.com,doan@gmail.com,False,2025-10-30T09:28:28.957380
APP_0039,Emma Tran,hanh.vo@gmail.com,+1-202-555-1038,"78 Oak St, Chicago, IL",17278259,61,107033.0,25,78847.0,48,17699.0,real_estate,0,300,24820.0,214403.0,1,non-bank,0.23189109900684618,4.454884456748717,0.22447271297576032,0.015347097000916505,0.0,USD,DZOAN@gmail.com,doan@gmail.com,False,2025-10-30T09:28:28.957380
APP_0040,Giang Ho,duy.le@gmail.com,+1-202-555-1039,"23 Elm St, Boston, MA",45782037,58,138679.0,12,96509.0,72,93858.0,deposit,0,305,10154.0,231624.0,1,bank,0.07321944923167839,1.0282447953291032,0.9725310592794353,0.009665506513308803,0.0,USD,DZOAN@gmail.com,doan@gmail.com,False,2025-10-30T09:28:28.957380
APP_0041,Julia Ngo,bao.tran@gmail.com,+1-202-555-1040,"23 Elm St, Boston, MA",97580845,42,29520.0,11,51521.0,36,122156.0,deposit,0,416,23287.0,150052.0,2,bank,0.7888550135501088,0.42176397393496495,2.3709943518176595,0.04848031466290944,0.28947858383742286,USD,DZOAN@gmail.com,doan@gmail.com,False,2025-10-30T09:28:28.957380
APP_0042,Hanh Vo,chris.do@gmail.com,+1-202-555-1041,"44 Maple Dr, Los Angeles, CA",37085381,54,25684.0,21,88125.0,12,33349.0,land,0,628,22608.0,142430.0,0,bank,0.8802367232517957,2.642508021229943,0.37842836879432196,0.2859270362633443,0.0,USD,DZOAN@gmail.com,doan@gmail.com,False,2025-10-30T09:28:28.957380
APP_0043,Alice Nguyen,julia.ngo@gmail.com,+1-202-555-1042,"14 High St, London, UK",21899503,35,25678.0,4,98626.0,12,64592.0,land,0,791,273.0,142357.0,4,bank,0.010631669133109641,1.5269073569482052,0.6549185813071537,0.32007295477249437,0.0,USD,DZOAN@gmail.com,doan@gmail.com,False,2025-10-30T09:28:28.957380
APP_0044,Emma Tran,bao.tran@gmail.com,+1-202-555-1043,"55 Nguyen Hue, Ho Chi Minh",53972563,41,44540.0,7,86683.0,72,73952.0,car,0,725,28390.0,260139.0,3,bank,0.6374045801526574,1.1721522068368513,0.8531315252125462,0.027030322306663836,0.0,USD,DZOAN@gmail.com,doan@gmail.com,False,2025-10-30T09:28:28.957380
APP_0045,Hanh Vo,emma.tran@gmail.com,+1-202-555-1044,"44 Maple Dr, Los Angeles, CA",55753531,44,31457.0,18,49172.0,72,135415.0,land,0,655,39332.0,122039.0,3,bank,1.2503417363384541,0.3631207768710973,2.753904661189239,0.02171041244985019,0.0,USD,DZOAN@gmail.com,doan@gmail.com,False,2025-10-30T09:28:28.957380
APP_0046,Hanh Vo,alice.nguyen@gmail.com,+1-202-555-1045,"19 Pine Ave, San Jose, CA",69657778,63,127497.0,20,35899.0,60,195528.0,land,1,727,46813.0,91177.0,0,bank,0.36716942359427773,0.18360030276993483,5.446614111813548,0.004692790157075775,1.5499280729266778,USD,DZOAN@gmail.com,doan@gmail.com,False,2025-10-30T09:28:28.957380
APP_0047,Emma Tran,emma.tran@gmail.com,+1-202-555-1046,"14 High St, London, UK",38236379,58,100740.0,3,97902.0,12,168559.0,real_estate,1,394,16535.0,114863.0,3,bank,0.1641353980543958,0.5808173992489243,1.7217115074257754,0.08098570577049874,0.6032531018740213,USD,DZOAN@gmail.com,doan@gmail.com,False,2025-10-30T09:28:28.957380
APP_0048,Alice Nguyen,julia.ngo@gmail.com,+1-202-555-1047,"14 High St, London, UK",96006092,42,147505.0,15,27981.0,24,44435.0,real_estate,0,761,44029.0,66515.0,4,non-bank,0.29849157655672487,0.6297063125914115,1.5880418855651481,0.007903969356641566,0.4125163360614587,USD,DZOAN@gmail.com,doan@gmail.com,False,2025-10-30T09:28:28.957380
APP_0049,Felix Nguyen,emma.tran@gmail.com,+1-202-555-1048,"22 Bay St, Toronto, CA",56892046,49,125185.0,10,44099.0,12,11486.0,car,0,789,43938.0,123536.0,0,bank,0.3509845428765399,3.839369667420874,0.26045942084853946,0.029355886618687498,0.0,USD,DZOAN@gmail.com,doan@gmail.com,False,2025-10-30T09:28:28.957380
APP_0050,Felix Nguyen,hanh.vo@gmail.com,+1-202-555-1049,"14 High St, London, UK",35780160,29,145398.0,15,12032.0,12,17967.0,car,0,352,49419.0,43082.0,3,non-bank,0.3398877563652847,0.6696721767684828,1.4932679521275354,0.006896014158262867,0.3256122145921004,USD,DZOAN@gmail.com,doan@gmail.com,False,2025-10-30T09:28:28.957380
APP_0051,Felix Nguyen,alice.nguyen@gmail.com,+1-202-555-1050,"19 Pine Ave, San Jose, CA",96425599,56,54819.0,28,80399.0,24,122377.0,real_estate,0,558,18653.0,36028.0,1,non-bank,0.34026523650558493,0.6569780269168172,1.5221209219019947,0.06110943893893888,0.3444613229265121,USD,DZOAN@gmail.com,doan@gmail.com,False,2025-10-30T09:28:28.957380
APP_0052,Chris Do,emma.tran@gmail.com,+1-202-555-1051,"8 Rue Lafayette, Paris, FR",93232757,45,60974.0,2,66734.0,48,38002.0,real_estate,0,756,42544.0,219916.0,3,non-bank,0.6977400203365255,1.7560654702383625,0.5694548506008845,0.022801385289429585,0.0,USD,DZOAN@gmail.com,doan@gmail.com,False,2025-10-30T09:28:28.957380
APP_0053,Alice Nguyen,felix.nguyen@gmail.com,+1-202-555-1052,"19 Pine Ave, San Jose, CA",54924829,44,131176.0,29,13057.0,12,52405.0,deposit,0,561,28253.0,32456.0,2,bank,0.2153823870220146,0.2491556149222355,4.013555947001301,0.008294835436685457,1.7673771874129165,USD,DZOAN@gmail.com,doan@gmail.com,False,2025-10-30T09:28:28.957380
APP_0054,Giang Ho,julia.ngo@gmail.com,+1-202-555-1053,"78 Oak St, Chicago, IL",12237354,54,55610.0,13,26083.0,72,170699.0,car,0,762,2913.0,174779.0,4,bank,0.05238266498831052,0.15280112947351682,6.544454242226487,0.006514365921306437,2.4084610077396578,USD,DZOAN@gmail.com,doan@gmail.com,False,2025-10-30T09:28:28.957380
APP_0055,Ivan Pham,giang.ho@gmail.com,+1-202-555-1054,"21 Königstr, Berlin, DE",63724249,48,32153.0,23,57768.0,36,175786.0,land,1,814,13517.0,236162.0,0,bank,0.42039623052279973,0.3286268531054787,3.0429649633014293,0.049907214462788625,1.167391219997504,USD,DZOAN@gmail.com,doan@gmail.com,False,2025-10-30T09:28:28.957380
APP_0056,Julia Ngo,julia.ngo@gmail.com,+1-202-555-1055,"23 Elm St, Boston, MA",59967823,24,108641.0,12,56339.0,24,169093.0,land,0,561,33602.0,220099.0,1,bank,0.3092939129794432,0.3331835143974007,3.0013489767300983,0.021607480907166732,1.3817226165941126,USD,DZOAN@gmail.com,doan@gmail.com,False,2025-10-30T09:28:28.957380
APP_0057,Emma Tran,alice.nguyen@gmail.com,+1-202-555-1056,"44 Maple Dr, Los Angeles, CA",23338758,33,125120.0,9,81195.0,48,56703.0,land,0,332,8029.0,139361.0,1,bank,0.06417039641943682,1.4319348182635587,0.6983558100868194,0.013519521259309027,0.0,USD,DZOAN@gmail.com,doan@gmail.com,False,2025-10-30T09:28:28.957380
APP_0058,Hanh Vo,emma.tran@gmail.com,+1-202-555-1057,"8 Rue Lafayette, Paris, FR",67057759,28,146024.0,23,30279.0,60,126979.0,land,1,487,21736.0,66153.0,1,bank,0.14885224346682635,0.23845675269138802,4.193632550612497,0.0034559387497369322,1.9445574793491387,USD,DZOAN@gmail.com,doan@gmail.com,False,2025-10-30T09:28:28.957380
APP_0059,Hanh Vo,hanh.vo@gmail.com,+1-202-555-1058,"8 Rue Lafayette, Paris, FR",85671420,53,140974.0,20,92846.0,24,125267.0,car,2,418,38745.0,279898.0,1,non-bank,0.2748379133740954,0.7411848292048125,1.349191133705261,0.027441821422192144,0.2532201711489859,USD,DZOAN@gmail.com,doan@gmail.com,False,2025-10-30T09:28:28.957380
APP_0060,Bao Tran,duy.le@gmail.com,+1-202-555-1059,"8 Rue Lafayette, Paris, FR",19530766,22,40028.0,4,47224.0,12,43567.0,deposit,0,560,7487.0,252196.0,1,non-bank,0.18704406915158922,1.0839396791149016,0.9225605624258657,0.09831451316591613,0.0,USD,DZOAN@gmail.com,doan@gmail.com,False,2025-10-30T09:28:28.957380
APP_0061,Felix Nguyen,chris.do@gmail.com,+1-202-555-1060,"44 Maple Dr, Los Angeles, CA",75099036,29,121513.0,21,83145.0,12,114279.0,car,0,622,24829.0,187544.0,0,bank,0.20433204677688638,0.72756149423778,1.3744542666425956,0.057020647991758475,0.29794125991519277,USD,DZOAN@gmail.com,doan@gmail.com,False,2025-10-30T09:28:28.957380
APP_0062,Emma Tran,alice.nguyen@gmail.com,+1-202-555-1061,"8 Rue Lafayette, Paris, FR",22630563,47,130765.0,22,27646.0,72,108849.0,deposit,0,555,10742.0,35160.0,3,bank,0.08214736359117437,0.2539848781339263,3.9372422773636715,0.002936353169555204,2.0541958392168818,USD,DZOAN@gmail.com,doan@gmail.com,False,2025-10-30T09:28:28.957380
APP_0063,Felix Nguyen,emma.tran@gmail.com,+1-202-555-1062,"21 Königstr, Berlin, DE",77394363,51,112265.0,11,8512.0,12,84063.0,car,0,407,26824.0,20201.0,2,bank,0.2389346635193494,0.10125739029061416,9.875822368419891,0.00631838358592808,2.052005540003915,USD,DZOAN@gmail.com,doan@gmail.com,False,2025-10-30T09:28:28.957380
APP_0064,Emma Tran,hanh.vo@gmail.com,+1-202-555-1063,"14 High St, London, UK",47720288,43,127474.0,27,10230.0,48,152319.0,real_estate,2,465,12035.0,101413.0,4,bank,0.09441140938544257,0.0671616804206956,14.889442815247811,0.0016719095658374117,2.5343032172972233,USD,DZOAN@gmail.com,doan@gmail.com,False,2025-10-30T09:28:28.957380
APP_0065,Emma Tran,giang.ho@gmail.com,+1-202-555-1064,"22 Bay St, Toronto, CA",10585992,58,129747.0,19,40406.0,36,138103.0,deposit,0,673,48270.0,55681.0,3,bank,0.37203172327683587,0.2925787274715228,3.417883482651007,0.008650596074342395,1.3327143522810472,USD,DZOAN@gmail.com,doan@gmail.com,False,2025-10-30T09:28:28.957380
APP_0066,Hanh Vo,chris.do@gmail.com,+1-202-555-1065,"23 Elm St, Boston, MA",96960871,61,80818.0,10,95549.0,60,110269.0,real_estate,0,314,3835.0,259503.0,0,bank,0.04745230023014616,0.8665082661491365,1.1540570806601727,0.019704562514622638,0.14674671781612506,USD,DZOAN@gmail.com,doan@gmail.com,False,2025-10-30T09:28:28.957380
APP_0067,Giang Ho,julia.ngo@gmail.com,+1-202-555-1066,"19 Pine Ave, San Jose, CA",24937333,26,30018.0,0,9626.0,12,147347.0,deposit,0,417,48178.0,69687.0,0,bank,1.6049703511226063,0.06532878171934234,15.307188863493112,0.026722855173555625,0.0,USD,DZOAN@gmail.com,doan@gmail.com,False,2025-10-30T09:28:28.957380
APP_0068,Bao Tran,giang.ho@gmail.com,+1-202-555-1067,"55 Nguyen Hue, Ho Chi Minh",63643829,62,82024.0,20,40052.0,72,154516.0,real_estate,0,790,39593.0,91968.0,2,bank,0.4827001853116102,0.2592094022625472,3.857884749825131,0.006781890395128802,1.1496325167974577,USD,DZOAN@gmail.com,doan@gmail.com,False,2025-10-30T09:28:28.957380
APP_0069,Julia Ngo,julia.ngo@gmail.com,+1-202-555-1068,"14 High St, London, UK",26332140,48,50222.0,6,15381.0,60,116852.0,real_estate,1,354,42782.0,292963.0,2,non-bank,0.8518577515829547,0.1316280423099294,7.597165333852962,0.00510433674476768,0.3859277228235551,USD,DZOAN@gmail.com,doan@gmail.com,False,2025-10-30T09:28:28.957380
APP_0070,Bao Tran,alice.nguyen@gmail.com,+1-202-555-1069,"44 Maple Dr, Los Angeles, CA",76449297,48,39216.0,22,93498.0,36,59393.0,land,0,528,42575.0,247295.0,1,bank,1.0856538147694543,1.5742259188793029,0.6352328392051099,0.06622722018039723,0.0,USD,DZOAN@gmail.com,doan@gmail.com,False,2025-10-30T09:28:28.957380
APP_0071,Bao Tran,felix.nguyen@gmail.com,+1-202-555-1070,"78 Oak St, Chicago, IL",82392481,25,40615.0,15,69154.0,24,153617.0,deposit,0,413,9380.0,73424.0,3,non-bank,0.23094915671549354,0.4501715304946689,2.2213754808109116,0.07094464278090698,0.9392998434846671,USD,DZOAN@gmail.com,doan@gmail.com,False,2025-10-30T09:28:28.957380
APP_0072,Chris Do,emma.tran@gmail.com,+1-202-555-1071,"19 Pine Ave, San Jose, CA",48887190,48,112171.0,14,77455.0,72,145781.0,car,1,357,46554.0,121227.0,2,bank,0.41502705690418723,0.531310664627074,1.8821380156219496,0.00959039224820977,0.5160268712150835,USD,DZOAN@gmail.com,doan@gmail.com,False,2025-10-30T09:28:28.957380
APP_0073,Duy Le,bao.tran@gmail.com,+1-202-555-1072,"23 Elm St, Boston, MA",52064343,52,88066.0,4,72759.0,24,196816.0,real_estate,1,532,29713.0,159569.0,3,bank,0.3373946812617771,0.36968031054385636,2.7050399263321,0.03442446574016814,1.1297685238486896,USD,DZOAN@gmail.com,doan@gmail.com,False,2025-10-30T09:28:28.957380
APP_0074,Bao Tran,bao.tran@gmail.com,+1-202-555-1073,"19 Pine Ave, San Jose, CA",67087104,46,92479.0,21,67417.0,36,36758.0,real_estate,0,586,48107.0,202638.0,0,non-bank,0.520193773721596,1.8340769356330098,0.5452333981043276,0.020249942629055297,0.0,USD,DZOAN@gmail.com,doan@gmail.com,False,2025-10-30T09:28:28.957380
APP_0075,Hanh Vo,chris.do@gmail.com,+1-202-555-1074,"55 Nguyen Hue, Ho Chi Minh",80628709,24,118148.0,4,78503.0,36,88500.0,deposit,0,396,43907.0,281491.0,4,non-bank,0.37162711175813073,0.8870395480225888,1.12734545176616,0.01845684132468004,0.08002042933078288,USD,DZOAN@gmail.com,doan@gmail.com,False,2025-10-30T09:28:28.957380
APP_0076,Emma Tran,bao.tran@gmail.com,+1-202-555-1075,"19 Pine Ave, San Jose, CA",86228158,44,93533.0,12,5771.0,24,185451.0,land,0,342,28980.0,262626.0,1,non-bank,0.3098371697689552,0.031118732171840375,32.13498527117793,0.0025708395253366367,2.0060575138863768,USD,DZOAN@gmail.com,doan@gmail.com,False,2025-10-30T09:28:28.957380
APP_0077,Alice Nguyen,emma.tran@gmail.com,+1-202-555-1076,"10 Broadway, New York, NY",11605310,62,103751.0,25,87218.0,36,106799.0,real_estate,0,374,18723.0,293385.0,2,non-bank,0.18046091122013108,0.8166555866627888,1.224506409227439,0.023351314417739598,0.1839917780435128,USD,DZOAN@gmail.com,doan@gmail.com,False,2025-10-30T09:28:28.957380
APP_0078,Emma Tran,ivan.pham@gmail.com,+1-202-555-1077,"14 High St, London, UK",69720522,52,35753.0,27,75287.0,12,188983.0,car,0,658,5864.0,21787.0,2,bank,0.16401420859787533,0.3983797484429796,2.5101677580458444,0.17547944693154882,1.2624787883599429,USD,DZOAN@gmail.com,doan@gmail.com,False,2025-10-30T09:28:28.957380
APP_0079,Alice Nguyen,giang.ho@gmail.com,+1-202-555-1078,"10 Broadway, New York, NY",19822959,27,131391.0,29,75245.0,12,10394.0,car,0,773,5055.0,78544.0,4,bank,0.03847295476859117,7.239272657301593,0.13813542428068126,0.04772333467394331,0.0,USD,DZOAN@gmail.com,doan@gmail.com,False,2025-10-30T09:28:28.957380
APP_0080,Alice Nguyen,ivan.pham@gmail.com,+1-202-555-1079,"44 Maple Dr, Los Angeles, CA",35913857,63,81097.0,28,42376.0,24,14752.0,real_estate,1,399,19485.0,173270.0,1,bank,0.24026782741654756,2.8725596529282216,0.3481215782518325,0.021772280930158643,0.0,USD,DZOAN@gmail.com,doan@gmail.com,False,2025-10-30T09:28:28.957380
APP_0081,Chris Do,chris.do@gmail.com,+1-202-555-1080,"78 Oak St, Chicago, IL",84648574,63,44401.0,16,81082.0,12,160837.0,deposit,1,476,40548.0,24244.0,1,bank,0.9132226751649533,0.5041252945528671,1.983633852149651,0.15217750349699585,0.08535711430674023,USD,DZOAN@gmail.com,doan@gmail.com,False,2025-10-30T09:28:28.957380
APP_0082,Julia Ngo,ivan.pham@gmail.com,+1-202-555-1081,"23 Elm St, Boston, MA",32546185,28,126666.0,6,41272.0,36,76818.0,land,1,489,25267.0,113049.0,1,bank,0.19947736567034405,0.5372699106980064,1.8612618724558574,0.00905092482917744,0.689459622986085,USD,DZOAN@gmail.com,doan@gmail.com,False,2025-10-30T09:28:28.957380
APP_0083,Alice Nguyen,chris.do@gmail.com,+1-202-555-1082,"14 High St, London, UK",81713537,56,116827.0,25,9651.0,72,107884.0,real_estate,2,498,24088.0,54544.0,1,bank,0.2061852140344252,0.08945719476474649,11.178530722203794,0.001147351782248999,2.168407026150951,USD,DZOAN@gmail.com,doan@gmail.com,False,2025-10-30T09:28:28.957380
APP_0084,Felix Nguyen,julia.ngo@gmail.com,+1-202-555-1083,"8 Rue Lafayette, Paris, FR",51670701,38,31628.0,24,91242.0,12,90177.0,land,1,434,12222.0,280546.0,0,non-bank,0.38642974579485306,1.0118101067899685,0.9883277438021855,0.24040407232092242,0.0,USD,DZOAN@gmail.com,doan@gmail.com,False,2025-10-30T09:28:28.957380
APP_0085,Julia Ngo,felix.nguyen@gmail.com,+1-202-555-1084,"78 Oak St, Chicago, IL",30937666,47,49130.0,29,27280.0,12,86328.0,car,1,330,28219.0,28365.0,0,non-bank,0.5743741095053821,0.3160040774719637,3.164516129032142,0.04627179591174115,0.8733791208620494,USD,DZOAN@gmail.com,doan@gmail.com,False,2025-10-30T09:28:28.957380
APP_0086,Felix Nguyen,ivan.pham@gmail.com,+1-202-555-1085,"78 Oak St, Chicago, IL",40081977,40,26968.0,19,14680.0,12,188379.0,real_estate,1,588,31903.0,53037.0,1,non-bank,1.1829946603381347,0.07792800683727975,12.832356948228009,0.04536240482169028,0.0,USD,DZOAN@gmail.com,doan@gmail.com,False,2025-10-30T09:28:28.957380
APP_0087,Felix Nguyen,duy.le@gmail.com,+1-202-555-1086,"44 Maple Dr, Los Angeles, CA",57769262,55,58844.0,4,64080.0,48,26061.0,car,0,496,49107.0,66586.0,2,bank,0.8345285840527356,2.4588465523194634,0.40669475655430076,0.02268710488702612,0.0,USD,DZOAN@gmail.com,doan@gmail.com,False,2025-10-30T09:28:28.957380
APP_0088,Chris Do,bao.tran@gmail.com,+1-202-555-1087,"23 Elm St, Boston, MA",78863244,64,37497.0,15,27197.0,24,156265.0,real_estate,0,488,36470.0,53092.0,1,bank,0.9726111422246855,0.17404409176718924,5.745670478361372,0.03022130659215634,0.06786596669780756,USD,DZOAN@gmail.com,doan@gmail.com,False,2025-10-30T09:28:28.957380
APP_0089,Ivan Pham,emma.tran@gmail.com,+1-202-555-1088,"21 Königstr, Berlin, DE",64541423,55,113738.0,13,86521.0,36,178814.0,real_estate,0,445,30360.0,174885.0,1,non-bank,0.26692925847122095,0.4838603241356914,2.066712127691519,0.021130678498341188,0.7819754504445762,USD,DZOAN@gmail.com,doan@gmail.com,False,2025-10-30T09:28:28.957380
APP_0090,Emma Tran,julia.ngo@gmail.com,+1-202-555-1089,"44 Maple Dr, Los Angeles, CA",93990145,61,90319.0,25,47156.0,12,134223.0,deposit,0,811,45503.0,115660.0,3,bank,0.5038031864834586,0.35132577874134574,2.846361014504987,0.04350874861700363,0.9161584519985574,USD,DZOAN@gmail.com,doan@gmail.com,False,2025-10-30T09:28:28.957380
APP_0091,Julia Ngo,giang.ho@gmail.com,+1-202-555-1090,"14 High St, London, UK",88096504,62,147525.0,11,5427.0,24,83841.0,land,0,635,21248.0,274610.0,1,non-bank,0.14402982545331203,0.06472966686943064,15.448866777222138,0.0015327910523001294,2.4016905308943377,USD,DZOAN@gmail.com,doan@gmail.com,False,2025-10-30T09:28:28.957380
APP_0092,Alice Nguyen,duy.le@gmail.com,+1-202-555-1091,"23 Elm St, Boston, MA",77801817,24,118678.0,9,95413.0,36,38722.0,real_estate,0,530,46747.0,85637.0,4,bank,0.39389777380811614,2.4640514436237164,0.4058356827685912,0.022332370877816175,0.0,USD,DZOAN@gmail.com,doan@gmail.com,False,2025-10-30T09:28:28.957380
APP_0093,Felix Nguyen,ivan.pham@gmail.com,+1-202-555-1092,"44 Maple Dr, Los Angeles, CA",64279643,32,101442.0,2,53889.0,36,139055.0,deposit,0,412,18499.0,165793.0,3,bank,0.18236036355749904,0.38753730538275943,2.5803967414499698,0.014756379671389276,1.2921950171140875,USD,DZOAN@gmail.com,doan@gmail.com,False,2025-10-30T09:28:28.957380
APP_0094,Duy Le,emma.tran@gmail.com,+1-202-555-1093,"21 Königstr, Berlin, DE",36087023,52,88664.0,25,29982.0,48,98009.0,land,0,740,6388.0,201426.0,0,bank,0.07204727961743129,0.3059106816720882,3.268928023480646,0.00704485473232631,1.9322462133926055,USD,DZOAN@gmail.com,doan@gmail.com,False,2025-10-30T09:28:28.957380
APP_0095,Bao Tran,ivan.pham@gmail.com,+1-202-555-1094,"21 Königstr, Berlin, DE",47131440,46,31812.0,22,69342.0,60,36679.0,deposit,0,788,20880.0,191536.0,1,bank,0.6563560920407187,1.8905095558766083,0.5289579187216906,0.036329058216418395,0.0,USD,DZOAN@gmail.com,doan@gmail.com,False,2025-10-30T09:28:28.957380
APP_0096,Emma Tran,hanh.vo@gmail.com,+1-202-555-1095,"44 Maple Dr, Los Angeles, CA",20700485,23,33775.0,1,55407.0,36,77052.0,land,1,317,6438.0,240951.0,0,bank,0.19061435973352508,0.719085812178779,1.3906546104282602,0.04556871453117796,0.3161902319845528,USD,DZOAN@gmail.com,doan@gmail.com,False,2025-10-30T09:28:28.957380
APP_0097,Hanh Vo,chris.do@gmail.com,+1-202-555-1096,"44 Maple Dr, Los Angeles, CA",43676563,25,102038.0,13,7812.0,72,192617.0,car,1,811,5919.0,68541.0,1,bank,0.058007801015307454,0.04055716785122788,24.656554019454088,0.0010633293478752228,2.7113629897677693,USD,DZOAN@gmail.com,doan@gmail.com,False,2025-10-30T09:28:28.957380
APP_0098,Duy Le,julia.ngo@gmail.com,+1-202-555-1097,"22 Bay St, Toronto, CA",93382500,43,25547.0,14,77166.0,48,58954.0,land,0,684,44060.0,157162.0,1,non-bank,1.7246643441499305,1.3089188180615174,0.763989321721992,0.06292813246042372,0.0,USD,DZOAN@gmail.com,doan@gmail.com,False,2025-10-30T09:28:28.957380
APP_0099,Hanh Vo,alice.nguyen@gmail.com,+1-202-555-1098,"19 Pine Ave, San Jose, CA",48329387,48,30293.0,14,43128.0,24,42260.0,land,0,354,39737.0,242169.0,0,non-bank,1.311755190968167,1.020539517273994,0.97987386384713,0.05932063512775445,0.0,USD,DZOAN@gmail.com,doan@gmail.com,False,2025-10-30T09:28:28.957380
APP_0100,Alice Nguyen,alice.nguyen@gmail.com,+1-202-555-1099,"8 Rue Lafayette, Paris, FR",20235593,28,52391.0,27,71482.0,24,138939.0,land,0,714,11060.0,260274.0,0,bank,0.21110496077570173,0.5144847738935755,1.9436921182954876,0.0568497769949516,0.7444740306783967,USD,DZOAN@gmail.com,doan@gmail.com,False,2025-10-30T09:28:28.957380
APP_0101,Felix Nguyen,hanh.vo@gmail.com,+1-202-555-1100,"44 Maple Dr, Los Angeles, CA",68673791,28,135518.0,4,90085.0,24,46312.0,real_estate,1,359,41885.0,189158.0,2,bank,0.309073333431719,1.9451761962341956,0.5140922462119052,0.027697735109064786,0.0,USD,DZOAN@gmail.com,doan@gmail.com,False,2025-10-30T09:28:28.957380
APP_0102,Julia Ngo,emma.tran@gmail.com,+1-202-555-1101,"10 Broadway, New York, NY",96635337,26,82366.0,9,63008.0,48,184622.0,car,1,327,3445.0,199048.0,3,bank,0.04182551052618748,0.34128110409376816,2.930135855764301,0.015936996656864526,1.8494069382120797,USD,DZOAN@gmail.com,doan@gmail.com,False,2025-10-30T09:28:28.957380
APP_0103,Julia Ngo,duy.le@gmail.com,+1-202-555-1102,"10 Broadway, New York, NY",88074155,45,113697.0,5,68803.0,24,172924.0,real_estate,0,363,14219.0,260599.0,1,non-bank,0.12506046773441581,0.39787999352316394,2.5133206400883314,0.025214312308567435,1.324064053006757,USD,DZOAN@gmail.com,doan@gmail.com,False,2025-10-30T09:28:28.957380
APP_0104,Bao Tran,emma.tran@gmail.com,+1-202-555-1103,"19 Pine Ave, San Jose, CA",34666880,21,76445.0,7,29191.0,72,196837.0,car,1,552,35305.0,191212.0,4,bank,0.46183530642945303,0.14830037035719837,6.743071494638527,0.005303558840341674,1.3750640106026,USD,DZOAN@gmail.com,doan@gmail.com,False,2025-10-30T09:28:28.957380
APP_0105,Bao Tran,alice.nguyen@gmail.com,+1-202-555-1104,"22 Bay St, Toronto, CA",50850718,46,46640.0,27,27577.0,36,183215.0,real_estate,0,640,15189.0,285164.0,1,bank,0.32566466552314915,0.1505171519799135,6.643761105268642,0.016424266246922874,1.7185089013559183,USD,DZOAN@gmail.com,doan@gmail.com,False,2025-10-30T09:28:28.957380
APP_0106,Hanh Vo,alice.nguyen@gmail.com,+1-202-555-1105,"23 Elm St, Boston, MA",57791485,41,71394.0,28,44425.0,72,54802.0,real_estate,0,524,36525.0,47002.0,4,bank,0.5115976132448032,0.8106455968760117,1.2335846933032926,0.00864237735496415,0.11408332171882854,USD,DZOAN@gmail.com,doan@gmail.com,False,2025-10-30T09:28:28.957380
APP_0107,Felix Nguyen,alice.nguyen@gmail.com,+1-202-555-1106,"44 Maple Dr, Los Angeles, CA",32305560,41,36465.0,1,86014.0,60,48732.0,deposit,2,367,43716.0,110891.0,1,bank,1.1988482106128837,1.7650414512024593,0.5665589322668336,0.03931349695989949,0.0,USD,DZOAN@gmail.com,doan@gmail.com,False,2025-10-30T09:28:28.957380
APP_0108,Chris Do,emma.tran@gmail.com,+1-202-555-1107,"19 Pine Ave, San Jose, CA",34182278,50,121281.0,18,54798.0,36,73786.0,real_estate,0,409,3303.0,42532.0,2,non-bank,0.027234274123728964,0.7426612094435158,1.3465089966786865,0.012550743039918632,0.3370720756768318,USD,DZOAN@gmail.com,doan@gmail.com,False,2025-10-30T09:28:28.957380
APP_0109,Bao Tran,giang.ho@gmail.com,+1-202-555-1108,"8 Rue Lafayette, Paris, FR",31299612,43,47941.0,6,38062.0,24,98201.0,deposit,0,768,1198.0,36267.0,3,non-bank,0.024989049039443798,0.38759279437072547,2.5800273238399827,0.033080592115319954,1.5405439435609198,USD,DZOAN@gmail.com,doan@gmail.com,False,2025-10-30T09:28:28.957380
APP_0110,Giang Ho,hanh.vo@gmail.com,+1-202-555-1109,"23 Elm St, Boston, MA",99512315,53,72047.0,5,79063.0,60,176959.0,real_estate,0,829,47000.0,146862.0,0,bank,0.6523519369300504,0.44678710887832523,2.2382024461505097,0.01828968127256772,0.43045868209270455,USD,DZOAN@gmail.com,doan@gmail.com,False,2025-10-30T09:28:28.957380
APP_0111,Julia Ngo,julia.ngo@gmail.com,+1-202-555-1110,"14 High St, London, UK",77141284,54,147503.0,8,86067.0,24,148831.0,deposit,0,714,26022.0,75519.0,4,bank,0.17641675084574432,0.5782867816516681,1.7292458201168655,0.024312217377616414,0.600594641964023,USD,DZOAN@gmail.com,doan@gmail.com,False,2025-10-30T09:28:28.957380
APP_0112,Ivan Pham,bao.tran@gmail.com,+1-202-555-1111,"19 Pine Ave, San Jose, CA",85677072,61,98995.0,5,90740.0,24,131731.0,car,1,356,25323.0,128075.0,1,non-bank,0.2558007980200994,0.6888279903743183,1.4517412387039734,0.038192164585845345,0.3361854693449226,USD,DZOAN@gmail.com,doan@gmail.com,False,2025-10-30T09:28:28.957380
APP_0113,Hanh Vo,julia.ngo@gmail.com,+1-202-555-1112,"22 Bay St, Toronto, CA",83491187,56,82320.0,14,33399.0,72,176646.0,land,2,750,23183.0,136974.0,2,bank,0.2816205053449917,0.1890730613769902,5.288960747327606,0.005635021865810879,1.747659853110392,USD,DZOAN@gmail.com,doan@gmail.com,False,2025-10-30T09:28:28.957380
APP_0114,Duy Le,felix.nguyen@gmail.com,+1-202-555-1113,"21 Königstr, Berlin, DE",96322910,43,92876.0,29,72415.0,36,132010.0,car,0,680,21680.0,190067.0,3,bank,0.23342951892846123,0.5485569275054879,1.8229648553476236,0.02165820855465223,0.6308605650688136,USD,DZOAN@gmail.com,doan@gmail.com,False,2025-10-30T09:28:28.957380
APP_0115,Duy Le,hanh.vo@gmail.com,+1-202-555-1114,"19 Pine Ave, San Jose, CA",19475027,42,123010.0,17,61080.0,12,80778.0,car,0,589,34506.0,284251.0,3,non-bank,0.2805137793675288,0.756146475525505,1.3224950884086228,0.04137874969169817,0.23203077233167543,USD,DZOAN@gmail.com,doan@gmail.com,False,2025-10-30T09:28:28.957380
APP_0116,Felix Nguyen,giang.ho@gmail.com,+1-202-555-1115,"10 Broadway, New York, NY",89346918,31,56810.0,21,47652.0,36,87296.0,car,1,378,28987.0,256322.0,0,bank,0.5102446752332246,0.5458669354838647,1.8319482917820484,0.023299888516632197,0.4074511058308971,USD,DZOAN@gmail.com,doan@gmail.com,False,2025-10-30T09:28:28.957380
APP_0117,Giang Ho,hanh.vo@gmail.com,+1-202-555-1116,"44 Maple Dr, Los Angeles, CA",15990297,47,104551.0,14,42709.0,36,107267.0,land,0,848,8169.0,119709.0,4,bank,0.07813411636426167,0.3981560032442373,2.5115783558499962,0.011347200037093335,1.3934725167003434,USD,DZOAN@gmail.com,doan@gmail.com,False,2025-10-30T09:28:28.957380
APP_0118,Chris Do,ivan.pham@gmail.com,+1-202-555-1117,"22 Bay St, Toronto, CA",52787890,27,134086.0,0,15882.0,72,25044.0,car,1,543,31331.0,104419.0,3,bank,0.23366346971346574,0.6341638715859833,1.5768794862107054,0.0016450884755326285,0.4420838238562694,USD,DZOAN@gmail.com,doan@gmail.com,False,2025-10-30T09:28:28.957380
APP_0119,Chris Do,giang.ho@gmail.com,+1-202-555-1118,"14 High St, London, UK",63499029,61,96551.0,2,31108.0,60,150409.0,land,0,324,33416.0,233524.0,4,bank,0.3460968814408929,0.20682273002280313,4.835058505850429,0.005369873607295835,1.5559832712248638,USD,DZOAN@gmail.com,doan@gmail.com,False,2025-10-30T09:28:28.957380
APP_0120,Julia Ngo,duy.le@gmail.com,+1-202-555-1119,"55 Nguyen Hue, Ho Chi Minh",42207497,58,80817.0,8,57218.0,24,133332.0,deposit,0,415,5680.0,45859.0,2,bank,0.07028224259747243,0.42913929139291074,2.3302457268691263,0.02949977521108142,1.2367530739790826,USD,DZOAN@gmail.com,doan@gmail.com,False,2025-10-30T09:28:28.957380
APP_0121,Julia Ngo,alice.nguyen@gmail.com,+1-202-555-1120,"14 High St, London, UK",23155591,26,43141.0,7,89222.0,12,148378.0,car,1,520,18836.0,166738.0,3,bank,0.43661482116778855,0.6013155589103466,1.6630203313084029,0.17234571906184135,0.3735358279235868,USD,DZOAN@gmail.com,doan@gmail.com,False,2025-10-30T09:28:28.957380
APP_0122,Hanh Vo,ivan.pham@gmail.com,+1-202-555-1121,"21 Königstr, Berlin, DE",27307119,55,56036.0,25,87302.0,48,110516.0,car,0,334,39525.0,132674.0,2,bank,0.7053501320579502,0.789948966665453,1.2659045611784234,0.03245755704598371,0.07834874383641727,USD,DZOAN@gmail.com,doan@gmail.com,False,2025-10-30T09:28:28.957380
APP_0123,Felix Nguyen,ivan.pham@gmail.com,+1-202-555-1122,"44 Maple Dr, Los Angeles, CA",84219776,26,143253.0,25,22821.0,12,158328.0,real_estate,0,478,30935.0,63014.0,4,non-bank,0.21594661193831743,0.14413748673639443,6.937820428552345,0.013275463689008312,2.01312570971795,USD,DZOAN@gmail.com,doan@gmail.com,False,2025-10-30T09:28:28.957380
APP_0124,Duy Le,chris.do@gmail.com,+1-202-555-1123,"23 Elm St, Boston, MA",38685150,52,92657.0,25,69535.0,24,190352.0,car,0,557,6818.0,188770.0,4,bank,0.07358321551528677,0.36529692359418153,2.737499101172032,0.031268999282794765,1.6096483303528917,USD,DZOAN@gmail.com,doan@gmail.com,False,2025-10-30T09:28:28.957380
APP_0125,Hanh Vo,duy.le@gmail.com,+1-202-555-1124,"19 Pine Ave, San Jose, CA",37930120,24,62667.0,19,13057.0,12,117427.0,real_estate,0,821,2004.0,103012.0,4,non-bank,0.031978553305567016,0.11119248554420949,8.993413494676496,0.017362939557384948,2.5811542079291327,USD,DZOAN@gmail.com,doan@gmail.com,False,2025-10-30T09:28:28.957380
APP_0126,Bao Tran,bao.tran@gmail.com,+1-202-555-1125,"55 Nguyen Hue, Ho Chi Minh",93102567,42,77296.0,16,69126.0,12,93321.0,real_estate,0,347,29060.0,63823.0,2,bank,0.3759573587248968,0.7407335969395876,1.3500130197031313,0.07452520181535764,0.21842304929623252,USD,DZOAN@gmail.com,doan@gmail.com,False,2025-10-30T09:28:28.957380
APP_0127,Hanh Vo,bao.tran@gmail.com,+1-202-555-1126,"22 Bay St, Toronto, CA",22948473,49,97252.0,19,37483.0,72,28086.0,deposit,0,617,23086.0,199425.0,3,bank,0.23738329288857568,1.3345795058035557,0.7492996825227237,0.00535307471532705,0.0,USD,DZOAN@gmail.com,doan@gmail.com,False,2025-10-30T09:28:28.957380
APP_0128,Bao Tran,felix.nguyen@gmail.com,+1-202-555-1127,"44 Maple Dr, Los Angeles, CA",92374021,53,92193.0,12,47735.0,12,157506.0,real_estate,2,803,48052.0,60517.0,1,non-bank,0.5212109379236979,0.303067819638615,3.2995914947103113,0.04314770824612639,1.0010505148980593,USD,DZOAN@gmail.com,doan@gmail.com,False,2025-10-30T09:28:28.957380
APP_0129,Hanh Vo,giang.ho@gmail.com,+1-202-555-1128,"8 Rue Lafayette, Paris, FR",92887341,39,112471.0,20,73175.0,12,181562.0,car,2,743,26112.0,205127.0,2,non-bank,0.23216651403472688,0.40303036979103335,2.4812025965151694,0.0542176798122045,1.1373169531030711,USD,DZOAN@gmail.com,doan@gmail.com,False,2025-10-30T09:28:28.957380
APP_0130,Bao Tran,ivan.pham@gmail.com,+1-202-555-1129,"55 Nguyen Hue, Ho Chi Minh",63870367,61,57186.0,23,45364.0,72,142302.0,deposit,0,808,46574.0,57007.0,3,bank,0.8144301052705065,0.31878680552627287,3.136892690238887,0.011017653893379388,0.37923798236049455,USD,DZOAN@gmail.com,doan@gmail.com,False,2025-10-30T09:28:28.957380
APP_0131,Hanh Vo,alice.nguyen@gmail.com,+1-202-555-1130,"10 Broadway, New York, NY",24897854,55,106154.0,22,81706.0,24,174189.0,deposit,0,393,10716.0,136080.0,0,non-bank,0.10094767978597037,0.46906521077679725,2.131899738085304,0.03207054530705186,1.0176370857752615,USD,DZOAN@gmail.com,doan@gmail.com,False,2025-10-30T09:28:28.957380
APP_0132,Julia Ngo,chris.do@gmail.com,+1-202-555-1131,"55 Nguyen Hue, Ho Chi Minh",24027477,30,80334.0,18,55690.0,60,173350.0,real_estate,1,740,22366.0,244317.0,3,bank,0.27841262728109795,0.32125757138736477,3.11276710360921,0.011553846025981349,1.469315897446315,USD,DZOAN@gmail.com,doan@gmail.com,False,2025-10-30T09:28:28.957380
APP_0133,Felix Nguyen,alice.nguyen@gmail.com,+1-202-555-1132,"23 Elm St, Boston, MA",35624807,50,142574.0,1,99880.0,12,161234.0,real_estate,2,838,6981.0,76307.0,0,bank,0.04896404674063961,0.6194723197340474,1.6142771325590546,0.05837904058692093,0.5841996383287423,USD,DZOAN@gmail.com,doan@gmail.com,False,2025-10-30T09:28:28.957380
APP_0134,Julia Ngo,alice.nguyen@gmail.com,+1-202-555-1133,"44 Maple Dr, Los Angeles, CA",61967407,53,44740.0,21,65632.0,12,104553.0,car,0,479,28711.0,232612.0,2,bank,0.641729995529713,0.6277390414430898,1.5930186494392735,0.12224705706029132,0.212460794185581,USD,DZOAN@gmail.com,doan@gmail.com,False,2025-10-30T09:28:28.957380
APP_0135,Alice Nguyen,felix.nguyen@gmail.com,+1-202-555-1134,"23 Elm St, Boston, MA",23825205,35,43554.0,10,33154.0,12,27173.0,land,0,574,9423.0,219352.0,2,bank,0.21635211461633339,1.2201081956353284,0.8195994450141516,0.06343466347759182,0.0,USD,DZOAN@gmail.com,doan@gmail.com,False,2025-10-30T09:28:28.957380
APP_0136,Bao Tran,bao.tran@gmail.com,+1-202-555-1135,"14 High St, London, UK",51009213,53,82707.0,22,78652.0,60,8623.0,deposit,0,591,24613.0,271770.0,2,non-bank,0.29759270678418637,9.121187521743114,0.10963484717489562,0.015849525029862078,0.0,USD,DZOAN@gmail.com,doan@gmail.com,False,2025-10-30T09:28:28.957380
APP_0137,Hanh Vo,chris.do@gmail.com,+1-202-555-1136,"55 Nguyen Hue, Ho Chi Minh",20394105,60,88544.0,16,43754.0,48,47244.0,real_estate,0,571,17207.0,58973.0,2,bank,0.1943327611131167,0.926128185589685,1.079764135850412,0.010294787525384734,0.06426335109283496,USD,DZOAN@gmail.com,doan@gmail.com,False,2025-10-30T09:28:28.957380
APP_0138,Julia Ngo,chris.do@gmail.com,+1-202-555-1137,"19 Pine Ave, San Jose, CA",58625570,56,111359.0,26,55746.0,36,90756.0,real_estate,0,459,9286.0,217383.0,2,bank,0.08338796145798648,0.6142403808012625,1.6280271230222505,0.013905476880691927,0.5756572214931275,USD,DZOAN@gmail.com,doan@gmail.com,False,2025-10-30T09:28:28.957380
APP_0139,Bao Tran,chris.do@gmail.com,+1-202-555-1138,"14 High St, London, UK",11903321,54,75504.0,10,17998.0,24,150771.0,car,0,833,4840.0,281634.0,2,bank,0.06410256410256325,0.11937308898926108,8.377097455272342,0.009932144874912723,2.4725294039916927,USD,DZOAN@gmail.com,doan@gmail.com,False,2025-10-30T09:28:28.957380
APP_0140,Emma Tran,hanh.vo@gmail.com,+1-202-555-1139,"10 Broadway, New York, NY",14985586,48,139214.0,27,16337.0,12,95514.0,deposit,1,826,25602.0,231275.0,2,non-bank,0.18390391770942446,0.17104298846242255,5.8464834424921435,0.009779308593627118,2.0295257085093614,USD,DZOAN@gmail.com,doan@gmail.com,False,2025-10-30T09:28:28.957380
APP_0141,Alice Nguyen,hanh.vo@gmail.com,+1-202-555-1140,"8 Rue Lafayette, Paris, FR",27533965,32,84271.0,25,59612.0,48,12442.0,real_estate,1,509,47365.0,64492.0,2,bank,0.5620557487154471,4.791191126828099,0.20871636583237926,0.014737177280924383,0.0,USD,DZOAN@gmail.com,doan@gmail.com,False,2025-10-30T09:28:28.957380
APP_0142,Giang Ho,emma.tran@gmail.com,+1-202-555-1141,"8 Rue Lafayette, Paris, FR",25717732,55,41167.0,9,22735.0,24,48386.0,car,1,742,9937.0,248426.0,3,bank,0.24138266086913693,0.46986731699250883,2.1282603914668075,0.023010947278819763,0.8559178960213444,USD,DZOAN@gmail.com,doan@gmail.com,False,2025-10-30T09:28:28.957380
APP_0143,Alice Nguyen,emma.tran@gmail.com,+1-202-555-1142,"78 Oak St, Chicago, IL",84789467,37,39902.0,14,99770.0,48,196011.0,real_estate,0,518,20249.0,41120.0,2,bank,0.507468297328442,0.5090020458035492,1.9646286458855169,0.0520911650198815,0.4751101894037605,USD,DZOAN@gmail.com,doan@gmail.com,False,2025-10-30T09:28:28.957380
APP_0144,Duy Le,giang.ho@gmail.com,+1-202-555-1143,"44 Maple Dr, Los Angeles, CA",14804373,44,146675.0,15,86288.0,60,197700.0,real_estate,0,737,11230.0,180764.0,3,bank,0.07656383160047672,0.4364592817400079,2.291164472464279,0.0098048974488451,1.192307973226021,USD,DZOAN@gmail.com,doan@gmail.com,False,2025-10-30T09:28:28.957380
APP_0145,Giang Ho,duy.le@gmail.com,+1-202-555-1144,"10 Broadway, New York, NY",48633369,34,41761.0,23,71583.0,72,80411.0,deposit,1,621,40448.0,154317.0,4,bank,0.9685591820119018,0.8902140254442689,1.1233253705488575,0.02380710072362973,0.0038774505287422277,USD,DZOAN@gmail.com,doan@gmail.com,False,2025-10-30T09:28:28.957380
APP_0146,Ivan Pham,duy.le@gmail.com,+1-202-555-1145,"19 Pine Ave, San Jose, CA",63202942,34,143481.0,20,74796.0,36,162557.0,real_estate,1,558,20745.0,164013.0,4,non-bank,0.14458360340393403,0.46012168039518164,2.1733381464249133,0.014480430625720058,1.0036926892035232,USD,DZOAN@gmail.com,doan@gmail.com,False,2025-10-30T09:28:28.957380
APP_0147,Bao Tran,emma.tran@gmail.com,+1-202-555-1146,"78 Oak St, Chicago, IL",56439599,27,59759.0,25,61545.0,12,146108.0,car,0,370,48720.0,160669.0,0,bank,0.815274686658063,0.42122950146466714,2.374002762206477,0.08582389262826551,0.2538130907812826,USD,DZOAN@gmail.com,doan@gmail.com,False,2025-10-30T09:28:28.957380
APP_0148,Hanh Vo,duy.le@gmail.com,+1-202-555-1147,"22 Bay St, Toronto, CA",71264306,63,36676.0,11,10727.0,24,186803.0,deposit,1,660,12258.0,19128.0,3,bank,0.33422401570508414,0.05742413130410081,17.41428171902513,0.012186670665140634,1.8826331302609427,USD,DZOAN@gmail.com,doan@gmail.com,False,2025-10-30T09:28:28.957380
APP_0149,Chris Do,duy.le@gmail.com,+1-202-555-1148,"10 Broadway, New York, NY",82279117,27,63088.0,15,42275.0,72,178413.0,land,0,476,4036.0,157375.0,1,bank,0.06397413137205073,0.2369502222371675,4.220295683027695,0.009306885267715153,2.142702993110457,USD,DZOAN@gmail.com,doan@gmail.com,False,2025-10-30T09:28:28.957380
APP_0150,Duy Le,alice.nguyen@gmail.com,+1-202-555-1149,"78 Oak St, Chicago, IL",45426740,24,101837.0,12,52101.0,48,128718.0,real_estate,1,419,29126.0,281655.0,0,non-bank,0.28600606852126154,0.40476856383722243,2.4705475902573375,0.01065857694136096,1.0499620553944404,USD,DZOAN@gmail.com,doan@gmail.com,False,2025-10-30T09:28:28.957380
APP_0151,Felix Nguyen,chris.do@gmail.com,+1-202-555-1150,"78 Oak St, Chicago, IL",84539607,62,78487.0,27,91953.0,48,83768.0,car,0,406,32583.0,136633.0,3,bank,0.4151388127970184,1.0977103428516723,0.910987134731864,0.024407704460102507,0.0,USD,DZOAN@gmail.com,doan@gmail.com,False,2025-10-30T09:28:28.957380
APP_0152,Hanh Vo,emma.tran@gmail.com,+1-202-555-1151,"23 Elm St, Boston, MA",38619198,45,123197.0,9,25851.0,36,128318.0,deposit,0,840,49537.0,90304.0,0,bank,0.4020958302556036,0.20146043423369908,4.963753819968088,0.005828740418300614,1.432350408232653,USD,DZOAN@gmail.com,doan@gmail.com,False,2025-10-30T09:28:28.957380
APP_0153,Ivan Pham,felix.nguyen@gmail.com,+1-202-555-1152,"10 Broadway, New York, NY",98598043,40,101373.0,17,52207.0,12,69273.0,car,0,356,43570.0,298496.0,4,non-bank,0.4297988616298183,0.7536413898632836,1.3268910299384886,0.04291658856865972,0.18639363739394654,USD,DZOAN@gmail.com,doan@gmail.com,False,2025-10-30T09:28:28.957380
APP_0154,Hanh Vo,giang.ho@gmail.com,+1-202-555-1153,"21 Königstr, Berlin, DE",55407360,53,75097.0,3,37686.0,72,74833.0,land,0,739,44208.0,38707.0,3,bank,0.588678642289298,0.5036013523445472,1.9856976065381844,0.006969874517748911,0.40543847781349174,USD,DZOAN@gmail.com,doan@gmail.com,False,2025-10-30T09:28:28.957380
APP_0155,Chris Do,felix.nguyen@gmail.com,+1-202-555-1154,"21 Königstr, Berlin, DE",76241199,37,104328.0,25,17764.0,60,124878.0,land,0,776,31711.0,151021.0,4,non-bank,0.3039548347519333,0.14225083681673198,7.029835622607125,0.002837844746009982,1.7910964740878659,USD,DZOAN@gmail.com,doan@gmail.com,False,2025-10-30T09:28:28.957380
APP_0156,Hanh Vo,alice.nguyen@gmail.com,+1-202-555-1155,"44 Maple Dr, Los Angeles, CA",88750443,26,146432.0,11,14786.0,72,117708.0,land,0,317,17990.0,158653.0,3,bank,0.12285565996503413,0.125615930947768,7.960773704855407,0.0014024332871794244,2.300883111557724,USD,DZOAN@gmail.com,doan@gmail.com,False,2025-10-30T09:28:28.957380
APP_0157,Felix Nguyen,alice.nguyen@gmail.com,+1-202-555-1156,"10 Broadway, New York, NY",81338611,53,76476.0,10,39710.0,72,119549.0,real_estate,0,624,21451.0,148604.0,4,non-bank,0.28049322663318843,0.3321650536600027,3.010551498363057,0.007211775952849396,1.4415353021480675,USD,DZOAN@gmail.com,doan@gmail.com,False,2025-10-30T09:28:28.957380
APP_0158,Alice Nguyen,hanh.vo@gmail.com,+1-202-555-1157,"22 Bay St, Toronto, CA",86601845,28,44180.0,17,12830.0,24,81857.0,deposit,1,617,6687.0,277300.0,0,bank,0.1513580805794443,0.1567367482316704,6.380124707715792,0.012100120717769284,2.1468856336724835,USD,DZOAN@gmail.com,doan@gmail.com,False,2025-10-30T09:28:28.957380
APP_0159,Chris Do,alice.nguyen@gmail.com,+1-202-555-1158,"19 Pine Ave, San Jose, CA",58286221,45,76097.0,14,11380.0,24,86554.0,deposit,0,497,21553.0,132312.0,4,bank,0.28323061355900647,0.1314786145065493,7.605799648505482,0.006231082258786857,1.8675886217730668,USD,DZOAN@gmail.com,doan@gmail.com,False,2025-10-30T09:28:28.957380
APP_0160,Giang Ho,alice.nguyen@gmail.com,+1-202-555-1159,"10 Broadway, New York, NY",13912755,62,130014.0,25,38332.0,24,9956.0,real_estate,0,666,18221.0,292257.0,0,bank,0.1401464457673778,3.8501406187219915,0.25973077324428,0.01228457448121053,0.0,USD,DZOAN@gmail.com,doan@gmail.com,False,2025-10-30T09:28:28.957380
APP_0161,Alice Nguyen,felix.nguyen@gmail.com,+1-202-555-1160,"8 Rue Lafayette, Paris, FR",54377517,62,52203.0,15,24188.0,72,123540.0,deposit,1,524,1794.0,29379.0,1,non-bank,0.03436584104361753,0.19579083697587665,5.1074913180087185,0.0064353474788761585,2.329715516285447,USD,DZOAN@gmail.com,doan@gmail.com,False,2025-10-30T09:28:28.957380
APP_0162,Hanh Vo,alice.nguyen@gmail.com,+1-202-555-1161,"78 Oak St, Chicago, IL",26334856,36,143642.0,15,57706.0,48,118550.0,deposit,0,541,10223.0,222841.0,0,bank,0.07116999206360208,0.48676507802614516,2.0543790940283153,0.008369476429653437,0.979338942274316,USD,DZOAN@gmail.com,doan@gmail.com,False,2025-10-30T09:28:28.957380
APP_0163,Giang Ho,duy.le@gmail.com,+1-202-555-1162,"22 Bay St, Toronto, CA",90020491,55,98538.0,3,6678.0,36,187593.0,land,0,537,26730.0,181957.0,2,non-bank,0.27126590756865093,0.035598343221761815,28.09119496854925,0.0018825224785853716,2.1083770982747363,USD,DZOAN@gmail.com,doan@gmail.com,False,2025-10-30T09:28:28.957380
APP_0164,Julia Ngo,ivan.pham@gmail.com,+1-202-555-1163,"21 Königstr, Berlin, DE",31307038,47,100196.0,0,33672.0,72,104821.0,car,1,740,18467.0,79758.0,3,non-bank,0.18430875484051074,0.3212333406473863,3.1130019006889076,0.004667518330673546,1.6609920646202414,USD,DZOAN@gmail.com,doan@gmail.com,False,2025-10-30T09:28:28.957380
APP_0165,Hanh Vo,hanh.vo@gmail.com,+1-202-555-1164,"22 Bay St, Toronto, CA",30526284,42,64630.0,11,48061.0,48,97786.0,car,1,648,49677.0,76110.0,1,bank,0.7686368559492377,0.491491624567929,2.034622667027277,0.01549235391168897,0.23937355314962297,USD,DZOAN@gmail.com,doan@gmail.com,False,2025-10-30T09:28:28.957380
APP_0166,Alice Nguyen,julia.ngo@gmail.com,+1-202-555-1165,"14 High St, London, UK",32444881,27,140057.0,29,96498.0,72,20995.0,deposit,0,508,23926.0,218707.0,4,bank,0.17083044760347452,4.596237199332956,0.2175692760471697,0.009569318206025947,0.0,USD,DZOAN@gmail.com,doan@gmail.com,False,2025-10-30T09:28:28.957380
APP_0167,Felix Nguyen,chris.do@gmail.com,+1-202-555-1166,"19 Pine Ave, San Jose, CA",67830962,37,29507.0,27,65281.0,72,45774.0,real_estate,1,809,47935.0,194906.0,3,bank,1.624529772596278,1.4261589548651763,0.7011841117629831,0.030727642781134372,0.0,USD,DZOAN@gmail.com,doan@gmail.com,False,2025-10-30T09:28:28.957380
APP_0168,Alice Nguyen,julia.ngo@gmail.com,+1-202-555-1167,"8 Rue Lafayette, Paris, FR",61410938,49,62333.0,18,88668.0,12,72903.0,deposit,0,741,33035.0,187239.0,3,bank,0.5299760961288478,1.2162462450104767,0.8222019217756031,0.1185407408496965,0.0,USD,DZOAN@gmail.com,doan@gmail.com,False,2025-10-30T09:28:28.957380
APP_0169,Chris Do,duy.le@gmail.com,+1-202-555-1168,"44 Maple Dr, Los Angeles, CA",95395677,64,77300.0,18,37612.0,36,80423.0,deposit,0,813,2019.0,24741.0,4,bank,0.02611901681759345,0.46767715703218643,2.1382271615441315,0.013515883282648676,1.1084977871695567,USD,DZOAN@gmail.com,doan@gmail.com,False,2025-10-30T09:28:28.957380
APP_0170,Ivan Pham,bao.tran@gmail.com,+1-202-555-1169,"10 Broadway, New York, NY",47463617,21,84659.0,11,47722.0,60,77635.0,land,1,701,10172.0,183386.0,2,bank,0.12015261224441441,0.6146969794551347,1.6268178198733996,0.009394945211417583,0.5515040214142917,USD,DZOAN@gmail.com,doan@gmail.com,False,2025-10-30T09:28:28.957380
APP_0171,Emma Tran,ivan.pham@gmail.com,+1-202-555-1170,"22 Bay St, Toronto, CA",35405034,52,84266.0,5,44936.0,60,83668.0,car,0,515,35289.0,294602.0,1,non-bank,0.41878100301425936,0.5370751063728003,1.8619369770339627,0.008887728542007953,0.500974145256621,USD,DZOAN@gmail.com,doan@gmail.com,False,2025-10-30T09:28:28.957380
APP_0172,Giang Ho,chris.do@gmail.com,+1-202-555-1171,"23 Elm St, Boston, MA",14432870,58,43490.0,0,89302.0,12,155632.0,land,1,725,27255.0,15023.0,4,bank,0.6266957921361089,0.573802302868301,1.7427605204810446,0.17111596534175696,0.27727562773075437,USD,DZOAN@gmail.com,doan@gmail.com,False,2025-10-30T09:28:28.957380
APP_0173,Julia Ngo,hanh.vo@gmail.com,+1-202-555-1172,"44 Maple Dr, Los Angeles, CA",10636831,62,53199.0,10,96124.0,24,33172.0,real_estate,0,481,15088.0,146011.0,2,non-bank,0.2836143536532588,2.8977450862172045,0.3450959177728731,0.07528650287598845,0.0,USD,DZOAN@gmail.com,doan@gmail.com,False,2025-10-30T09:28:28.957380
APP_0174,Julia Ngo,giang.ho@gmail.com,+1-202-555-1173,"44 Maple Dr, Los Angeles, CA",43625272,39,36905.0,9,96421.0,48,71793.0,deposit,1,449,26104.0,153369.0,3,bank,0.7073296301313994,1.3430418007326432,0.7445784631978434,0.05443085850945481,0.0,USD,DZOAN@gmail.com,doan@gmail.com,False,2025-10-30T09:28:28.957380
APP_0175,Felix Nguyen,emma.tran@gmail.com,+1-202-555-1174,"23 Elm St, Boston, MA",93323564,26,96557.0,5,76436.0,60,39271.0,car,0,548,45149.0,270059.0,1,non-bank,0.4675890924531575,1.946372641389271,0.5137762310952887,0.013193588588213056,0.0,USD,DZOAN@gmail.com,doan@gmail.com,False,2025-10-30T09:28:28.957380
APP_0176,Emma Tran,bao.tran@gmail.com,+1-202-555-1175,"23 Elm St, Boston, MA",57137764,32,68858.0,7,52795.0,12,67096.0,real_estate,0,833,19435.0,92025.0,1,non-bank,0.28224752388974,0.7868576368188746,1.2708779240458137,0.06389356840115364,0.19442330070751404,USD,DZOAN@gmail.com,doan@gmail.com,False,2025-10-30T09:28:28.957380
APP_0177,Giang Ho,duy.le@gmail.com,+1-202-555-1176,"10 Broadway, New York, NY",90419284,58,95721.0,0,56381.0,48,139435.0,deposit,0,612,2255.0,147912.0,0,bank,0.023558048912986455,0.4043532828916671,2.473084904489057,0.012271123020467647,1.4383818982561458,USD,DZOAN@gmail.com,doan@gmail.com,False,2025-10-30T09:28:28.957380
APP_0178,Julia Ngo,chris.do@gmail.com,+1-202-555-1177,"55 Nguyen Hue, Ho Chi Minh",19150471,59,98714.0,18,98148.0,24,16978.0,land,0,511,15547.0,217985.0,1,bank,0.1574953907247183,5.780892920249395,0.17298365733382062,0.041427761004817584,0.0,USD,DZOAN@gmail.com,doan@gmail.com,False,2025-10-30T09:28:28.957380
APP_0179,Emma Tran,bao.tran@gmail.com,+1-202-555-1178,"78 Oak St, Chicago, IL",18398890,49,112750.0,27,32031.0,24,73179.0,land,1,553,46793.0,27495.0,0,bank,0.41501552106429784,0.4377075390480816,2.2846305141893075,0.011837028824340387,0.7514889119679615,USD,DZOAN@gmail.com,doan@gmail.com,False,2025-10-30T09:28:28.957380
APP_0180,Chris Do,bao.tran@gmail.com,+1-202-555-1179,"19 Pine Ave, San Jose, CA",19606782,26,93379.0,20,37937.0,48,12547.0,real_estate,0,460,38088.0,242315.0,3,bank,0.4078861414236562,3.0235912967240757,0.33073253024750693,0.008463939072491595,0.0,USD,DZOAN@gmail.com,doan@gmail.com,False,2025-10-30T09:28:28.957380
APP_0181,Julia Ngo,felix.nguyen@gmail.com,+1-202-555-1180,"78 Oak St, Chicago, IL",14676567,26,105993.0,13,90214.0,36,191340.0,deposit,0,662,41873.0,248441.0,0,bank,0.39505439038426693,0.47148531410055156,2.120956835967786,0.023642546624539466,0.6781179164874657,USD,DZOAN@gmail.com,doan@gmail.com,False,2025-10-30T09:28:28.957380
APP_0182,Chris Do,chris.do@gmail.com,+1-202-555-1181,"21 Königstr, Berlin, DE",46368341,42,98393.0,12,41700.0,48,147633.0,land,0,492,45580.0,218697.0,3,bank,0.46324433648734703,0.2824571742090164,3.5403597122301314,0.00882938826930668,1.1554355266685499,USD,DZOAN@gmail.com,doan@gmail.com,False,2025-10-30T09:28:28.957380
APP_0183,Ivan Pham,hanh.vo@gmail.com,+1-202-555-1182,"44 Maple Dr, Los Angeles, CA",93235767,46,106554.0,9,27334.0,24,54770.0,deposit,0,604,5875.0,197973.0,4,bank,0.05513636278318922,0.499068833302894,2.0037316163019683,0.010688633618814882,0.9483895057686378,USD,DZOAN@gmail.com,doan@gmail.com,False,2025-10-30T09:28:28.957380
APP_0184,Chris Do,giang.ho@gmail.com,+1-202-555-1183,"78 Oak St, Chicago, IL",72044503,22,102080.0,4,58244.0,60,46053.0,deposit,1,503,14133.0,226807.0,3,bank,0.13845023510971652,1.2647167394089145,0.7906908866149167,0.009509535005066076,0.0,USD,DZOAN@gmail.com,doan@gmail.com,False,2025-10-30T09:28:28.957380
APP_0185,Bao Tran,duy.le@gmail.com,+1-202-555-1184,"19 Pine Ave, San Jose, CA",18920182,51,64526.0,17,35907.0,12,26993.0,real_estate,0,476,2991.0,236709.0,2,bank,0.04635340792858621,1.3302337643092161,0.7517475701116565,0.04637277996080029,0.0,USD,DZOAN@gmail.com,doan@gmail.com,False,2025-10-30T09:28:28.957380
APP_0186,Giang Ho,hanh.vo@gmail.com,+1-202-555-1185,"22 Bay St, Toronto, CA",85341793,44,55785.0,16,89632.0,72,98792.0,real_estate,2,833,236.0,271984.0,0,bank,0.004230527919691598,0.9072799416956746,1.1021956444126975,0.022315835598665887,0.10176330288575994,USD,DZOAN@gmail.com,doan@gmail.com,False,2025-10-30T09:28:28.957380
APP_0187,Ivan Pham,bao.tran@gmail.com,+1-202-555-1186,"19 Pine Ave, San Jose, CA",85921744,21,123429.0,0,91361.0,12,152672.0,deposit,0,490,41735.0,134169.0,4,bank,0.3381296129758781,0.5984135925382481,1.6710850362846108,0.0616825597390577,0.4441713126918037,USD,DZOAN@gmail.com,doan@gmail.com,False,2025-10-30T09:28:28.957380
APP_0188,Julia Ngo,emma.tran@gmail.com,+1-202-555-1187,"8 Rue Lafayette, Paris, FR",82062687,25,67837.0,12,34070.0,60,120168.0,land,0,338,46847.0,142256.0,0,non-bank,0.6905818358712694,0.2835197390320195,3.5270912826532577,0.008370554908440247,0.665076020949559,USD,DZOAN@gmail.com,doan@gmail.com,False,2025-10-30T09:28:28.957380
APP_0189,Emma Tran,bao.tran@gmail.com,+1-202-555-1188,"21 Königstr, Berlin, DE",91238782,40,93643.0,8,55306.0,36,177158.0,car,0,508,7787.0,195001.0,3,bank,0.08315624232457222,0.31218460357420885,3.203232922286855,0.016405687320302502,1.891857757938109,USD,DZOAN@gmail.com,doan@gmail.com,False,2025-10-30T09:28:28.957380
APP_0190,Ivan Pham,giang.ho@gmail.com,+1-202-555-1189,"19 Pine Ave, San Jose, CA",31589021,52,49621.0,5,98479.0,36,74013.0,car,0,592,36108.0,65995.0,3,non-bank,0.727675782430811,1.3305635496466657,0.7515612465601726,0.05512842904620496,0.0,USD,DZOAN@gmail.com,doan@gmail.com,False,2025-10-30T09:28:28.957380
APP_0191,Chris Do,felix.nguyen@gmail.com,+1-202-555-1190,"22 Bay St, Toronto, CA",98161360,57,78927.0,21,75520.0,12,61397.0,land,1,352,26744.0,258306.0,0,bank,0.3388447552801913,1.230027525774855,0.8129899364406672,0.07973612746979879,0.0,USD,DZOAN@gmail.com,doan@gmail.com,False,2025-10-30T09:28:28.957380
APP_0192,Giang Ho,duy.le@gmail.com,+1-202-555-1191,"14 High St, London, UK",38862667,39,91207.0,15,25484.0,60,99785.0,deposit,2,468,3461.0,233448.0,3,non-bank,0.03794664883177785,0.25538908653604997,3.9155940982575768,0.004656806312303329,2.1490662738432724,USD,DZOAN@gmail.com,doan@gmail.com,False,2025-10-30T09:28:28.957380
APP_0193,Chris Do,duy.le@gmail.com,+1-202-555-1192,"10 Broadway, New York, NY",82182328,33,103251.0,19,61120.0,12,46800.0,real_estate,1,391,45787.0,193008.0,0,non-bank,0.44345333217111266,1.3059829059828783,0.76570680628271,0.04932962715042798,0.0,USD,DZOAN@gmail.com,doan@gmail.com,False,2025-10-30T09:28:28.957380
APP_0194,Chris Do,chris.do@gmail.com,+1-202-555-1193,"22 Bay St, Toronto, CA",62142809,63,90797.0,21,63889.0,48,195323.0,land,0,575,43561.0,97478.0,1,bank,0.47976254722071787,0.3270940954214285,3.0572242483056074,0.014659304088302358,1.050212561274284,USD,DZOAN@gmail.com,doan@gmail.com,False,2025-10-30T09:28:28.957380
APP_0195,Bao Tran,chris.do@gmail.com,+1-202-555-1194,"14 High St, London, UK",80152977,41,70082.0,29,67076.0,60,43667.0,deposit,0,697,28372.0,110825.0,4,non-bank,0.40484004451927164,1.5360798772528104,0.6510078120341009,0.015951789807863433,0.0,USD,DZOAN@gmail.com,doan@gmail.com,False,2025-10-30T09:28:28.957380
APP_0196,Julia Ngo,ivan.pham@gmail.com,+1-202-555-1195,"10 Broadway, New York, NY",66503747,34,145221.0,24,7375.0,72,99942.0,car,0,832,35394.0,136142.0,4,non-bank,0.24372508108331273,0.07379279982389712,13.551457627116806,0.0007053425851228969,2.1014018256397025,USD,DZOAN@gmail.com,doan@gmail.com,False,2025-10-30T09:28:28.957380
APP_0197,Bao Tran,hanh.vo@gmail.com,+1-202-555-1196,"21 Königstr, Berlin, DE",67823494,40,89092.0,18,33441.0,60,108226.0,car,0,514,19861.0,202133.0,1,bank,0.22292686212005317,0.30899229390349536,3.2363266648723656,0.006255892784881972,1.6108905794269048,USD,DZOAN@gmail.com,doan@gmail.com,False,2025-10-30T09:28:28.957380
APP_0198,Chris Do,julia.ngo@gmail.com,+1-202-555-1197,"14 High St, London, UK",65465567,21,126037.0,26,86188.0,24,18952.0,deposit,1,774,39641.0,235630.0,4,bank,0.3145187524298395,4.547699451245011,0.21989140019492018,0.02849295577105934,0.0,USD,DZOAN@gmail.com,doan@gmail.com,False,2025-10-30T09:28:28.957380
APP_0199,Julia Ngo,felix.nguyen@gmail.com,+1-202-555-1198,"8 Rue Lafayette, Paris, FR",80109671,34,117088.0,14,27930.0,60,97935.0,real_estate,0,417,22250.0,204837.0,4,non-bank,0.19002801311833672,0.28518915607290257,3.5064446831362868,0.003975642251915121,1.736930278500569,USD,DZOAN@gmail.com,doan@gmail.com,False,2025-10-30T09:28:28.957380
APP_0200,Bao Tran,bao.tran@gmail.com,+1-202-555-1199,"8 Rue Lafayette, Paris, FR",76513865,43,94789.0,29,33471.0,60,95302.0,car,0,729,49458.0,279680.0,3,bank,0.5217694036227777,0.35120983819856505,2.8473006483223435,0.005885176549923478,0.883435690735243,USD,DZOAN@gmail.com,doan@gmail.com,False,2025-10-30T09:28:28.957380
