application_id,asset_id,confidence,ltv_ai,ltv_cap,policy_breaches,decision,status
APP_0001,A0001,55.0,1.6868471716468423,0.8,"confidence<70%, condition<0.75, legal<0.97, ltv>cap",reject,RISKY
APP_0002,A0002,63.9,0.221266828028082,0.8,"confidence<70%, condition<0.75",review,RISKY
APP_0003,A0003,55.0,24.986312580585626,0.8,"confidence<70%, condition<0.75, ltv>cap",reject,RISKY
APP_0004,A0004,60.0,0.29132650707400853,0.8,"confidence<70%, condition<0.75, legal<0.97",reject,RISKY
APP_0005,A0005,61.1,0.43786762017444725,0.8,"confidence<70%, condition<0.75",review,RISKY
APP_0006,A0006,58.2,2.1855749712190686,0.8,"confidence<70%, condition<0.75, ltv>cap",reject,RISKY
APP_0007,A0007,63.3,0.5686114319165133,0.8,"confidence<70%, condition<0.75",review,RISKY
APP_0008,A0008,60.7,0.45907027877901246,0.8,"confidence<70%, condition<0.75",review,RISKY
APP_0009,A0009,59.5,0.8343570000920448,0.8,"confidence<70%, condition<0.75, ltv>cap",reject,RISKY
APP_0010,A0010,55.0,7.297205559425274,0.8,"confidence<70%, condition<0.75, legal<0.97, ltv>cap",reject,RISKY
APP_0011,A0011,55.0,1.148242483403759,0.8,"confidence<70%, condition<0.75, ltv>cap",reject,RISKY
APP_0012,A0012,60.3,0.40870995969425383,0.8,"confidence<70%, condition<0.75",review,RISKY
APP_0013,A0013,60.1,1.9304040878946238,0.8,"confidence<70%, condition<0.75, ltv>cap",reject,RISKY
APP_0014,A0014,62.2,0.7156642865778632,0.8,"confidence<70%, condition<0.75, legal<0.97",review,RISKY
APP_0015,A0015,61.0,0.9370663852128644,0.8,"confidence<70%, condition<0.75, ltv>cap",reject,RISKY
APP_0016,A0016,55.0,1.2585426648608158,0.8,"confidence<70%, condition<0.75, ltv>cap",reject,RISKY
APP_0017,A0017,62.8,0.2715227972693147,0.8,"confidence<70%, condition<0.75, legal<0.97",review,RISKY
APP_0018,A0018,66.4,0.19770942863932597,0.8,confidence<70%,review,RISKY
APP_0019,A0019,58.9,0.3281721196252383,0.8,"confidence<70%, condition<0.75",reject,RISKY
APP_0020,A0020,65.6,0.19802422650247642,0.8,"confidence<70%, condition<0.75, legal<0.97",review,RISKY
APP_0021,A0021,60.5,0.7131648064119394,0.8,"confidence<70%, condition<0.75",review,RISKY
APP_0022,A0022,64.8,1.2312044773877178,0.8,"confidence<70%, condition<0.75, ltv>cap",reject,RISKY
APP_0023,A0023,56.0,0.814262745772883,0.8,"confidence<70%, condition<0.75, legal<0.97, ltv>cap",reject,RISKY
APP_0024,A0024,56.9,0.4846415035876029,0.8,"confidence<70%, condition<0.75",reject,RISKY
APP_0025,A0025,55.0,1.3158125857263057,0.8,"confidence<70%, condition<0.75, ltv>cap",reject,RISKY
APP_0026,A0026,58.4,1.3053925082072837,0.8,"confidence<70%, condition<0.75, legal<0.97, ltv>cap",reject,RISKY
APP_0027,A0027,55.0,3.698516395498755,0.8,"confidence<70%, condition<0.75, ltv>cap",reject,RISKY
APP_0028,A0028,63.9,2.903724089386079,0.8,"confidence<70%, condition<0.75, ltv>cap",reject,RISKY
APP_0029,A0029,55.0,6.247198120544442,0.8,"confidence<70%, condition<0.75, legal<0.97, ltv>cap",reject,RISKY
APP_0030,A0030,56.3,0.8609326944895676,0.8,"confidence<70%, condition<0.75, ltv>cap",reject,RISKY
APP_0031,A0031,55.0,2.276329069777765,0.8,"confidence<70%, condition<0.75, ltv>cap",reject,RISKY
APP_0032,A0032,67.6,0.3472094778927495,0.8,"confidence<70%, legal<0.97",review,RISKY
APP_0033,A0033,57.2,1.2303174719879997,0.8,"confidence<70%, condition<0.75, ltv>cap",reject,RISKY
APP_0034,A0034,55.0,0.95985014991856,0.8,"confidence<70%, condition<0.75, legal<0.97, ltv>cap",reject,RISKY
APP_0035,A0035,57.9,0.7871133578999038,0.8,"confidence<70%, condition<0.75",reject,RISKY
APP_0036,A0036,63.0,0.24279307215844026,0.8,"confidence<70%, condition<0.75",review,RISKY
APP_0037,A0037,64.8,0.17268426205337217,0.8,"confidence<70%, condition<0.75",review,RISKY
APP_0038,A0038,63.8,0.5596288441051088,0.8,"confidence<70%, condition<0.75, legal<0.97",review,RISKY
APP_0039,A0039,59.4,1.238000131829781,0.8,"confidence<70%, condition<0.75, ltv>cap",reject,RISKY
APP_0040,A0040,58.6,0.3225514220316805,0.8,"confidence<70%, condition<0.75, legal<0.97",reject,RISKY
APP_0041,A0041,57.3,0.607721518457451,0.8,"confidence<70%, condition<0.75, legal<0.97",reject,RISKY
APP_0042,A0042,57.3,1.29766773293721,0.8,"confidence<70%, condition<0.75, legal<0.97, ltv>cap",reject,RISKY
APP_0043,A0043,56.7,0.7236758648569859,0.8,"confidence<70%, condition<0.75",reject,RISKY
APP_0044,A0044,58.5,0.5858791948861662,0.8,"confidence<70%, condition<0.75, legal<0.97",reject,RISKY
APP_0045,A0045,55.0,0.8316532317415571,0.8,"confidence<70%, condition<0.75, ltv>cap",reject,RISKY
APP_0046,A0046,64.2,0.6244592298577007,0.8,"confidence<70%, condition<0.75",review,RISKY
APP_0047,A0047,59.2,0.29116776026562036,0.8,"confidence<70%, condition<0.75, legal<0.97",reject,RISKY
APP_0048,A0048,62.2,0.21676859113861008,0.8,"confidence<70%, condition<0.75, legal<0.97",review,RISKY
APP_0049,A0049,63.4,0.9559625158440849,0.8,"confidence<70%, condition<0.75, legal<0.97, ltv>cap",reject,RISKY
APP_0050,A0050,55.0,3.6551428360714713,0.8,"confidence<70%, condition<0.75, ltv>cap",reject,RISKY
APP_0051,A0051,59.2,0.5407883809850219,0.8,"confidence<70%, condition<0.75",reject,RISKY
APP_0052,A0052,55.0,18.176088325838673,0.8,"confidence<70%, condition<0.75, legal<0.97, ltv>cap",reject,RISKY
APP_0053,A0053,60.0,0.8577429808738796,0.8,"confidence<70%, condition<0.75, ltv>cap",reject,RISKY
APP_0054,A0054,56.2,1.0799656440925218,0.8,"confidence<70%, condition<0.75, legal<0.97, ltv>cap",reject,RISKY
APP_0055,A0055,61.4,0.2456173874228851,0.8,"confidence<70%, condition<0.75",review,RISKY
APP_0056,A0056,66.4,0.1486762599945991,0.8,confidence<70%,review,RISKY
APP_0057,A0057,55.0,7.394317534765353,0.8,"confidence<70%, condition<0.75, ltv>cap",reject,RISKY
APP_0058,A0058,55.0,1.3918265659793354,0.8,"confidence<70%, condition<0.75, ltv>cap",reject,RISKY
APP_0059,A0059,62.8,1.7676488750279313,0.8,"confidence<70%, condition<0.75, ltv>cap",reject,RISKY
APP_0060,A0060,55.0,1.1484833749518681,0.8,"confidence<70%, condition<0.75, legal<0.97, ltv>cap",reject,RISKY
APP_0061,A0061,65.3,0.19342855294255515,0.8,"confidence<70%, condition<0.75, legal<0.97",review,RISKY
APP_0062,A0062,55.4,0.6226713910927713,0.8,"confidence<70%, condition<0.75, legal<0.97",reject,RISKY
APP_0063,A0063,57.1,1.7257255997328778,0.8,"confidence<70%, condition<0.75, ltv>cap",reject,RISKY
APP_0064,A0064,55.9,0.5796939221855527,0.8,"confidence<70%, condition<0.75",reject,RISKY
APP_0065,A0065,55.0,6.175593708490947,0.8,"confidence<70%, condition<0.75, ltv>cap",reject,RISKY
APP_0066,A0066,61.2,0.42710880300477233,0.8,"confidence<70%, condition<0.75",review,RISKY
APP_0067,A0067,62.1,0.4146829762855118,0.8,"confidence<70%, condition<0.75, legal<0.97",review,RISKY
APP_0068,A0068,65.3,0.4622920585618794,0.8,"confidence<70%, condition<0.75",review,RISKY
APP_0069,A0069,55.0,14.238798746353488,0.8,"confidence<70%, condition<0.75, legal<0.97, ltv>cap",reject,RISKY
APP_0070,A0070,55.0,1.68521002786252,0.8,"confidence<70%, condition<0.75, legal<0.97, ltv>cap",reject,RISKY
APP_0071,A0071,64.3,0.4879846098987745,0.8,"confidence<70%, condition<0.75",review,RISKY
APP_0072,A0072,58.1,0.5183771233028894,0.8,"confidence<70%, condition<0.75",reject,RISKY
APP_0073,A0073,55.0,2.1394402845512137,0.8,"confidence<70%, condition<0.75, ltv>cap",reject,RISKY
APP_0074,A0074,60.0,0.6362451265253655,0.8,"confidence<70%, condition<0.75, legal<0.97",reject,RISKY
APP_0075,A0075,58.0,0.41510566712807523,0.8,"confidence<70%, condition<0.75",reject,RISKY
APP_0076,A0076,60.8,2.0483148940269142,0.8,"confidence<70%, condition<0.75, legal<0.97, ltv>cap",reject,RISKY
APP_0077,A0077,55.0,1.6592847058745834,0.8,"confidence<70%, condition<0.75, ltv>cap",reject,RISKY
APP_0078,A0078,55.0,1.4423683029891237,0.8,"confidence<70%, condition<0.75, ltv>cap",reject,RISKY
APP_0079,A0079,61.1,0.6237352236218563,0.8,"confidence<70%, condition<0.75, legal<0.97",review,RISKY
APP_0080,A0080,61.6,0.7681998704661263,0.8,"confidence<70%, condition<0.75, legal<0.97",review,RISKY
APP_0081,A0081,60.1,8.90887118712232,0.8,"confidence<70%, condition<0.75, legal<0.97, ltv>cap",reject,RISKY
APP_0082,A0082,56.3,0.5502748108541696,0.8,"confidence<70%, condition<0.75",reject,RISKY
APP_0083,A0083,67.3,0.14003962413249735,0.8,confidence<70%,review,RISKY
APP_0084,A0084,55.0,3.069394053919077,0.8,"confidence<70%, condition<0.75, ltv>cap",reject,RISKY
APP_0085,A0085,59.2,5.412059111117784,0.8,"confidence<70%, condition<0.75, ltv>cap",reject,RISKY
APP_0086,A0086,58.4,2.414590007135069,0.8,"confidence<70%, condition<0.75, ltv>cap",reject,RISKY
APP_0087,A0087,55.0,6.748136150825705,0.8,"confidence<70%, condition<0.75, legal<0.97, ltv>cap",reject,RISKY
APP_0088,A0088,61.7,0.262962148990801,0.8,"confidence<70%, condition<0.75",review,RISKY
APP_0089,A0089,61.2,0.26072688760714513,0.8,"confidence<70%, condition<0.75, legal<0.97",review,RISKY
APP_0090,A0090,56.2,2.8734116920277635,0.8,"confidence<70%, condition<0.75, ltv>cap",reject,RISKY
APP_0091,A0091,61.9,0.2759598355161176,0.8,"confidence<70%, condition<0.75",review,RISKY
APP_0092,A0092,57.8,1.8724991098121206,0.8,"confidence<70%, condition<0.75, ltv>cap",reject,RISKY
APP_0093,A0093,63.1,0.4848050603656139,0.8,"confidence<70%, condition<0.75",review,RISKY
APP_0094,A0094,58.5,0.5299855476624487,0.8,"confidence<70%, condition<0.75, legal<0.97",reject,RISKY
APP_0095,A0095,58.1,0.49431317045853573,0.8,"confidence<70%, condition<0.75",reject,RISKY
APP_0096,A0096,68.9,0.14031379504189315,0.8,confidence<70%,review,RISKY
APP_0097,A0097,55.0,17.98821200454868,0.8,"confidence<70%, condition<0.75, ltv>cap",reject,RISKY
APP_0098,A0098,56.0,2.1798217423967543,0.8,"confidence<70%, condition<0.75, legal<0.97, ltv>cap",reject,RISKY
APP_0099,A0099,55.0,4.422073370999455,0.8,"confidence<70%, condition<0.75, legal<0.97, ltv>cap",reject,RISKY
APP_0100,A0100,67.2,0.4115961507404369,0.8,"confidence<70%, legal<0.97",review,RISKY
APP_0101,A0101,66.0,0.15092966858210421,0.8,"confidence<70%, legal<0.97",review,RISKY
APP_0102,A0102,60.1,0.3383199057920844,0.8,"confidence<70%, condition<0.75",review,RISKY
APP_0103,A0103,64.4,0.5120619406338807,0.8,"confidence<70%, condition<0.75",review,RISKY
APP_0104,A0104,63.8,0.1817704084849349,0.8,"confidence<70%, condition<0.75",review,RISKY
APP_0105,A0105,57.7,0.7526112123661177,0.8,"confidence<70%, condition<0.75",reject,RISKY
APP_0106,A0106,64.5,0.33161948721371526,0.8,"confidence<70%, condition<0.75",review,RISKY
APP_0107,A0107,55.0,1.6020046463706796,0.8,"confidence<70%, condition<0.75, legal<0.97, ltv>cap",reject,RISKY
APP_0108,A0108,64.8,1.0000168271541294,0.8,"confidence<70%, condition<0.75, ltv>cap",reject,RISKY
APP_0109,A0109,66.6,0.1546486051197057,0.8,"confidence<70%, legal<0.97",review,RISKY
APP_0110,A0110,58.0,9.173205018213823,0.8,"confidence<70%, condition<0.75, legal<0.97, ltv>cap",reject,RISKY
APP_0111,A0111,55.0,6.478302690903399,0.8,"confidence<70%, condition<0.75, ltv>cap",reject,RISKY
APP_0112,A0112,66.7,0.5883833008424372,0.8,confidence<70%,review,RISKY
APP_0113,A0113,63.1,0.6549924963625935,0.8,"confidence<70%, condition<0.75, legal<0.97",review,RISKY
APP_0114,A0114,55.0,7.641000826740536,0.8,"confidence<70%, condition<0.75, ltv>cap",reject,RISKY
APP_0115,A0115,55.0,30.36428969096655,0.8,"confidence<70%, condition<0.75, ltv>cap",reject,RISKY
APP_0116,A0116,61.5,0.3451609672194855,0.8,"confidence<70%, condition<0.75",review,RISKY
APP_0117,A0117,57.4,0.3876384476548588,0.8,"confidence<70%, condition<0.75",reject,RISKY
APP_0118,A0118,61.2,1.5862292703032241,0.8,"confidence<70%, condition<0.75, ltv>cap",reject,RISKY
APP_0119,A0119,57.4,1.1965998699996154,0.8,"confidence<70%, condition<0.75, legal<0.97, ltv>cap",reject,RISKY
APP_0120,A0120,57.5,0.7444356438700138,0.8,"confidence<70%, condition<0.75",reject,RISKY
APP_0121,A0121,60.2,0.27935711702142424,0.8,"confidence<70%, condition<0.75",review,RISKY
APP_0122,A0122,66.7,0.20281017865774872,0.8,confidence<70%,review,RISKY
APP_0123,A0123,62.6,0.256257184446523,0.8,"confidence<70%, condition<0.75",review,RISKY
APP_0124,A0124,55.0,1.1605884038785341,0.8,"confidence<70%, condition<0.75, legal<0.97, ltv>cap",reject,RISKY
APP_0125,A0125,56.9,0.9606434965566663,0.8,"confidence<70%, condition<0.75, ltv>cap",reject,RISKY
APP_0126,A0126,58.5,1.5190591501657584,0.8,"confidence<70%, condition<0.75, ltv>cap",reject,RISKY
APP_0127,A0127,59.4,0.3336688737095963,0.8,"confidence<70%, condition<0.75",reject,RISKY
APP_0128,A0128,55.0,0.979443727871989,0.8,"confidence<70%, condition<0.75, ltv>cap",reject,RISKY
APP_0129,A0129,67.1,2.768063417171689,0.8,"confidence<70%, ltv>cap",reject,RISKY
APP_0130,A0130,66.9,0.1966077798424015,0.8,confidence<70%,review,RISKY
APP_0131,A0131,64.5,1.620473058339908,0.8,"confidence<70%, condition<0.75, ltv>cap",reject,RISKY
APP_0132,A0132,59.2,0.40181198571343235,0.8,"confidence<70%, condition<0.75, legal<0.97",reject,RISKY
APP_0133,A0133,59.6,0.3568055739265126,0.8,"confidence<70%, condition<0.75",reject,RISKY
APP_0134,A0134,58.9,2.053572278012495,0.8,"confidence<70%, condition<0.75, ltv>cap",reject,RISKY
APP_0135,A0135,59.8,0.6121742631319497,0.8,"confidence<70%, condition<0.75, legal<0.97",reject,RISKY
APP_0136,A0136,55.0,8.826693065847692,0.8,"confidence<70%, condition<0.75, legal<0.97, ltv>cap",reject,RISKY
APP_0137,A0137,68.0,0.2290850412087236,0.8,confidence<70%,review,RISKY
APP_0138,A0138,59.2,0.31059664983387203,0.8,"confidence<70%, condition<0.75, legal<0.97",reject,RISKY
APP_0139,A0139,61.6,2.206838875914887,0.8,"confidence<70%, condition<0.75, legal<0.97, ltv>cap",reject,RISKY
APP_0140,A0140,59.2,0.725209956268276,0.8,"confidence<70%, condition<0.75, legal<0.97",reject,RISKY
APP_0141,A0141,55.0,0.8288866084318187,0.8,"confidence<70%, condition<0.75, legal<0.97, ltv>cap",reject,RISKY
APP_0142,A0142,64.6,0.5273953839380937,0.8,"confidence<70%, condition<0.75, legal<0.97",review,RISKY
APP_0143,A0143,55.0,5.37981229338604,0.8,"confidence<70%, condition<0.75, ltv>cap",reject,RISKY
APP_0144,A0144,62.2,0.4225299953499485,0.8,"confidence<70%, condition<0.75, legal<0.97",review,RISKY
APP_0145,A0145,60.0,0.5433936902575831,0.8,"confidence<70%, condition<0.75",reject,RISKY
APP_0146,A0146,59.8,0.4284525223018173,0.8,"confidence<70%, condition<0.75",reject,RISKY
APP_0147,A0147,55.0,3.4775431122024116,0.8,"confidence<70%, condition<0.75, legal<0.97, ltv>cap",reject,RISKY
APP_0148,A0148,56.7,0.43099549148108196,0.8,"confidence<70%, condition<0.75, legal<0.97",reject,RISKY
APP_0149,A0149,60.2,0.48579243843426306,0.8,"confidence<70%, condition<0.75",review,RISKY
APP_0150,A0150,61.8,0.6546461015271174,0.8,"confidence<70%, condition<0.75, legal<0.97",review,RISKY
