{
  "timestamp": "20251106-100917",
  "model_choice": "GradientBoostingRegressor",
  "trained_model_path": "/home/dzoan/AI-AIGENTbythePeoplesANDBOX/HUGKAG/agents/asset_appraisal/models/trained/GradientBoostingRegressor_asset_20251106-100917.joblib",
  "features": [
    "confidence",
    "loan_amount"
  ],
  "metrics_new": {
    "MAE": 405346.68456133635,
    "RMSE": 496789.19004052505,
    "MAPE%": 113.00536198756261,
    "R2": -0.025868018875304877
  },
  "metrics_prod": null,
  "holdout_rows": 30,
  "source_file": "./.tmp_runs/reviewed_appraisal.20251106-100842.csv",
  "preds_csv": "./.tmp_runs/training_preds_20251106-100917.csv"
}