application_id,score,decision,reason,income,loan_amount
APP_0001,0.6172,approved,Meets policy thresholds given DTI/LTV/score.,102035.0,81788.0
APP_0002,0.3745,denied,Fails one or more policy thresholds (DTI/LTV/history/amount).,122374.0,74987.0
APP_0003,0.4812,approved,Meets policy thresholds given DTI/LTV/score.,117380.0,58040.0
APP_0004,0.498,approved,Meets policy thresholds given DTI/LTV/score.,41819.0,89208.0
APP_0005,0.6851,approved,Meets policy thresholds given DTI/LTV/score.,128256.0,17185.0
APP_0006,0.6269,approved,Meets policy thresholds given DTI/LTV/score.,92008.0,92500.0
APP_0007,0.4946,approved,Meets policy thresholds given DTI/LTV/score.,65385.0,85771.0
APP_0008,0.7366,approved,Meets policy thresholds given DTI/LTV/score.,89277.0,52845.0
APP_0009,0.4948,approved,Meets policy thresholds given DTI/LTV/score.,145872.0,74672.0
APP_0010,0.5985,approved,Meets policy thresholds given DTI/LTV/score.,132196.0,54426.0
APP_0011,0.5814,approved,Meets policy thresholds given DTI/LTV/score.,129212.0,30532.0
APP_0012,0.7717,approved,Meets policy thresholds given DTI/LTV/score.,82849.0,80987.0
APP_0013,0.6909,approved,Meets policy thresholds given DTI/LTV/score.,123017.0,28362.0
APP_0014,0.5226,approved,Meets policy thresholds given DTI/LTV/score.,73136.0,34872.0
APP_0015,0.5859,approved,Meets policy thresholds given DTI/LTV/score.,110770.0,54332.0
APP_0016,0.6406,approved,Meets policy thresholds given DTI/LTV/score.,104945.0,84551.0
APP_0017,0.545,approved,Meets policy thresholds given DTI/LTV/score.,56224.0,41472.0
APP_0018,0.7545,approved,Meets policy thresholds given DTI/LTV/score.,58307.0,51943.0
APP_0019,0.6603,approved,Meets policy thresholds given DTI/LTV/score.,32641.0,8958.0
APP_0020,0.6522,approved,Meets policy thresholds given DTI/LTV/score.,42471.0,16006.0
APP_0021,0.8163,approved,Meets policy thresholds given DTI/LTV/score.,79202.0,10314.0
APP_0022,0.564,approved,Meets policy thresholds given DTI/LTV/score.,84734.0,11845.0
APP_0023,0.5221,approved,Meets policy thresholds given DTI/LTV/score.,45640.0,87509.0
APP_0024,0.6153,approved,Meets policy thresholds given DTI/LTV/score.,77111.0,84989.0
APP_0025,0.5469,approved,Meets policy thresholds given DTI/LTV/score.,100522.0,83079.0
APP_0026,0.6615,approved,Meets policy thresholds given DTI/LTV/score.,54071.0,10278.0
APP_0027,0.818,approved,Meets policy thresholds given DTI/LTV/score.,67279.0,12376.0
APP_0028,0.8044,approved,Meets policy thresholds given DTI/LTV/score.,70938.0,31658.0
APP_0029,0.5203,approved,Meets policy thresholds given DTI/LTV/score.,88131.0,58703.0
APP_0030,0.7933,approved,Meets policy thresholds given DTI/LTV/score.,70799.0,36742.0
APP_0031,0.6464,approved,Meets policy thresholds given DTI/LTV/score.,117118.0,51318.0
APP_0032,0.5139,approved,Meets policy thresholds given DTI/LTV/score.,65936.0,21434.0
APP_0033,0.6673,approved,Meets policy thresholds given DTI/LTV/score.,79237.0,74423.0
APP_0034,0.5629,approved,Meets policy thresholds given DTI/LTV/score.,72433.0,34819.0
APP_0035,0.7012,approved,Meets policy thresholds given DTI/LTV/score.,47864.0,11321.0
APP_0036,0.6303,approved,Meets policy thresholds given DTI/LTV/score.,110717.0,75555.0
APP_0037,0.4626,approved,Meets policy thresholds given DTI/LTV/score.,54430.0,90764.0
APP_0038,0.577,approved,Meets policy thresholds given DTI/LTV/score.,62109.0,6394.0
APP_0039,0.5968,approved,Meets policy thresholds given DTI/LTV/score.,124093.0,46483.0
APP_0040,0.8097,approved,Meets policy thresholds given DTI/LTV/score.,143607.0,83581.0
APP_0041,0.5845,approved,Meets policy thresholds given DTI/LTV/score.,108855.0,72085.0
APP_0042,0.6685,approved,Meets policy thresholds given DTI/LTV/score.,139543.0,86372.0
APP_0043,0.7356,approved,Meets policy thresholds given DTI/LTV/score.,131773.0,44444.0
APP_0044,0.4996,approved,Meets policy thresholds given DTI/LTV/score.,85113.0,40364.0
APP_0045,0.567,approved,Meets policy thresholds given DTI/LTV/score.,121286.0,72371.0
APP_0046,0.528,approved,Meets policy thresholds given DTI/LTV/score.,66045.0,19593.0
APP_0047,0.6371,approved,Meets policy thresholds given DTI/LTV/score.,82562.0,27745.0
APP_0048,0.5296,approved,Meets policy thresholds given DTI/LTV/score.,91929.0,62079.0
APP_0049,0.5854,approved,Meets policy thresholds given DTI/LTV/score.,145061.0,68503.0
APP_0050,0.6494,approved,Meets policy thresholds given DTI/LTV/score.,131070.0,16368.0
APP_0051,0.6501,approved,Meets policy thresholds given DTI/LTV/score.,86156.0,53289.0
APP_0052,0.59,approved,Meets policy thresholds given DTI/LTV/score.,106573.0,39667.0
APP_0053,0.545,approved,Meets policy thresholds given DTI/LTV/score.,50294.0,52665.0
APP_0054,0.5022,approved,Meets policy thresholds given DTI/LTV/score.,125548.0,96050.0
APP_0055,0.551,approved,Meets policy thresholds given DTI/LTV/score.,94129.0,12277.0
APP_0056,0.5911,approved,Meets policy thresholds given DTI/LTV/score.,91590.0,99569.0
APP_0057,0.6976,approved,Meets policy thresholds given DTI/LTV/score.,120785.0,47709.0
APP_0058,0.5455,approved,Meets policy thresholds given DTI/LTV/score.,104114.0,78349.0
APP_0059,0.3987,denied,Fails one or more policy thresholds (DTI/LTV/history/amount).,34058.0,45324.0
APP_0060,0.8829,approved,Meets policy thresholds given DTI/LTV/score.,61019.0,34541.0
APP_0061,0.5956,approved,Meets policy thresholds given DTI/LTV/score.,47089.0,78206.0
APP_0062,0.8036,approved,Meets policy thresholds given DTI/LTV/score.,116861.0,70328.0
APP_0063,0.3321,denied,Fails one or more policy thresholds (DTI/LTV/history/amount).,29393.0,18685.0
APP_0064,0.5228,approved,Meets policy thresholds given DTI/LTV/score.,50300.0,72013.0
APP_0065,0.5892,approved,Meets policy thresholds given DTI/LTV/score.,99680.0,76542.0
APP_0066,0.5217,approved,Meets policy thresholds given DTI/LTV/score.,111849.0,41844.0
APP_0067,0.7367,approved,Meets policy thresholds given DTI/LTV/score.,87913.0,92936.0
APP_0068,0.7488,approved,Meets policy thresholds given DTI/LTV/score.,132589.0,65884.0
APP_0069,0.6107,approved,Meets policy thresholds given DTI/LTV/score.,139867.0,36694.0
APP_0070,0.8018,approved,Meets policy thresholds given DTI/LTV/score.,41512.0,6019.0
APP_0071,0.6305,approved,Meets policy thresholds given DTI/LTV/score.,144063.0,69121.0
APP_0072,0.6649,approved,Meets policy thresholds given DTI/LTV/score.,101797.0,24860.0
APP_0073,0.5207,approved,Meets policy thresholds given DTI/LTV/score.,104527.0,76870.0
APP_0074,0.5354,approved,Meets policy thresholds given DTI/LTV/score.,36886.0,54883.0
APP_0075,0.623,approved,Meets policy thresholds given DTI/LTV/score.,102733.0,49339.0
APP_0076,0.7051,approved,Meets policy thresholds given DTI/LTV/score.,115714.0,20556.0
APP_0077,0.5491,approved,Meets policy thresholds given DTI/LTV/score.,97598.0,72593.0
APP_0078,0.5708,approved,Meets policy thresholds given DTI/LTV/score.,35561.0,20761.0
APP_0079,0.5833,approved,Meets policy thresholds given DTI/LTV/score.,90403.0,44686.0
APP_0080,0.6591,approved,Meets policy thresholds given DTI/LTV/score.,141992.0,84448.0
APP_0081,0.5866,approved,Meets policy thresholds given DTI/LTV/score.,115427.0,92434.0
APP_0082,0.4202,denied,Fails one or more policy thresholds (DTI/LTV/history/amount).,42175.0,98967.0
APP_0083,0.5162,approved,Meets policy thresholds given DTI/LTV/score.,144992.0,96011.0
APP_0084,0.6282,approved,Meets policy thresholds given DTI/LTV/score.,144860.0,57817.0
APP_0085,0.7782,approved,Meets policy thresholds given DTI/LTV/score.,46174.0,24045.0
APP_0086,0.7903,approved,Meets policy thresholds given DTI/LTV/score.,125110.0,84711.0
APP_0087,0.6186,approved,Meets policy thresholds given DTI/LTV/score.,75839.0,81154.0
APP_0088,0.6742,approved,Meets policy thresholds given DTI/LTV/score.,99210.0,99080.0
APP_0089,0.6091,approved,Meets policy thresholds given DTI/LTV/score.,80648.0,66840.0
APP_0090,0.6596,approved,Meets policy thresholds given DTI/LTV/score.,122828.0,18451.0
APP_0091,0.5575,approved,Meets policy thresholds given DTI/LTV/score.,149582.0,52775.0
APP_0092,0.6407,approved,Meets policy thresholds given DTI/LTV/score.,124389.0,47583.0
APP_0093,0.4685,approved,Meets policy thresholds given DTI/LTV/score.,141421.0,85079.0
APP_0094,0.7348,approved,Meets policy thresholds given DTI/LTV/score.,143253.0,42294.0
APP_0095,0.7378,approved,Meets policy thresholds given DTI/LTV/score.,36263.0,36216.0
APP_0096,0.7934,approved,Meets policy thresholds given DTI/LTV/score.,56672.0,12604.0
APP_0097,0.4716,approved,Meets policy thresholds given DTI/LTV/score.,115232.0,84368.0
APP_0098,0.5355,approved,Meets policy thresholds given DTI/LTV/score.,98759.0,76756.0
APP_0099,0.5693,approved,Meets policy thresholds given DTI/LTV/score.,31268.0,8916.0
APP_0100,0.6734,approved,Meets policy thresholds given DTI/LTV/score.,36881.0,46209.0
APP_0101,0.5152,approved,Meets policy thresholds given DTI/LTV/score.,90068.0,50573.0
APP_0102,0.4671,approved,Meets policy thresholds given DTI/LTV/score.,102020.0,49586.0
APP_0103,0.4252,denied,Fails one or more policy thresholds (DTI/LTV/history/amount).,45964.0,92298.0
APP_0104,0.7998,approved,Meets policy thresholds given DTI/LTV/score.,46411.0,19313.0
APP_0105,0.8187,approved,Meets policy thresholds given DTI/LTV/score.,41167.0,34102.0
APP_0106,0.5988,approved,Meets policy thresholds given DTI/LTV/score.,95618.0,22188.0
APP_0107,0.5019,approved,Meets policy thresholds given DTI/LTV/score.,25981.0,28188.0
APP_0108,0.4284,denied,Fails one or more policy thresholds (DTI/LTV/history/amount).,96553.0,91174.0
APP_0109,0.5915,approved,Meets policy thresholds given DTI/LTV/score.,84491.0,94368.0
APP_0110,0.6941,approved,Meets policy thresholds given DTI/LTV/score.,83248.0,9241.0
APP_0111,0.641,approved,Meets policy thresholds given DTI/LTV/score.,109909.0,65048.0
APP_0112,0.4782,approved,Meets policy thresholds given DTI/LTV/score.,90328.0,27120.0
APP_0113,0.6695,approved,Meets policy thresholds given DTI/LTV/score.,115968.0,23293.0
APP_0114,0.5472,approved,Meets policy thresholds given DTI/LTV/score.,120490.0,32745.0
APP_0115,0.6465,approved,Meets policy thresholds given DTI/LTV/score.,140014.0,23466.0
APP_0116,0.504,approved,Meets policy thresholds given DTI/LTV/score.,124905.0,51568.0
APP_0117,0.4823,approved,Meets policy thresholds given DTI/LTV/score.,89713.0,99583.0
APP_0118,0.5231,approved,Meets policy thresholds given DTI/LTV/score.,86519.0,60712.0
APP_0119,0.6929,approved,Meets policy thresholds given DTI/LTV/score.,54463.0,73708.0
APP_0120,0.7129,approved,Meets policy thresholds given DTI/LTV/score.,99949.0,51862.0
APP_0121,0.6089,approved,Meets policy thresholds given DTI/LTV/score.,42391.0,6321.0
APP_0122,0.5909,approved,Meets policy thresholds given DTI/LTV/score.,141404.0,12990.0
APP_0123,0.5918,approved,Meets policy thresholds given DTI/LTV/score.,130630.0,30542.0
APP_0124,0.5707,approved,Meets policy thresholds given DTI/LTV/score.,39966.0,28148.0
APP_0125,0.7495,approved,Meets policy thresholds given DTI/LTV/score.,123244.0,84855.0
APP_0126,0.6448,approved,Meets policy thresholds given DTI/LTV/score.,39637.0,85140.0
APP_0127,0.5423,approved,Meets policy thresholds given DTI/LTV/score.,115153.0,86141.0
APP_0128,0.2551,denied,Fails one or more policy thresholds (DTI/LTV/history/amount).,35963.0,65570.0
APP_0129,0.4664,approved,Meets policy thresholds given DTI/LTV/score.,86024.0,57836.0
APP_0130,0.5709,approved,Meets policy thresholds given DTI/LTV/score.,107232.0,66669.0
APP_0131,0.4186,denied,Fails one or more policy thresholds (DTI/LTV/history/amount).,116101.0,43646.0
APP_0132,0.586,approved,Meets policy thresholds given DTI/LTV/score.,77326.0,68669.0
APP_0133,0.5862,approved,Meets policy thresholds given DTI/LTV/score.,140202.0,80472.0
APP_0134,0.6665,approved,Meets policy thresholds given DTI/LTV/score.,121790.0,77475.0
APP_0135,0.6048,approved,Meets policy thresholds given DTI/LTV/score.,51033.0,63313.0
APP_0136,0.6327,approved,Meets policy thresholds given DTI/LTV/score.,108903.0,10520.0
APP_0137,0.5071,approved,Meets policy thresholds given DTI/LTV/score.,116316.0,73870.0
APP_0138,0.6028,approved,Meets policy thresholds given DTI/LTV/score.,66704.0,39827.0
APP_0139,0.508,approved,Meets policy thresholds given DTI/LTV/score.,117278.0,75648.0
APP_0140,0.5498,approved,Meets policy thresholds given DTI/LTV/score.,137295.0,56255.0
APP_0141,0.5852,approved,Meets policy thresholds given DTI/LTV/score.,127139.0,88712.0
APP_0142,0.5875,approved,Meets policy thresholds given DTI/LTV/score.,120316.0,37153.0
APP_0143,0.5545,approved,Meets policy thresholds given DTI/LTV/score.,104312.0,93482.0
APP_0144,0.6715,approved,Meets policy thresholds given DTI/LTV/score.,58816.0,85225.0
APP_0145,0.5767,approved,Meets policy thresholds given DTI/LTV/score.,124402.0,36455.0
APP_0146,0.5888,approved,Meets policy thresholds given DTI/LTV/score.,70524.0,50844.0
APP_0147,0.6324,approved,Meets policy thresholds given DTI/LTV/score.,91524.0,55478.0
APP_0148,0.6762,approved,Meets policy thresholds given DTI/LTV/score.,64304.0,78019.0
APP_0149,0.6033,approved,Meets policy thresholds given DTI/LTV/score.,64127.0,70469.0
APP_0150,0.5087,approved,Meets policy thresholds given DTI/LTV/score.,44701.0,85941.0
APP_0151,0.6461,approved,Meets policy thresholds given DTI/LTV/score.,145162.0,40137.0
APP_0152,0.7193,approved,Meets policy thresholds given DTI/LTV/score.,43472.0,52955.0
APP_0153,0.7039,approved,Meets policy thresholds given DTI/LTV/score.,35782.0,45932.0
APP_0154,0.6181,approved,Meets policy thresholds given DTI/LTV/score.,142015.0,91407.0
APP_0155,0.6041,approved,Meets policy thresholds given DTI/LTV/score.,94376.0,33973.0
APP_0156,0.4907,approved,Meets policy thresholds given DTI/LTV/score.,79738.0,60776.0
APP_0157,0.6662,approved,Meets policy thresholds given DTI/LTV/score.,117186.0,16415.0
APP_0158,0.5385,approved,Meets policy thresholds given DTI/LTV/score.,72914.0,85776.0
APP_0159,0.821,approved,Meets policy thresholds given DTI/LTV/score.,40990.0,41500.0
APP_0160,0.6035,approved,Meets policy thresholds given DTI/LTV/score.,116210.0,37356.0
APP_0161,0.5111,approved,Meets policy thresholds given DTI/LTV/score.,46999.0,60377.0
APP_0162,0.6813,approved,Meets policy thresholds given DTI/LTV/score.,94124.0,52387.0
APP_0163,0.6559,approved,Meets policy thresholds given DTI/LTV/score.,143633.0,85557.0
APP_0164,0.5492,approved,Meets policy thresholds given DTI/LTV/score.,142017.0,55484.0
APP_0165,0.7898,approved,Meets policy thresholds given DTI/LTV/score.,70097.0,54114.0
APP_0166,0.5806,approved,Meets policy thresholds given DTI/LTV/score.,122537.0,14973.0
APP_0167,0.6703,approved,Meets policy thresholds given DTI/LTV/score.,101584.0,7084.0
APP_0168,0.555,approved,Meets policy thresholds given DTI/LTV/score.,84921.0,42862.0
APP_0169,0.5873,approved,Meets policy thresholds given DTI/LTV/score.,42491.0,99829.0
APP_0170,0.4261,denied,Fails one or more policy thresholds (DTI/LTV/history/amount).,72044.0,92147.0
APP_0171,0.3893,denied,Fails one or more policy thresholds (DTI/LTV/history/amount).,106489.0,64753.0
APP_0172,0.7257,approved,Meets policy thresholds given DTI/LTV/score.,148328.0,64929.0
APP_0173,0.3996,denied,Fails one or more policy thresholds (DTI/LTV/history/amount).,25611.0,42192.0
APP_0174,0.6541,approved,Meets policy thresholds given DTI/LTV/score.,114720.0,21863.0
APP_0175,0.7077,approved,Meets policy thresholds given DTI/LTV/score.,130792.0,5811.0
APP_0176,0.7896,approved,Meets policy thresholds given DTI/LTV/score.,143899.0,37191.0
APP_0177,0.7621,approved,Meets policy thresholds given DTI/LTV/score.,77975.0,35064.0
APP_0178,0.5305,approved,Meets policy thresholds given DTI/LTV/score.,39809.0,23202.0
APP_0179,0.6556,approved,Meets policy thresholds given DTI/LTV/score.,58870.0,29620.0
APP_0180,0.7366,approved,Meets policy thresholds given DTI/LTV/score.,131316.0,7358.0
APP_0181,0.5073,approved,Meets policy thresholds given DTI/LTV/score.,134741.0,62756.0
APP_0182,0.5229,approved,Meets policy thresholds given DTI/LTV/score.,104634.0,93108.0
APP_0183,0.7111,approved,Meets policy thresholds given DTI/LTV/score.,40342.0,70625.0
APP_0184,0.516,approved,Meets policy thresholds given DTI/LTV/score.,40240.0,47579.0
APP_0185,0.6123,approved,Meets policy thresholds given DTI/LTV/score.,84771.0,44925.0
APP_0186,0.7958,approved,Meets policy thresholds given DTI/LTV/score.,98532.0,34215.0
APP_0187,0.8083,approved,Meets policy thresholds given DTI/LTV/score.,29047.0,18528.0
APP_0188,0.691,approved,Meets policy thresholds given DTI/LTV/score.,110762.0,61855.0
APP_0189,0.7335,approved,Meets policy thresholds given DTI/LTV/score.,93063.0,58819.0
APP_0190,0.7364,approved,Meets policy thresholds given DTI/LTV/score.,26537.0,5694.0
APP_0191,0.6817,approved,Meets policy thresholds given DTI/LTV/score.,36959.0,44474.0
APP_0192,0.5706,approved,Meets policy thresholds given DTI/LTV/score.,81789.0,31412.0
APP_0193,0.7016,approved,Meets policy thresholds given DTI/LTV/score.,115323.0,21176.0
APP_0194,0.4495,denied,Fails one or more policy thresholds (DTI/LTV/history/amount).,128174.0,71788.0
APP_0195,0.6801,approved,Meets policy thresholds given DTI/LTV/score.,78912.0,54953.0
APP_0196,0.6373,approved,Meets policy thresholds given DTI/LTV/score.,61919.0,65208.0
APP_0197,0.7683,approved,Meets policy thresholds given DTI/LTV/score.,146038.0,72780.0
APP_0198,0.5049,approved,Meets policy thresholds given DTI/LTV/score.,82318.0,98271.0
APP_0199,0.5514,approved,Meets policy thresholds given DTI/LTV/score.,64423.0,81262.0
APP_0200,0.7178,approved,Meets policy thresholds given DTI/LTV/score.,80289.0,63933.0
