{
  "timestamp": "20251106-193724",
  "model_choice": "XGBoost",
  "metrics": {
    "AUC": 0.9036458333333333,
    "Accuracy": 0.8,
    "Precision": 0.9,
    "Recall": 0.75,
    "F1": 0.8181818181818182
  },
  "model_path": "agents/credit_appraisal/models/trained/XGBoost_20251106-193724.joblib",
  "features": [
    "age",
    "income",
    "employment_length",
    "loan_amount",
    "loan_duration_months",
    "collateral_value",
    "co_loaners",
    "credit_score",
    "existing_debt",
    "assets_owned",
    "current_loans",
    "DTI",
    "LTV",
    "CCR",
    "ITI",
    "CWI",
    "employment_years",
    "debt_to_income",
    "credit_history_length",
    "num_delinquencies",
    "requested_amount",
    "loan_term_months"
  ],
  "threshold": 0.60305
}