{
  "timestamp": "20251106-104230",
  "model_choice": "GradientBoostingRegressor",
  "trained_model_path": "/home/dzoan/AI-AIGENTbythePeoplesANDBOX/HUGKAG/agents/asset_appraisal/models/trained/GradientBoostingRegressor_asset_20251106-104230.joblib",
  "features": [
    "confidence",
    "loan_amount"
  ],
  "metrics_new": {
    "MAE": 403506.6645967311,
    "RMSE": 493026.61070613354,
    "MAPE%": 112.46433764844474,
    "R2": -0.010387437564352675
  },
  "metrics_prod": null,
  "holdout_rows": 30,
  "source_file": "./.tmp_runs/reviewed_appraisal.20251106-104223.csv",
  "preds_csv": "./.tmp_runs/training_preds_20251106-104230.csv"
}