application_id,asset_id,asset_type,city,fmv,ai_adjusted,decision,status,why
APP_0001,A0001,House,Can Tho,617194.811658344,617194.811658344,review,RISKY,"Condition, comps, and features (placeholder)"
APP_0002,A0002,Land,Hue,954492.2230349822,954492.2230349822,review,RISKY,"Condition, comps, and features (placeholder)"
APP_0003,A0003,Land,Hanoi,47088.06196242776,47088.06196242776,reject,RISKY,"Condition, comps, and features (placeholder)"
APP_0004,A0004,Car,Hanoi,1397807.6110145946,1397807.6110145946,review,RISKY,"Condition, comps, and features (placeholder)"
APP_0005,A0005,Car,Can Tho,642731.302570509,642731.302570509,review,RISKY,"Condition, comps, and features (placeholder)"
APP_0006,A0006,Factory,HCMC,184141.0360020531,184141.0360020531,review,RISKY,"Condition, comps, and features (placeholder)"
APP_0007,A0007,House,Hue,491228.7919493257,491228.7919493257,review,RISKY,"Condition, comps, and features (placeholder)"
APP_0008,A0008,Land,Hanoi,981538.7395421016,981538.7395421016,approve,VALIDATED,"Condition, comps, and features (placeholder)"
APP_0009,A0009,Apartment,HCMC,513628.9065454142,513628.9065454142,review,RISKY,"Condition, comps, and features (placeholder)"
APP_0010,A0010,House,HCMC,220240.34962550373,220240.34962550373,review,RISKY,"Condition, comps, and features (placeholder)"
APP_0011,A0011,Car,HCMC,1077078.7885257662,1077078.7885257662,review,RISKY,"Condition, comps, and features (placeholder)"
APP_0012,A0012,Factory,Hue,918568.2653174156,918568.2653174156,review,RISKY,"Condition, comps, and features (placeholder)"
APP_0013,A0013,Land,Can Tho,236360.62231715757,236360.62231715757,review,RISKY,"Condition, comps, and features (placeholder)"
APP_0014,A0014,Land,Can Tho,319515.1379323032,319515.1379323032,review,RISKY,"Condition, comps, and features (placeholder)"
APP_0015,A0015,Land,Hue,307208.96095246327,307208.96095246327,review,RISKY,"Condition, comps, and features (placeholder)"
APP_0016,A0016,Land,HCMC,1059597.1235434662,1059597.1235434662,review,RISKY,"Condition, comps, and features (placeholder)"
APP_0017,A0017,Car,Can Tho,1210652.2891680235,1210652.2891680235,review,RISKY,"Condition, comps, and features (placeholder)"
APP_0018,A0018,House,Da Nang,990189.0410985546,990189.0410985546,review,RISKY,"Condition, comps, and features (placeholder)"
APP_0019,A0019,Factory,Da Nang,1398382.367549484,1398382.367549484,review,RISKY,"Condition, comps, and features (placeholder)"
APP_0020,A0020,Car,Hue,1234133.5263798577,1234133.5263798577,review,RISKY,"Condition, comps, and features (placeholder)"
APP_0021,A0021,Car,Hue,606591.9246776063,606591.9246776063,approve,VALIDATED,"Condition, comps, and features (placeholder)"
APP_0022,A0022,Apartment,Can Tho,218930.85793483316,218930.85793483316,review,RISKY,"Condition, comps, and features (placeholder)"
APP_0023,A0023,House,Da Nang,806795.9102142928,806795.9102142928,review,RISKY,"Condition, comps, and features (placeholder)"
APP_0024,A0024,Factory,Hue,1145102.073831419,1145102.073831419,review,RISKY,"Condition, comps, and features (placeholder)"
APP_0025,A0025,Land,Hue,1256858.0293170128,1256858.0293170128,review,RISKY,"Condition, comps, and features (placeholder)"
APP_0026,A0026,Land,HCMC,382592.1663730376,382592.1663730376,review,RISKY,"Condition, comps, and features (placeholder)"
APP_0027,A0027,Car,HCMC,422832.085359197,422832.085359197,approve,VALIDATED,"Condition, comps, and features (placeholder)"
APP_0028,A0028,Factory,Hue,91718.36607570044,91718.36607570044,reject,RISKY,"Condition, comps, and features (placeholder)"
APP_0029,A0029,Car,Hanoi,184809.1631649448,184809.1631649448,review,RISKY,"Condition, comps, and features (placeholder)"
APP_0030,A0030,Car,HCMC,721747.8790607464,721747.8790607464,review,RISKY,"Condition, comps, and features (placeholder)"
APP_0031,A0031,Car,Hue,847282.1071034283,847282.1071034283,review,RISKY,"Condition, comps, and features (placeholder)"
APP_0032,A0032,Apartment,Can Tho,690281.2841355411,690281.2841355411,review,RISKY,"Condition, comps, and features (placeholder)"
APP_0033,A0033,House,Da Nang,386354.2130417505,386354.2130417505,review,RISKY,"Condition, comps, and features (placeholder)"
APP_0034,A0034,Car,HCMC,875938.9998538939,875938.9998538939,review,RISKY,"Condition, comps, and features (placeholder)"
APP_0035,A0035,Factory,Da Nang,714052.1235055419,714052.1235055419,review,RISKY,"Condition, comps, and features (placeholder)"
APP_0036,A0036,House,Hue,986819.6824030876,986819.6824030876,review,RISKY,"Condition, comps, and features (placeholder)"
APP_0037,A0037,Factory,Da Nang,1700000.7791875526,1700000.7791875526,review,RISKY,"Condition, comps, and features (placeholder)"
APP_0038,A0038,Factory,Hanoi,427362.0844072689,427362.0844072689,review,RISKY,"Condition, comps, and features (placeholder)"
APP_0039,A0039,Apartment,Da Nang,285061.03962418734,285061.03962418734,review,RISKY,"Condition, comps, and features (placeholder)"
APP_0040,A0040,Land,Da Nang,1652633.268398625,1652633.268398625,review,RISKY,"Condition, comps, and features (placeholder)"
APP_0041,A0041,House,Hue,735442.7698613366,735442.7698613366,review,RISKY,"Condition, comps, and features (placeholder)"
APP_0042,A0042,Land,Can Tho,369068.6810569772,369068.6810569772,review,RISKY,"Condition, comps, and features (placeholder)"
APP_0043,A0043,Land,Can Tho,726736.0350685071,726736.0350685071,review,RISKY,"Condition, comps, and features (placeholder)"
APP_0044,A0044,Apartment,Hue,623107.7959411803,623107.7959411803,review,RISKY,"Condition, comps, and features (placeholder)"
APP_0045,A0045,House,HCMC,981657.026959584,981657.026959584,review,RISKY,"Condition, comps, and features (placeholder)"
APP_0046,A0046,Factory,Da Nang,329059.12116363377,329059.12116363377,review,RISKY,"Condition, comps, and features (placeholder)"
APP_0047,A0047,Car,Hanoi,1175925.5650315075,1175925.5650315075,review,RISKY,"Condition, comps, and features (placeholder)"
APP_0048,A0048,Factory,Can Tho,1079586.8982768876,1079586.8982768876,review,RISKY,"Condition, comps, and features (placeholder)"
APP_0049,A0049,Land,Can Tho,298162.5235135574,298162.5235135574,review,RISKY,"Condition, comps, and features (placeholder)"
APP_0050,A0050,Land,Can Tho,269644.4148061487,269644.4148061487,review,RISKY,"Condition, comps, and features (placeholder)"
APP_0051,A0051,Land,HCMC,770999.0402644392,770999.0402644392,review,RISKY,"Condition, comps, and features (placeholder)"
APP_0052,A0052,House,HCMC,85889.85984257075,85889.85984257075,reject,RISKY,"Condition, comps, and features (placeholder)"
APP_0053,A0053,Apartment,Can Tho,466698.7988367327,466698.7988367327,review,RISKY,"Condition, comps, and features (placeholder)"
APP_0054,A0054,Car,Da Nang,699425.3680890093,699425.3680890093,review,RISKY,"Condition, comps, and features (placeholder)"
APP_0055,A0055,Car,Hue,1643987.0723365548,1643987.0723365548,approve,VALIDATED,"Condition, comps, and features (placeholder)"
APP_0056,A0056,House,Da Nang,1188631.6558762405,1188631.6558762405,review,RISKY,"Condition, comps, and features (placeholder)"
APP_0057,A0057,Car,Da Nang,195276.0270982505,195276.0270982505,review,RISKY,"Condition, comps, and features (placeholder)"
APP_0058,A0058,House,Hue,1071522.9315770706,1071522.9315770706,review,RISKY,"Condition, comps, and features (placeholder)"
APP_0059,A0059,Land,Can Tho,149095.91596706194,149095.91596706194,review,RISKY,"Condition, comps, and features (placeholder)"
APP_0060,A0060,Land,HCMC,1032436.805518286,1032436.805518286,review,RISKY,"Condition, comps, and features (placeholder)"
APP_0061,A0061,Factory,Can Tho,1181550.9975146044,1181550.9975146044,review,RISKY,"Condition, comps, and features (placeholder)"
APP_0062,A0062,Land,HCMC,928937.463006888,928937.463006888,review,RISKY,"Condition, comps, and features (placeholder)"
APP_0063,A0063,Apartment,Da Nang,310769.02492469776,310769.02492469776,review,RISKY,"Condition, comps, and features (placeholder)"
APP_0064,A0064,Factory,Can Tho,1303411.2884238616,1303411.2884238616,review,RISKY,"Condition, comps, and features (placeholder)"
APP_0065,A0065,Car,Can Tho,148475.27844182603,148475.27844182603,review,RISKY,"Condition, comps, and features (placeholder)"
APP_0066,A0066,Apartment,Can Tho,957449.8937092992,957449.8937092992,approve,VALIDATED,"Condition, comps, and features (placeholder)"
APP_0067,A0067,Factory,HCMC,573888.3101499043,573888.3101499043,review,RISKY,"Condition, comps, and features (placeholder)"
APP_0068,A0068,Apartment,Can Tho,643456.979047597,643456.979047597,approve,VALIDATED,"Condition, comps, and features (placeholder)"
APP_0069,A0069,House,Can Tho,53577.679751907766,53577.679751907766,reject,RISKY,"Condition, comps, and features (placeholder)"
APP_0070,A0070,Car,Can Tho,1194195.3596363822,1194195.3596363822,review,RISKY,"Condition, comps, and features (placeholder)"
APP_0071,A0071,Land,Hanoi,650462.349267442,650462.349267442,approve,VALIDATED,"Condition, comps, and features (placeholder)"
APP_0072,A0072,House,Hue,1244707.4579809275,1244707.4579809275,approve,VALIDATED,"Condition, comps, and features (placeholder)"
APP_0073,A0073,Car,Can Tho,659982.7180872245,659982.7180872245,review,RISKY,"Condition, comps, and features (placeholder)"
APP_0074,A0074,House,Hue,668811.2712927301,668811.2712927301,review,RISKY,"Condition, comps, and features (placeholder)"
APP_0075,A0075,Land,HCMC,1303558.2046352592,1303558.2046352592,review,RISKY,"Condition, comps, and features (placeholder)"
APP_0076,A0076,Car,Hue,191085.3841191575,191085.3841191575,review,RISKY,"Condition, comps, and features (placeholder)"
APP_0077,A0077,Apartment,Hanoi,845918.3636989497,845918.3636989497,review,RISKY,"Condition, comps, and features (placeholder)"
APP_0078,A0078,Apartment,Da Nang,1101980.7228718156,1101980.7228718156,review,RISKY,"Condition, comps, and features (placeholder)"
APP_0079,A0079,Car,Hue,543735.442741415,543735.442741415,review,RISKY,"Condition, comps, and features (placeholder)"
APP_0080,A0080,Land,Da Nang,488031.178663472,488031.178663472,review,RISKY,"Condition, comps, and features (placeholder)"
APP_0081,A0081,Factory,Hue,41128.79296576858,41128.79296576858,reject,RISKY,"Condition, comps, and features (placeholder)"
APP_0082,A0082,Car,HCMC,1225721.1078766617,1225721.1078766617,review,RISKY,"Condition, comps, and features (placeholder)"
APP_0083,A0083,House,Hue,1619719.255194127,1619719.255194127,review,RISKY,"Condition, comps, and features (placeholder)"
APP_0084,A0084,Factory,Hue,308874.8586103021,308874.8586103021,review,RISKY,"Condition, comps, and features (placeholder)"
APP_0085,A0085,Land,Hue,65044.49699306487,65044.49699306487,reject,RISKY,"Condition, comps, and features (placeholder)"
APP_0086,A0086,Land,HCMC,195390.75324684376,195390.75324684376,review,RISKY,"Condition, comps, and features (placeholder)"
APP_0087,A0087,House,HCMC,121964.59644783908,121964.59644783908,reject,RISKY,"Condition, comps, and features (placeholder)"
APP_0088,A0088,Apartment,HCMC,1109373.8521452884,1109373.8521452884,review,RISKY,"Condition, comps, and features (placeholder)"
APP_0089,A0089,Land,Da Nang,1206029.488931168,1206029.488931168,review,RISKY,"Condition, comps, and features (placeholder)"
APP_0090,A0090,Factory,Da Nang,223108.27176997645,223108.27176997645,review,RISKY,"Condition, comps, and features (placeholder)"
APP_0091,A0091,Car,HCMC,1072964.00042474,1072964.00042474,review,RISKY,"Condition, comps, and features (placeholder)"
APP_0092,A0092,Factory,Da Nang,261185.48414106105,261185.48414106105,review,RISKY,"Condition, comps, and features (placeholder)"
APP_0093,A0093,Factory,HCMC,667505.1079605686,667505.1079605686,review,RISKY,"Condition, comps, and features (placeholder)"
APP_0094,A0094,Apartment,HCMC,766162.9837666019,766162.9837666019,review,RISKY,"Condition, comps, and features (placeholder)"
APP_0095,A0095,Factory,Hue,1215469.1206111691,1215469.1206111691,approve,VALIDATED,"Condition, comps, and features (placeholder)"
APP_0096,A0096,Apartment,Can Tho,1661573.9446374376,1661573.9446374376,approve,VALIDATED,"Condition, comps, and features (placeholder)"
APP_0097,A0097,Apartment,HCMC,94564.34251157618,94564.34251157618,reject,RISKY,"Condition, comps, and features (placeholder)"
APP_0098,A0098,Land,Can Tho,277024.5359450853,277024.5359450853,review,RISKY,"Condition, comps, and features (placeholder)"
APP_0099,A0099,Land,Da Nang,395259.04371374025,395259.04371374025,review,RISKY,"Condition, comps, and features (placeholder)"
APP_0100,A0100,House,Hanoi,604917.283505555,604917.283505555,review,RISKY,"Condition, comps, and features (placeholder)"
APP_0101,A0101,Factory,HCMC,1632959.6986254945,1632959.6986254945,review,RISKY,"Condition, comps, and features (placeholder)"
APP_0102,A0102,House,Hanoi,1299770.955000043,1299770.955000043,review,RISKY,"Condition, comps, and features (placeholder)"
APP_0103,A0103,Factory,Hanoi,516490.311905882,516490.311905882,review,RISKY,"Condition, comps, and features (placeholder)"
APP_0104,A0104,House,HCMC,1599414.0901497724,1599414.0901497724,review,RISKY,"Condition, comps, and features (placeholder)"
APP_0105,A0105,Land,Da Nang,618260.1472770822,618260.1472770822,review,RISKY,"Condition, comps, and features (placeholder)"
APP_0106,A0106,Land,Hue,863758.8041974608,863758.8041974608,review,RISKY,"Condition, comps, and features (placeholder)"
APP_0107,A0107,Land,Hanoi,506963.9434815531,506963.9434815531,review,RISKY,"Condition, comps, and features (placeholder)"
APP_0108,A0108,Land,Can Tho,277158.9626126476,277158.9626126476,review,RISKY,"Condition, comps, and features (placeholder)"
APP_0109,A0109,Car,HCMC,1680560.9370448436,1680560.9370448436,review,RISKY,"Condition, comps, and features (placeholder)"
APP_0110,A0110,Land,Hanoi,42439.91305411105,42439.91305411105,reject,RISKY,"Condition, comps, and features (placeholder)"
APP_0111,A0111,Apartment,Hue,280267.22872769675,280267.22872769675,review,RISKY,"Condition, comps, and features (placeholder)"
APP_0112,A0112,Land,Hue,298457.42165435414,298457.42165435414,review,RISKY,"Condition, comps, and features (placeholder)"
APP_0113,A0113,Car,Hue,478359.1461451229,478359.1461451229,review,RISKY,"Condition, comps, and features (placeholder)"
APP_0114,A0114,Car,Hanoi,161881.79803500575,161881.79803500575,review,RISKY,"Condition, comps, and features (placeholder)"
APP_0115,A0115,Car,Hanoi,68889.65274534802,68889.65274534802,reject,RISKY,"Condition, comps, and features (placeholder)"
APP_0116,A0116,Car,HCMC,798758.7016954914,798758.7016954914,review,RISKY,"Condition, comps, and features (placeholder)"
APP_0117,A0117,House,Da Nang,1757111.83863897,1757111.83863897,approve,VALIDATED,"Condition, comps, and features (placeholder)"
APP_0118,A0118,House,Can Tho,249120.43862886808,249120.43862886808,review,RISKY,"Condition, comps, and features (placeholder)"
APP_0119,A0119,Apartment,HCMC,469528.9306253007,469528.9306253007,review,RISKY,"Condition, comps, and features (placeholder)"
APP_0120,A0120,House,Hanoi,849368.4257805428,849368.4257805428,review,RISKY,"Condition, comps, and features (placeholder)"
APP_0121,A0121,Car,Can Tho,1567771.385096725,1567771.385096725,review,RISKY,"Condition, comps, and features (placeholder)"
APP_0122,A0122,Land,Hanoi,1327784.1310489972,1327784.1310489972,approve,VALIDATED,"Condition, comps, and features (placeholder)"
APP_0123,A0123,Land,Hanoi,1030805.0553622198,1030805.0553622198,review,RISKY,"Condition, comps, and features (placeholder)"
APP_0124,A0124,Car,Da Nang,813918.2661740046,813918.2661740046,review,RISKY,"Condition, comps, and features (placeholder)"
APP_0125,A0125,Factory,Da Nang,491659.4653133843,491659.4653133843,review,RISKY,"Condition, comps, and features (placeholder)"
APP_0126,A0126,Car,Hue,332294.4222479609,332294.4222479609,review,RISKY,"Condition, comps, and features (placeholder)"
APP_0127,A0127,House,Can Tho,1075293.5313626442,1075293.5313626442,review,RISKY,"Condition, comps, and features (placeholder)"
APP_0128,A0128,Land,Can Tho,1131516.1662190375,1131516.1662190375,review,RISKY,"Condition, comps, and features (placeholder)"
APP_0129,A0129,Car,HCMC,80364.55085847017,80364.55085847017,reject,RISKY,"Condition, comps, and features (placeholder)"
APP_0130,A0130,Land,Can Tho,1086933.589269952,1086933.589269952,review,RISKY,"Condition, comps, and features (placeholder)"
APP_0131,A0131,Car,Hue,162398.36094944348,162398.36094944348,review,RISKY,"Condition, comps, and features (placeholder)"
APP_0132,A0132,Car,Hanoi,1180063.9655663734,1180063.9655663734,review,RISKY,"Condition, comps, and features (placeholder)"
APP_0133,A0133,House,Can Tho,1349647.2580470094,1349647.2580470094,review,RISKY,"Condition, comps, and features (placeholder)"
APP_0134,A0134,Car,Hanoi,213598.74820972723,213598.74820972723,review,RISKY,"Condition, comps, and features (placeholder)"
APP_0135,A0135,Land,Da Nang,654482.732741013,654482.732741013,review,RISKY,"Condition, comps, and features (placeholder)"
APP_0136,A0136,Apartment,Hue,236526.4433989731,236526.4433989731,review,RISKY,"Condition, comps, and features (placeholder)"
APP_0137,A0137,Land,HCMC,731508.4222965178,731508.4222965178,review,RISKY,"Condition, comps, and features (placeholder)"
APP_0138,A0138,House,HCMC,1064491.857576567,1064491.857576567,review,RISKY,"Condition, comps, and features (placeholder)"
APP_0139,A0139,Apartment,Da Nang,116566.82856649163,116566.82856649163,reject,RISKY,"Condition, comps, and features (placeholder)"
APP_0140,A0140,Car,Can Tho,623199.1864234072,623199.1864234072,review,RISKY,"Condition, comps, and features (placeholder)"
APP_0141,A0141,Factory,HCMC,1242286.5399188327,1242286.5399188327,review,RISKY,"Condition, comps, and features (placeholder)"
APP_0142,A0142,Apartment,Hue,544574.3356952656,544574.3356952656,review,RISKY,"Condition, comps, and features (placeholder)"
APP_0143,A0143,Apartment,Da Nang,231045.9169818646,231045.9169818646,review,RISKY,"Condition, comps, and features (placeholder)"
APP_0144,A0144,Car,Hanoi,653780.1181291568,653780.1181291568,review,RISKY,"Condition, comps, and features (placeholder)"
APP_0145,A0145,Factory,Hue,881420.3590740208,881420.3590740208,approve,VALIDATED,"Condition, comps, and features (placeholder)"
APP_0146,A0146,Factory,Can Tho,1079675.7095302544,1079675.7095302544,review,RISKY,"Condition, comps, and features (placeholder)"
APP_0147,A0147,House,Da Nang,397456.7347571497,397456.7347571497,review,RISKY,"Condition, comps, and features (placeholder)"
APP_0148,A0148,Apartment,Hanoi,1280768.0508692255,1280768.0508692255,review,RISKY,"Condition, comps, and features (placeholder)"
APP_0149,A0149,Factory,Hanoi,712737.9915325636,712737.9915325636,review,RISKY,"Condition, comps, and features (placeholder)"
APP_0150,A0150,House,Da Nang,395333.92201971135,395333.92201971135,review,RISKY,"Condition, comps, and features (placeholder)"
