application_id,asset_id,confidence,ltv_ai,ltv_cap,policy_breaches,decision
APP_0001,A0001,70.3,0.1749876991185493,0.8,legal<0.97,review
APP_0002,A0002,63.7,0.1131507385744742,0.8,"confidence<70%, condition<0.75",review
APP_0003,A0003,67.5,2.2936068187766137,0.8,"confidence<70%, ltv>cap",reject
APP_0004,A0004,68.1,0.07726492483583447,0.8,"confidence<70%, legal<0.97",review
APP_0005,A0005,64.1,0.16803522649054733,0.8,"confidence<70%, condition<0.75",review
APP_0006,A0006,64.3,0.5865151100746269,0.8,"confidence<70%, condition<0.75",review
APP_0007,A0007,66.8,0.21985987338287216,0.8,confidence<70%,review
APP_0008,A0008,71.1,0.11003284501066546,0.8,,approve
APP_0009,A0009,67.9,0.21027145984909767,0.8,confidence<70%,review
APP_0010,A0010,70.5,0.49038016959038405,0.8,legal<0.97,review
APP_0011,A0011,69.9,0.10027260879199494,0.8,confidence<70%,review
APP_0012,A0012,67.0,0.1175759103355041,0.8,confidence<70%,review
APP_0013,A0013,69.7,0.4569352497941875,0.8,confidence<70%,review
APP_0014,A0014,63.0,0.3380168485878834,0.8,"confidence<70%, condition<0.75, legal<0.97",review
APP_0015,A0015,64.3,0.3515571279729431,0.8,"confidence<70%, condition<0.75",review
APP_0016,A0016,69.9,0.10192694713895155,0.8,confidence<70%,review
APP_0017,A0017,69.2,0.0892093468672331,0.8,"confidence<70%, legal<0.97",review
APP_0018,A0018,65.1,0.10907159695504093,0.8,"confidence<70%, condition<0.75",review
APP_0019,A0019,67.5,0.0772331677703153,0.8,confidence<70%,review
APP_0020,A0020,67.6,0.08751200554190106,0.8,"confidence<70%, legal<0.97",review
APP_0021,A0021,70.0,0.17804638605665749,0.8,,approve
APP_0022,A0022,68.2,0.4933132817309274,0.8,confidence<70%,review
APP_0023,A0023,66.3,0.13386470931826333,0.8,"confidence<70%, legal<0.97",review
APP_0024,A0024,66.1,0.09431604611337023,0.8,"confidence<70%, condition<0.75",review
APP_0025,A0025,66.5,0.08592975298784455,0.8,confidence<70%,review
APP_0026,A0026,68.2,0.28228884303578666,0.8,"confidence<70%, legal<0.97",review
APP_0027,A0027,70.4,0.255424088520275,0.8,,approve
APP_0028,A0028,67.0,1.1775340601996787,0.8,"confidence<70%, ltv>cap",reject
APP_0029,A0029,64.8,0.5843947245386698,0.8,"confidence<70%, condition<0.75, legal<0.97",review
APP_0030,A0030,65.4,0.14963881866968393,0.8,"confidence<70%, condition<0.75",review
APP_0031,A0031,69.4,0.12746817039394434,0.8,confidence<70%,review
APP_0032,A0032,69.5,0.15646013079327994,0.8,"confidence<70%, legal<0.97",review
APP_0033,A0033,64.2,0.2795401120378855,0.8,"confidence<70%, condition<0.75",review
APP_0034,A0034,63.4,0.1232979693997123,0.8,"confidence<70%, condition<0.75, legal<0.97",review
APP_0035,A0035,68.3,0.15125156335896223,0.8,confidence<70%,review
APP_0036,A0036,64.4,0.10944400676828461,0.8,"confidence<70%, condition<0.75",review
APP_0037,A0037,69.8,0.06353026499882841,0.8,confidence<70%,review
APP_0038,A0038,65.3,0.25271661651920524,0.8,"confidence<70%, condition<0.75, legal<0.97",review
APP_0039,A0039,64.6,0.378871487111619,0.8,"confidence<70%, condition<0.75",review
APP_0040,A0040,70.1,0.06535115930750426,0.8,legal<0.97,review
APP_0041,A0041,64.3,0.14685235129901822,0.8,"confidence<70%, condition<0.75, legal<0.97",review
APP_0042,A0042,65.1,0.29263252490212416,0.8,"confidence<70%, condition<0.75, legal<0.97",review
APP_0043,A0043,64.6,0.14861173079138568,0.8,"confidence<70%, condition<0.75",review
APP_0044,A0044,63.8,0.17332715254648337,0.8,"confidence<70%, condition<0.75, legal<0.97",review
APP_0045,A0045,63.6,0.11001958630551988,0.8,"confidence<70%, condition<0.75",review
APP_0046,A0046,63.7,0.3282130567239109,0.8,"confidence<70%, condition<0.75",review
APP_0047,A0047,64.2,0.09184382346267489,0.8,"confidence<70%, condition<0.75, legal<0.97",review
APP_0048,A0048,63.2,0.10003965421623731,0.8,"confidence<70%, condition<0.75, legal<0.97",review
APP_0049,A0049,67.5,0.36222359110496727,0.8,"confidence<70%, legal<0.97",review
APP_0050,A0050,68.7,0.4005330504532937,0.8,confidence<70%,review
APP_0051,A0051,66.5,0.14007994090752354,0.8,confidence<70%,review
APP_0052,A0052,65.5,1.2574418004402164,0.8,"confidence<70%, condition<0.75, legal<0.97, ltv>cap",reject
APP_0053,A0053,67.4,0.2314158516567827,0.8,confidence<70%,review
APP_0054,A0054,69.8,0.1544146165231108,0.8,"confidence<70%, legal<0.97",review
APP_0055,A0055,70.2,0.06569485965999743,0.8,,approve
APP_0056,A0056,63.8,0.09086204247217612,0.8,"confidence<70%, condition<0.75",review
APP_0057,A0057,64.8,0.5530709611664749,0.8,"confidence<70%, condition<0.75",review
APP_0058,A0058,65.2,0.10079252325570212,0.8,"confidence<70%, condition<0.75",review
APP_0059,A0059,65.4,0.7243759783726037,0.8,"confidence<70%, condition<0.75",review
APP_0060,A0060,67.3,0.10460833963177336,0.8,"confidence<70%, legal<0.97",review
APP_0061,A0061,66.2,0.09140654971912464,0.8,"confidence<70%, legal<0.97",review
APP_0062,A0062,63.2,0.11626347768385693,0.8,"confidence<70%, condition<0.75, legal<0.97",review
APP_0063,A0063,66.1,0.34752980940159584,0.8,"confidence<70%, condition<0.75",review
APP_0064,A0064,67.5,0.08286064495467109,0.8,confidence<70%,review
APP_0065,A0065,64.0,0.7274039229521699,0.8,"confidence<70%, condition<0.75",review
APP_0066,A0066,70.1,0.11280120318525139,0.8,,approve
APP_0067,A0067,63.3,0.18819254215474282,0.8,"confidence<70%, condition<0.75, legal<0.97",review
APP_0068,A0068,70.7,0.16784572009749085,0.8,,approve
APP_0069,A0069,63.7,2.015792779756468,0.8,"confidence<70%, condition<0.75, legal<0.97, ltv>cap",reject
APP_0070,A0070,69.7,0.09043872020477883,0.8,"confidence<70%, legal<0.97",review
APP_0071,A0071,70.5,0.1660380498911774,0.8,,approve
APP_0072,A0072,71.3,0.0867685810890794,0.8,,approve
APP_0073,A0073,69.6,0.16364292130710964,0.8,confidence<70%,review
APP_0074,A0074,69.0,0.16148277494074875,0.8,"confidence<70%, legal<0.97",review
APP_0075,A0075,68.4,0.08285130622933654,0.8,confidence<70%,review
APP_0076,A0076,69.0,0.565200214018735,0.8,"confidence<70%, legal<0.97",review
APP_0077,A0077,64.5,0.12767366761934512,0.8,"confidence<70%, condition<0.75",review
APP_0078,A0078,67.6,0.09800670534285102,0.8,confidence<70%,review
APP_0079,A0079,67.0,0.19862876595918802,0.8,"confidence<70%, legal<0.97",review
APP_0080,A0080,69.7,0.22130041014136473,0.8,"confidence<70%, legal<0.97",review
APP_0081,A0081,66.6,2.625934101442983,0.8,"confidence<70%, legal<0.97, ltv>cap",reject
APP_0082,A0082,66.6,0.08811262146500268,0.8,confidence<70%,review
APP_0083,A0083,68.2,0.06667914803979766,0.8,confidence<70%,review
APP_0084,A0084,65.5,0.34966102610592265,0.8,"confidence<70%, condition<0.75",review
APP_0085,A0085,64.3,1.6604248628675728,0.8,"confidence<70%, condition<0.75, ltv>cap",reject
APP_0086,A0086,67.0,0.552746218566229,0.8,confidence<70%,review
APP_0087,A0087,66.2,0.8855151670689067,0.8,"confidence<70%, legal<0.97, ltv>cap",reject
APP_0088,A0088,65.3,0.09735356551909757,0.8,"confidence<70%, condition<0.75",review
APP_0089,A0089,65.9,0.0895512928922785,0.8,"confidence<70%, condition<0.75, legal<0.97",review
APP_0090,A0090,66.1,0.4840766285498775,0.8,"confidence<70%, condition<0.75",review
APP_0091,A0091,65.9,0.10065715155144711,0.8,"confidence<70%, condition<0.75",review
APP_0092,A0092,66.3,0.4135049861410772,0.8,confidence<70%,review
APP_0093,A0093,68.9,0.16179876185513767,0.8,confidence<70%,review
APP_0094,A0094,65.2,0.14096413202977287,0.8,"confidence<70%, condition<0.75, legal<0.97",review
APP_0095,A0095,70.7,0.08885581556008108,0.8,,approve
APP_0096,A0096,70.4,0.06499951467616831,0.8,,approve
APP_0097,A0097,67.0,1.1420953937979201,0.8,"confidence<70%, ltv>cap",reject
APP_0098,A0098,65.5,0.38986257889232306,0.8,"confidence<70%, condition<0.75, legal<0.97",review
APP_0099,A0099,67.1,0.27324232479350496,0.8,"confidence<70%, legal<0.97",review
APP_0100,A0100,69.7,0.17853928618822182,0.8,"confidence<70%, legal<0.97",review
APP_0101,A0101,68.2,0.0661384969212086,0.8,"confidence<70%, legal<0.97",review
APP_0102,A0102,69.5,0.08309271690103003,0.8,confidence<70%,review
APP_0103,A0103,67.5,0.2091065359996156,0.8,confidence<70%,review
APP_0104,A0104,68.3,0.06752566497015575,0.8,confidence<70%,review
APP_0105,A0105,65.4,0.17468617454263563,0.8,"confidence<70%, condition<0.75",review
APP_0106,A0106,68.9,0.12503664156609878,0.8,confidence<70%,review
APP_0107,A0107,64.5,0.21303586061427632,0.8,"confidence<70%, condition<0.75, legal<0.97",review
APP_0108,A0108,68.7,0.3896734891122426,0.8,confidence<70%,review
APP_0109,A0109,69.9,0.06426514958149246,0.8,"confidence<70%, legal<0.97",review
APP_0110,A0110,63.8,2.5448096432784317,0.8,"confidence<70%, condition<0.75, legal<0.97, ltv>cap",reject
APP_0111,A0111,68.0,0.3853518675382935,0.8,confidence<70%,review
APP_0112,A0112,63.9,0.3618656872439157,0.8,"confidence<70%, condition<0.75",review
APP_0113,A0113,68.7,0.2257749242809186,0.8,"confidence<70%, legal<0.97",review
APP_0114,A0114,63.9,0.6671627157035004,0.8,"confidence<70%, condition<0.75",review
APP_0115,A0115,70.7,1.5677463261315847,0.8,ltv>cap,reject
APP_0116,A0116,64.4,0.13521167252481853,0.8,"confidence<70%, condition<0.75",review
APP_0117,A0117,70.9,0.06146535332870798,0.8,,approve
APP_0118,A0118,69.6,0.43353126943107745,0.8,confidence<70%,review
APP_0119,A0119,67.7,0.23002096986051046,0.8,"confidence<70%, legal<0.97",review
APP_0120,A0120,69.6,0.12715506807396335,0.8,confidence<70%,review
APP_0121,A0121,69.5,0.06888855162599919,0.8,confidence<70%,review
APP_0122,A0122,70.6,0.08133965263967641,0.8,,approve
APP_0123,A0123,65.2,0.10477393318763731,0.8,"confidence<70%, condition<0.75",review
APP_0124,A0124,67.7,0.13269329917816436,0.8,"confidence<70%, legal<0.97",review
APP_0125,A0125,63.9,0.21966728522384843,0.8,"confidence<70%, condition<0.75",review
APP_0126,A0126,68.2,0.32501749282871917,0.8,confidence<70%,review
APP_0127,A0127,64.8,0.10043908649123674,0.8,"confidence<70%, condition<0.75",review
APP_0128,A0128,68.0,0.09544848162522249,0.8,confidence<70%,review
APP_0129,A0129,67.7,1.3438947750756574,0.8,"confidence<70%, ltv>cap",reject
APP_0130,A0130,66.9,0.09936347635787032,0.8,confidence<70%,review
APP_0131,A0131,67.5,0.665040579034059,0.8,confidence<70%,review
APP_0132,A0132,69.1,0.09152173369531245,0.8,"confidence<70%, legal<0.97",review
APP_0133,A0133,69.8,0.08002202009159212,0.8,confidence<70%,review
APP_0134,A0134,67.1,0.5056279632030243,0.8,confidence<70%,review
APP_0135,A0135,67.6,0.1650181045230685,0.8,"confidence<70%, legal<0.97",review
APP_0136,A0136,70.3,0.45661490718745107,0.8,legal<0.97,review
APP_0137,A0137,64.3,0.14764218252051986,0.8,"confidence<70%, condition<0.75",review
APP_0138,A0138,63.7,0.1014582678404674,0.8,"confidence<70%, condition<0.75, legal<0.97",review
APP_0139,A0139,63.7,0.9265200171281504,0.8,"confidence<70%, condition<0.75, legal<0.97, ltv>cap",reject
APP_0140,A0140,68.3,0.1733017345863844,0.8,"confidence<70%, legal<0.97",review
APP_0141,A0141,66.2,0.0869376722113213,0.8,"confidence<70%, legal<0.97",review
APP_0142,A0142,69.2,0.19832278702982395,0.8,"confidence<70%, legal<0.97",review
APP_0143,A0143,68.7,0.4674460445387456,0.8,confidence<70%,review
APP_0144,A0144,65.4,0.1651954487527929,0.8,"confidence<70%, condition<0.75, legal<0.97",review
APP_0145,A0145,70.6,0.12253120646482611,0.8,,approve
APP_0146,A0146,69.5,0.10003142522025371,0.8,confidence<70%,review
APP_0147,A0147,65.2,0.2717314629628557,0.8,"confidence<70%, condition<0.75, legal<0.97",review
APP_0148,A0148,65.8,0.08432557317986036,0.8,"confidence<70%, condition<0.75, legal<0.97",review
APP_0149,A0149,65.7,0.15153043794925253,0.8,"confidence<70%, condition<0.75",review
APP_0150,A0150,64.1,0.27319057127259383,0.8,"confidence<70%, condition<0.75, legal<0.97",review
