application_id,asset_id,confidence,ltv_ai,ltv_cap,policy_breaches,decision,status
APP_0001,A0001,55.0,0.8486232956971506,0.8,"confidence<70%, condition<0.75, legal<0.97, ltv>cap",reject,RISKY
APP_0002,A0002,63.9,0.11131546946622708,0.8,"confidence<70%, condition<0.75",review,RISKY
APP_0003,A0003,55.0,12.570176650179073,0.8,"confidence<70%, condition<0.75, ltv>cap",reject,RISKY
APP_0004,A0004,60.0,0.14656126809384934,0.8,"confidence<70%, condition<0.75, legal<0.97",reject,RISKY
APP_0005,A0005,61.1,0.22028353792639987,0.8,"confidence<70%, condition<0.75",review,RISKY
APP_0006,A0006,58.2,1.099524524950525,0.8,"confidence<70%, condition<0.75, ltv>cap",reject,RISKY
APP_0007,A0007,63.3,0.28605846186585726,0.8,"confidence<70%, condition<0.75",review,RISKY
APP_0008,A0008,60.7,0.23095022446741081,0.8,"confidence<70%, condition<0.75",review,RISKY
APP_0009,A0009,59.5,0.4197504072137348,0.8,"confidence<70%, condition<0.75",reject,RISKY
APP_0010,A0010,55.0,3.6710964308481655,0.8,"confidence<70%, condition<0.75, legal<0.97, ltv>cap",reject,RISKY
APP_0011,A0011,55.0,0.5776607015170572,0.8,"confidence<70%, condition<0.75",reject,RISKY
APP_0012,A0012,60.3,0.20561482913794263,0.8,"confidence<70%, condition<0.75",review,RISKY
APP_0013,A0013,60.1,0.9711525185159795,0.8,"confidence<70%, condition<0.75, ltv>cap",reject,RISKY
APP_0014,A0014,62.2,0.36003817992327675,0.8,"confidence<70%, condition<0.75, legal<0.97",review,RISKY
APP_0015,A0015,61.0,0.4714217016648873,0.8,"confidence<70%, condition<0.75",review,RISKY
APP_0016,A0016,55.0,0.6331507927816368,0.8,"confidence<70%, condition<0.75",reject,RISKY
APP_0017,A0017,62.8,0.13659836821532514,0.8,"confidence<70%, condition<0.75, legal<0.97",review,RISKY
APP_0018,A0018,66.4,0.0994641540398136,0.8,confidence<70%,review,RISKY
APP_0019,A0019,58.9,0.16509765104588547,0.8,"confidence<70%, condition<0.75",reject,RISKY
APP_0020,A0020,65.6,0.09962252333644901,0.8,"confidence<70%, condition<0.75, legal<0.97",review,RISKY
APP_0021,A0021,60.5,0.358780735187566,0.8,"confidence<70%, condition<0.75",review,RISKY
APP_0022,A0022,64.8,0.6193974290260112,0.8,"confidence<70%, condition<0.75",review,RISKY
APP_0023,A0023,56.0,0.40964133947391357,0.8,"confidence<70%, condition<0.75, legal<0.97",reject,RISKY
APP_0024,A0024,56.9,0.24381466022473733,0.8,"confidence<70%, condition<0.75",reject,RISKY
APP_0025,A0025,55.0,0.6619622878631616,0.8,"confidence<70%, condition<0.75",reject,RISKY
APP_0026,A0026,58.4,0.6567201291932809,0.8,"confidence<70%, condition<0.75, legal<0.97",reject,RISKY
APP_0027,A0027,55.0,1.8606588821403944,0.8,"confidence<70%, condition<0.75, ltv>cap",reject,RISKY
APP_0028,A0028,63.9,1.4608127801668562,0.8,"confidence<70%, condition<0.75, ltv>cap",reject,RISKY
APP_0029,A0029,55.0,3.142856061319225,0.8,"confidence<70%, condition<0.75, legal<0.97, ltv>cap",reject,RISKY
APP_0030,A0030,56.3,0.43312017404509995,0.8,"confidence<70%, condition<0.75",reject,RISKY
APP_0031,A0031,55.0,1.1451813239252153,0.8,"confidence<70%, condition<0.75, ltv>cap",reject,RISKY
APP_0032,A0032,67.6,0.17467501287562986,0.8,"confidence<70%, legal<0.97",review,RISKY
APP_0033,A0033,57.2,0.6189511921301846,0.8,"confidence<70%, condition<0.75",reject,RISKY
APP_0034,A0034,55.0,0.4828838150192699,0.8,"confidence<70%, condition<0.75, legal<0.97",reject,RISKY
APP_0035,A0035,57.9,0.3959829574935029,0.8,"confidence<70%, condition<0.75",reject,RISKY
APP_0036,A0036,63.0,0.12214494622318287,0.8,"confidence<70%, condition<0.75",review,RISKY
APP_0037,A0037,64.8,0.08687443061939902,0.8,"confidence<70%, condition<0.75",review,RISKY
APP_0038,A0038,63.8,0.2815394791147637,0.8,"confidence<70%, condition<0.75, legal<0.97",review,RISKY
APP_0039,A0039,59.4,0.6228162038658284,0.8,"confidence<70%, condition<0.75",reject,RISKY
APP_0040,A0040,58.6,0.1622699764372217,0.8,"confidence<70%, condition<0.75, legal<0.97",reject,RISKY
APP_0041,A0041,57.3,0.3057340620584751,0.8,"confidence<70%, condition<0.75, legal<0.97",reject,RISKY
APP_0042,A0042,57.3,0.6528339299225966,0.8,"confidence<70%, condition<0.75, legal<0.97",reject,RISKY
APP_0043,A0043,56.7,0.3640686647693504,0.8,"confidence<70%, condition<0.75",reject,RISKY
APP_0044,A0044,58.5,0.29474557126552975,0.8,"confidence<70%, condition<0.75, legal<0.97",reject,RISKY
APP_0045,A0045,55.0,0.4183901886669933,0.8,"confidence<70%, condition<0.75",reject,RISKY
APP_0046,A0046,64.2,0.3141545117883937,0.8,"confidence<70%, condition<0.75",review,RISKY
APP_0047,A0047,59.2,0.14648140535229212,0.8,"confidence<70%, condition<0.75, legal<0.97",reject,RISKY
APP_0048,A0048,62.2,0.1090524851970337,0.8,"confidence<70%, condition<0.75, legal<0.97",review,RISKY
APP_0049,A0049,63.4,0.4809280143420072,0.8,"confidence<70%, condition<0.75, legal<0.97",review,RISKY
APP_0050,A0050,55.0,1.8388384033406684,0.8,"confidence<70%, condition<0.75, ltv>cap",reject,RISKY
APP_0051,A0051,59.2,0.27206117178842804,0.8,"confidence<70%, condition<0.75",reject,RISKY
APP_0052,A0052,55.0,9.144071992542676,0.8,"confidence<70%, condition<0.75, legal<0.97, ltv>cap",reject,RISKY
APP_0053,A0053,60.0,0.43151548493847947,0.8,"confidence<70%, condition<0.75",reject,RISKY
APP_0054,A0054,56.2,0.5433118183639263,0.8,"confidence<70%, condition<0.75, legal<0.97",reject,RISKY
APP_0055,A0055,61.4,0.123565809813013,0.8,"confidence<70%, condition<0.75",review,RISKY
APP_0056,A0056,66.4,0.07479642487432053,0.8,confidence<70%,review,RISKY
APP_0057,A0057,55.0,3.7199517663817936,0.8,"confidence<70%, condition<0.75, ltv>cap",reject,RISKY
APP_0058,A0058,55.0,0.7002035912400447,0.8,"confidence<70%, condition<0.75",reject,RISKY
APP_0059,A0059,62.8,0.8892732188044462,0.8,"confidence<70%, condition<0.75, ltv>cap",reject,RISKY
APP_0060,A0060,55.0,0.5777818898398039,0.8,"confidence<70%, condition<0.75, legal<0.97",reject,RISKY
APP_0061,A0061,65.3,0.09731052038329403,0.8,"confidence<70%, condition<0.75, legal<0.97",review,RISKY
APP_0062,A0062,55.4,0.3132550813892614,0.8,"confidence<70%, condition<0.75, legal<0.97",reject,RISKY
APP_0063,A0063,57.1,0.8681823525746538,0.8,"confidence<70%, condition<0.75, ltv>cap",reject,RISKY
APP_0064,A0064,55.9,0.2916338687994101,0.8,"confidence<70%, condition<0.75",reject,RISKY
APP_0065,A0065,55.0,3.1068331345451474,0.8,"confidence<70%, condition<0.75, ltv>cap",reject,RISKY
APP_0066,A0066,61.2,0.21487096526552335,0.8,"confidence<70%, condition<0.75",review,RISKY
APP_0067,A0067,62.1,0.20861974926949103,0.8,"confidence<70%, condition<0.75, legal<0.97",review,RISKY
APP_0068,A0068,65.3,0.23257104550164695,0.8,"confidence<70%, condition<0.75",review,RISKY
APP_0069,A0069,55.0,7.163290499578657,0.8,"confidence<70%, condition<0.75, legal<0.97, ltv>cap",reject,RISKY
APP_0070,A0070,55.0,0.8477996773059093,0.8,"confidence<70%, condition<0.75, legal<0.97, ltv>cap",reject,RISKY
APP_0071,A0071,64.3,0.24549651851239868,0.8,"confidence<70%, condition<0.75",review,RISKY
APP_0072,A0072,58.1,0.2607864601994928,0.8,"confidence<70%, condition<0.75",reject,RISKY
APP_0073,A0073,55.0,1.0763149713501192,0.8,"confidence<70%, condition<0.75, ltv>cap",reject,RISKY
APP_0074,A0074,60.0,0.32008379017292876,0.8,"confidence<70%, condition<0.75, legal<0.97",reject,RISKY
APP_0075,A0075,58.0,0.20883239763616376,0.8,"confidence<70%, condition<0.75",reject,RISKY
APP_0076,A0076,60.8,1.0304713818843803,0.8,"confidence<70%, condition<0.75, legal<0.97, ltv>cap",reject,RISKY
APP_0077,A0077,55.0,0.8347571014536266,0.8,"confidence<70%, condition<0.75, ltv>cap",reject,RISKY
APP_0078,A0078,55.0,0.7256302547531545,0.8,"confidence<70%, condition<0.75",reject,RISKY
APP_0079,A0079,61.1,0.3137902769197614,0.8,"confidence<70%, condition<0.75, legal<0.97",review,RISKY
APP_0080,A0080,61.6,0.386467912912725,0.8,"confidence<70%, condition<0.75, legal<0.97",review,RISKY
APP_0081,A0081,60.1,4.481897207306665,0.8,"confidence<70%, condition<0.75, legal<0.97, ltv>cap",reject,RISKY
APP_0082,A0082,56.3,0.2768336286625719,0.8,"confidence<70%, condition<0.75",reject,RISKY
APP_0083,A0083,67.3,0.07045148449547307,0.8,confidence<70%,review,RISKY
APP_0084,A0084,55.0,1.5441584404395448,0.8,"confidence<70%, condition<0.75, ltv>cap",reject,RISKY
APP_0085,A0085,59.2,2.722712238892802,0.8,"confidence<70%, condition<0.75, ltv>cap",reject,RISKY
APP_0086,A0086,58.4,1.2147379822274513,0.8,"confidence<70%, condition<0.75, ltv>cap",reject,RISKY
APP_0087,A0087,55.0,3.3948692189678216,0.8,"confidence<70%, condition<0.75, legal<0.97, ltv>cap",reject,RISKY
APP_0088,A0088,61.7,0.13229165586015432,0.8,"confidence<70%, condition<0.75",review,RISKY
APP_0089,A0089,61.2,0.1311671349705169,0.8,"confidence<70%, condition<0.75, legal<0.97",review,RISKY
APP_0090,A0090,56.2,1.4455631434605378,0.8,"confidence<70%, condition<0.75, ltv>cap",reject,RISKY
APP_0091,A0091,61.9,0.1388305645182422,0.8,"confidence<70%, condition<0.75",review,RISKY
APP_0092,A0092,57.8,0.9420215372607712,0.8,"confidence<70%, condition<0.75, ltv>cap",reject,RISKY
APP_0093,A0093,63.1,0.2438969427778472,0.8,"confidence<70%, condition<0.75",review,RISKY
APP_0094,A0094,58.5,0.26662645537122054,0.8,"confidence<70%, condition<0.75, legal<0.97",reject,RISKY
APP_0095,A0095,58.1,0.2486803065932124,0.8,"confidence<70%, condition<0.75",reject,RISKY
APP_0096,A0096,68.9,0.07058941508256272,0.8,confidence<70%,review,RISKY
APP_0097,A0097,55.0,9.049554702751143,0.8,"confidence<70%, condition<0.75, ltv>cap",reject,RISKY
APP_0098,A0098,56.0,1.096630176199698,0.8,"confidence<70%, condition<0.75, legal<0.97, ltv>cap",reject,RISKY
APP_0099,A0099,55.0,2.2246677357549167,0.8,"confidence<70%, condition<0.75, legal<0.97, ltv>cap",reject,RISKY
APP_0100,A0100,67.2,0.20706682135086626,0.8,"confidence<70%, legal<0.97",review,RISKY
APP_0101,A0101,66.0,0.0759300753046757,0.8,"confidence<70%, legal<0.97",review,RISKY
APP_0102,A0102,60.1,0.17020282470102546,0.8,"confidence<70%, condition<0.75",review,RISKY
APP_0103,A0103,64.4,0.25760940230143103,0.8,"confidence<70%, condition<0.75",review,RISKY
APP_0104,A0104,63.8,0.09144551190023126,0.8,"confidence<70%, condition<0.75",review,RISKY
APP_0105,A0105,57.7,0.37862553179208663,0.8,"confidence<70%, condition<0.75",reject,RISKY
APP_0106,A0106,64.5,0.16683196135780112,0.8,"confidence<70%, condition<0.75",review,RISKY
APP_0107,A0107,55.0,0.805940505800521,0.8,"confidence<70%, condition<0.75, legal<0.97, ltv>cap",reject,RISKY
APP_0108,A0108,64.8,0.5030909675021915,0.8,"confidence<70%, condition<0.75",review,RISKY
APP_0109,A0109,66.6,0.07780100720299749,0.8,"confidence<70%, legal<0.97",review,RISKY
APP_0110,A0110,58.0,4.614878932430065,0.8,"confidence<70%, condition<0.75, legal<0.97, ltv>cap",reject,RISKY
APP_0111,A0111,55.0,3.2591207268118447,0.8,"confidence<70%, condition<0.75, ltv>cap",reject,RISKY
APP_0112,A0112,66.7,0.2960053431554223,0.8,confidence<70%,review,RISKY
APP_0113,A0113,63.1,0.32951526389759916,0.8,"confidence<70%, condition<0.75, legal<0.97",review,RISKY
APP_0114,A0114,55.0,3.8440538141239284,0.8,"confidence<70%, condition<0.75, ltv>cap",reject,RISKY
APP_0115,A0115,55.0,15.275742830866124,0.8,"confidence<70%, condition<0.75, ltv>cap",reject,RISKY
APP_0116,A0116,61.5,0.17364444300063708,0.8,"confidence<70%, condition<0.75",review,RISKY
APP_0117,A0117,57.4,0.1950141201390735,0.8,"confidence<70%, condition<0.75",reject,RISKY
APP_0118,A0118,61.2,0.7980041901376408,0.8,"confidence<70%, condition<0.75",review,RISKY
APP_0119,A0119,57.4,0.6019884565585604,0.8,"confidence<70%, condition<0.75, legal<0.97",reject,RISKY
APP_0120,A0120,57.5,0.3745125463373415,0.8,"confidence<70%, condition<0.75",reject,RISKY
APP_0121,A0121,60.2,0.14053967739811835,0.8,"confidence<70%, condition<0.75",review,RISKY
APP_0122,A0122,66.7,0.1020302521214408,0.8,confidence<70%,review,RISKY
APP_0123,A0123,62.6,0.12891850552102627,0.8,"confidence<70%, condition<0.75",review,RISKY
APP_0124,A0124,55.0,0.583871718079684,0.8,"confidence<70%, condition<0.75, legal<0.97",reject,RISKY
APP_0125,A0125,56.9,0.48328293383096566,0.8,"confidence<70%, condition<0.75",reject,RISKY
APP_0126,A0126,58.5,0.7642120780355235,0.8,"confidence<70%, condition<0.75",reject,RISKY
APP_0127,A0127,59.4,0.16786297184382748,0.8,"confidence<70%, condition<0.75",reject,RISKY
APP_0128,A0128,55.0,0.4927410012402983,0.8,"confidence<70%, condition<0.75",reject,RISKY
APP_0129,A0129,67.1,1.3925642697587248,0.8,"confidence<70%, ltv>cap",reject,RISKY
APP_0130,A0130,66.9,0.09890993380667053,0.8,confidence<70%,review,RISKY
APP_0131,A0131,64.5,0.8152316407029901,0.8,"confidence<70%, condition<0.75, ltv>cap",reject,RISKY
APP_0132,A0132,59.2,0.202144579128558,0.8,"confidence<70%, condition<0.75, legal<0.97",reject,RISKY
APP_0133,A0133,59.6,0.1795026408782592,0.8,"confidence<70%, condition<0.75",reject,RISKY
APP_0134,A0134,58.9,1.0331162797741122,0.8,"confidence<70%, condition<0.75, ltv>cap",reject,RISKY
APP_0135,A0135,59.8,0.30797415999033567,0.8,"confidence<70%, condition<0.75, legal<0.97",reject,RISKY
APP_0136,A0136,55.0,4.440554832441615,0.8,"confidence<70%, condition<0.75, legal<0.97, ltv>cap",reject,RISKY
APP_0137,A0137,68.0,0.1152486757147467,0.8,confidence<70%,review,RISKY
APP_0138,A0138,59.2,0.15625573972844603,0.8,"confidence<70%, condition<0.75, legal<0.97",reject,RISKY
APP_0139,A0139,61.6,1.1102220233283648,0.8,"confidence<70%, condition<0.75, legal<0.97, ltv>cap",reject,RISKY
APP_0140,A0140,59.2,0.36484043931492394,0.8,"confidence<70%, condition<0.75, legal<0.97",reject,RISKY
APP_0141,A0141,55.0,0.41699834889008536,0.8,"confidence<70%, condition<0.75, legal<0.97",reject,RISKY
APP_0142,A0142,64.6,0.265323389324039,0.8,"confidence<70%, condition<0.75, legal<0.97",review,RISKY
APP_0143,A0143,55.0,2.706489429144993,0.8,"confidence<70%, condition<0.75, ltv>cap",reject,RISKY
APP_0144,A0144,62.2,0.2125674472541042,0.8,"confidence<70%, condition<0.75, legal<0.97",review,RISKY
APP_0145,A0145,60.0,0.27337185729589625,0.8,"confidence<70%, condition<0.75",reject,RISKY
APP_0146,A0146,59.8,0.21554696693154085,0.8,"confidence<70%, condition<0.75",reject,RISKY
APP_0147,A0147,55.0,1.7494910898922755,0.8,"confidence<70%, condition<0.75, legal<0.97, ltv>cap",reject,RISKY
APP_0148,A0148,56.7,0.21682629022889505,0.8,"confidence<70%, condition<0.75, legal<0.97",reject,RISKY
APP_0149,A0149,60.2,0.24439367540709786,0.8,"confidence<70%, condition<0.75",review,RISKY
APP_0150,A0150,61.8,0.3293409987170688,0.8,"confidence<70%, condition<0.75, legal<0.97",review,RISKY
