{
  "timestamp": "20251106-095031",
  "model_choice": "GradientBoostingRegressor",
  "trained_model_path": "/home/dzoan/AI-AIGENTbythePeoplesANDBOX/HUGKAG/agents/asset_appraisal/models/trained/GradientBoostingRegressor_asset_20251106-095031.joblib",
  "features": [
    "confidence",
    "loan_amount"
  ],
  "metrics_new": {
    "MAE": 217984.65210393007,
    "RMSE": 340571.37773184787,
    "MAPE%": 138.71284636968284,
    "R2": 0.4235578217774173
  },
  "metrics_prod": null,
  "holdout_rows": 30,
  "source_file": "./.tmp_runs/reviewed_appraisal.20251106-095014.csv",
  "preds_csv": "./.tmp_runs/training_preds_20251106-095031.csv"
}