application_id,asset_id,asset_type,city,fmv,ai_adjusted,decision,status,why
APP_0001,A0001,House,Can Tho,127266.71604186394,127266.71604186394,reject,RISKY,"Condition, comps, and features (placeholder)"
APP_0002,A0002,Land,Hue,970229.0303214996,970229.0303214996,review,RISKY,"Condition, comps, and features (placeholder)"
APP_0003,A0003,Land,Hanoi,8591.88402881048,8591.88402881048,reject,RISKY,"Condition, comps, and features (placeholder)"
APP_0004,A0004,Car,Hanoi,736903.4220612918,736903.4220612918,reject,RISKY,"Condition, comps, and features (placeholder)"
APP_0005,A0005,Car,Can Tho,490284.0267441363,490284.0267441363,review,RISKY,"Condition, comps, and features (placeholder)"
APP_0006,A0006,Factory,HCMC,98225.63985542725,98225.63985542725,reject,RISKY,"Condition, comps, and features (placeholder)"
APP_0007,A0007,House,Hue,377550.44649105903,377550.44649105903,review,RISKY,"Condition, comps, and features (placeholder)"
APP_0008,A0008,Land,Hanoi,467639.7273441057,467639.7273441057,review,RISKY,"Condition, comps, and features (placeholder)"
APP_0009,A0009,Apartment,HCMC,257299.33347034533,257299.33347034533,reject,RISKY,"Condition, comps, and features (placeholder)"
APP_0010,A0010,House,HCMC,29419.412438329076,29419.412438329076,reject,RISKY,"Condition, comps, and features (placeholder)"
APP_0011,A0011,Car,HCMC,186963.55787465823,186963.55787465823,reject,RISKY,"Condition, comps, and features (placeholder)"
APP_0012,A0012,Factory,Hue,525261.2394388348,525261.2394388348,review,RISKY,"Condition, comps, and features (placeholder)"
APP_0013,A0013,Land,Can Tho,111209.61737816152,111209.61737816152,reject,RISKY,"Condition, comps, and features (placeholder)"
APP_0014,A0014,Land,Can Tho,299972.3529960485,299972.3529960485,review,RISKY,"Condition, comps, and features (placeholder)"
APP_0015,A0015,Land,Hue,229097.4293686069,229097.4293686069,review,RISKY,"Condition, comps, and features (placeholder)"
APP_0016,A0016,Land,HCMC,170577.84848616295,170577.84848616295,reject,RISKY,"Condition, comps, and features (placeholder)"
APP_0017,A0017,Car,Can Tho,790650.001248574,790650.001248574,review,RISKY,"Condition, comps, and features (placeholder)"
APP_0018,A0018,House,Da Nang,1085833.39437813,1085833.39437813,review,RISKY,"Condition, comps, and features (placeholder)"
APP_0019,A0019,Factory,Da Nang,654167.3931507554,654167.3931507554,reject,RISKY,"Condition, comps, and features (placeholder)"
APP_0020,A0020,Car,Hue,1084107.251883725,1084107.251883725,review,RISKY,"Condition, comps, and features (placeholder)"
APP_0021,A0021,Car,Hue,301023.68775050924,301023.68775050924,review,RISKY,"Condition, comps, and features (placeholder)"
APP_0022,A0022,Apartment,Can Tho,174365.43152888116,174365.43152888116,review,RISKY,"Condition, comps, and features (placeholder)"
APP_0023,A0023,House,Da Nang,263648.9279590339,263648.9279590339,reject,RISKY,"Condition, comps, and features (placeholder)"
APP_0024,A0024,Factory,Hue,442965.5702427783,442965.5702427783,reject,RISKY,"Condition, comps, and features (placeholder)"
APP_0025,A0025,Land,Hue,163153.5541830227,163153.5541830227,reject,RISKY,"Condition, comps, and features (placeholder)"
APP_0026,A0026,Land,HCMC,164455.90016049868,164455.90016049868,reject,RISKY,"Condition, comps, and features (placeholder)"
APP_0027,A0027,Car,HCMC,58044.76093745959,58044.76093745959,reject,RISKY,"Condition, comps, and features (placeholder)"
APP_0028,A0028,Factory,Hue,73932.47202263928,73932.47202263928,reject,RISKY,"Condition, comps, and features (placeholder)"
APP_0029,A0029,Car,Hanoi,34364.12546194241,34364.12546194241,reject,RISKY,"Condition, comps, and features (placeholder)"
APP_0030,A0030,Car,HCMC,249356.8909324321,249356.8909324321,reject,RISKY,"Condition, comps, and features (placeholder)"
APP_0031,A0031,Car,Hue,94309.5191509191,94309.5191509191,reject,RISKY,"Condition, comps, and features (placeholder)"
APP_0032,A0032,Apartment,Can Tho,618299.6538657651,618299.6538657651,review,RISKY,"Condition, comps, and features (placeholder)"
APP_0033,A0033,House,Da Nang,174491.14142312526,174491.14142312526,reject,RISKY,"Condition, comps, and features (placeholder)"
APP_0034,A0034,Car,HCMC,223659.39101870728,223659.39101870728,reject,RISKY,"Condition, comps, and features (placeholder)"
APP_0035,A0035,Factory,Da Nang,272742.79853766697,272742.79853766697,reject,RISKY,"Condition, comps, and features (placeholder)"
APP_0036,A0036,House,Hue,884207.6838992585,884207.6838992585,review,RISKY,"Condition, comps, and features (placeholder)"
APP_0037,A0037,Factory,Da Nang,1243190.881712476,1243190.881712476,review,RISKY,"Condition, comps, and features (placeholder)"
APP_0038,A0038,Factory,Hanoi,383610.4987463426,383610.4987463426,review,RISKY,"Condition, comps, and features (placeholder)"
APP_0039,A0039,Apartment,Da Nang,173408.30140518706,173408.30140518706,reject,RISKY,"Condition, comps, and features (placeholder)"
APP_0040,A0040,Land,Da Nang,665566.7448240687,665566.7448240687,reject,RISKY,"Condition, comps, and features (placeholder)"
APP_0041,A0041,House,Hue,353253.082999118,353253.082999118,reject,RISKY,"Condition, comps, and features (placeholder)"
APP_0042,A0042,Land,Can Tho,165434.87562419623,165434.87562419623,reject,RISKY,"Condition, comps, and features (placeholder)"
APP_0043,A0043,Land,Can Tho,296651.4574068673,296651.4574068673,reject,RISKY,"Condition, comps, and features (placeholder)"
APP_0044,A0044,Apartment,Hue,366422.80844553845,366422.80844553845,reject,RISKY,"Condition, comps, and features (placeholder)"
APP_0045,A0045,House,HCMC,258135.83330932495,258135.83330932495,reject,RISKY,"Condition, comps, and features (placeholder)"
APP_0046,A0046,Factory,Da Nang,343784.6535616429,343784.6535616429,review,RISKY,"Condition, comps, and features (placeholder)"
APP_0047,A0047,Car,Hanoi,737305.1872369273,737305.1872369273,reject,RISKY,"Condition, comps, and features (placeholder)"
APP_0048,A0048,Factory,Can Tho,990362.5745425718,990362.5745425718,review,RISKY,"Condition, comps, and features (placeholder)"
APP_0049,A0049,Land,Can Tho,224568.95165020644,224568.95165020644,review,RISKY,"Condition, comps, and features (placeholder)"
APP_0050,A0050,Land,Can Tho,58733.54602763935,58733.54602763935,reject,RISKY,"Condition, comps, and features (placeholder)"
APP_0051,A0051,Land,HCMC,396975.0600206515,396975.0600206515,reject,RISKY,"Condition, comps, and features (placeholder)"
APP_0052,A0052,House,HCMC,11811.094672928992,11811.094672928992,reject,RISKY,"Condition, comps, and features (placeholder)"
APP_0053,A0053,Apartment,Can Tho,250284.18161030216,250284.18161030216,reject,RISKY,"Condition, comps, and features (placeholder)"
APP_0054,A0054,Car,Da Nang,198783.6383261912,198783.6383261912,reject,RISKY,"Condition, comps, and features (placeholder)"
APP_0055,A0055,Car,Hue,874040.3204044402,874040.3204044402,review,RISKY,"Condition, comps, and features (placeholder)"
APP_0056,A0056,House,Da Nang,1443939.335088188,1443939.335088188,review,RISKY,"Condition, comps, and features (placeholder)"
APP_0057,A0057,Car,Da Nang,29033.03773345629,29033.03773345629,reject,RISKY,"Condition, comps, and features (placeholder)"
APP_0058,A0058,House,Hue,154242.9963958508,154242.9963958508,reject,RISKY,"Condition, comps, and features (placeholder)"
APP_0059,A0059,Land,Can Tho,121449.17637933482,121449.17637933482,reject,RISKY,"Condition, comps, and features (placeholder)"
APP_0060,A0060,Land,HCMC,186924.3427306878,186924.3427306878,reject,RISKY,"Condition, comps, and features (placeholder)"
APP_0061,A0061,Factory,Can Tho,1109864.5816978014,1109864.5816978014,review,RISKY,"Condition, comps, and features (placeholder)"
APP_0062,A0062,Land,HCMC,344771.7416778107,344771.7416778107,reject,RISKY,"Condition, comps, and features (placeholder)"
APP_0063,A0063,Apartment,Da Nang,124399.55693606788,124399.55693606788,reject,RISKY,"Condition, comps, and features (placeholder)"
APP_0064,A0064,Factory,Can Tho,370332.5009698546,370332.5009698546,reject,RISKY,"Condition, comps, and features (placeholder)"
APP_0065,A0065,Car,Can Tho,34762.56861017798,34762.56861017798,reject,RISKY,"Condition, comps, and features (placeholder)"
APP_0066,A0066,Apartment,Can Tho,502634.21987488575,502634.21987488575,review,RISKY,"Condition, comps, and features (placeholder)"
APP_0067,A0067,Factory,HCMC,517695.4740775079,517695.4740775079,review,RISKY,"Condition, comps, and features (placeholder)"
APP_0068,A0068,Apartment,Can Tho,464380.6788890889,464380.6788890889,review,RISKY,"Condition, comps, and features (placeholder)"
APP_0069,A0069,House,Can Tho,15077.079452013377,15077.079452013377,reject,RISKY,"Condition, comps, and features (placeholder)"
APP_0070,A0070,Car,Can Tho,127390.35280504136,127390.35280504136,reject,RISKY,"Condition, comps, and features (placeholder)"
APP_0071,A0071,Land,Hanoi,439930.8823377283,439930.8823377283,review,RISKY,"Condition, comps, and features (placeholder)"
APP_0072,A0072,House,Hue,414137.68152450287,414137.68152450287,reject,RISKY,"Condition, comps, and features (placeholder)"
APP_0073,A0073,Car,Can Tho,100343.768204324,100343.768204324,reject,RISKY,"Condition, comps, and features (placeholder)"
APP_0074,A0074,House,Hue,337416.3369586789,337416.3369586789,reject,RISKY,"Condition, comps, and features (placeholder)"
APP_0075,A0075,Land,HCMC,517168.3188169135,517168.3188169135,reject,RISKY,"Condition, comps, and features (placeholder)"
APP_0076,A0076,Car,Hue,104807.85968311138,104807.85968311138,reject,RISKY,"Condition, comps, and features (placeholder)"
APP_0077,A0077,Apartment,Hanoi,129380.75017502542,129380.75017502542,reject,RISKY,"Condition, comps, and features (placeholder)"
APP_0078,A0078,Apartment,Da Nang,148838.19864531426,148838.19864531426,reject,RISKY,"Condition, comps, and features (placeholder)"
APP_0079,A0079,Car,Hue,344183.7046710559,344183.7046710559,review,RISKY,"Condition, comps, and features (placeholder)"
APP_0080,A0080,Land,Da Nang,279457.87060565024,279457.87060565024,review,RISKY,"Condition, comps, and features (placeholder)"
APP_0081,A0081,Factory,Hue,24097.272874516017,24097.272874516017,reject,RISKY,"Condition, comps, and features (placeholder)"
APP_0082,A0082,Car,HCMC,390131.43208710855,390131.43208710855,reject,RISKY,"Condition, comps, and features (placeholder)"
APP_0083,A0083,House,Hue,1532991.1182629478,1532991.1182629478,review,RISKY,"Condition, comps, and features (placeholder)"
APP_0084,A0084,Factory,Hue,69941.98080428675,69941.98080428675,reject,RISKY,"Condition, comps, and features (placeholder)"
APP_0085,A0085,Land,Hue,39666.880126824966,39666.880126824966,reject,RISKY,"Condition, comps, and features (placeholder)"
APP_0086,A0086,Land,HCMC,88909.2969678604,88909.2969678604,reject,RISKY,"Condition, comps, and features (placeholder)"
APP_0087,A0087,House,HCMC,31813.154803305457,31813.154803305457,reject,RISKY,"Condition, comps, and features (placeholder)"
APP_0088,A0088,Apartment,HCMC,816389.3580269986,816389.3580269986,review,RISKY,"Condition, comps, and features (placeholder)"
APP_0089,A0089,Land,Da Nang,823388.4198528545,823388.4198528545,review,RISKY,"Condition, comps, and features (placeholder)"
APP_0090,A0090,Factory,Da Nang,74712.40567288877,74712.40567288877,reject,RISKY,"Condition, comps, and features (placeholder)"
APP_0091,A0091,Car,HCMC,777937.4835417364,777937.4835417364,review,RISKY,"Condition, comps, and features (placeholder)"
APP_0092,A0092,Factory,Da Nang,114648.65263489504,114648.65263489504,reject,RISKY,"Condition, comps, and features (placeholder)"
APP_0093,A0093,Factory,HCMC,442816.1286891277,442816.1286891277,review,RISKY,"Condition, comps, and features (placeholder)"
APP_0094,A0094,Apartment,HCMC,405066.70596370834,405066.70596370834,reject,RISKY,"Condition, comps, and features (placeholder)"
APP_0095,A0095,Factory,Hue,434298.5638049227,434298.5638049227,reject,RISKY,"Condition, comps, and features (placeholder)"
APP_0096,A0096,Apartment,Can Tho,1529995.678157687,1529995.678157687,review,RISKY,"Condition, comps, and features (placeholder)"
APP_0097,A0097,Apartment,HCMC,11934.454627603567,11934.454627603567,reject,RISKY,"Condition, comps, and features (placeholder)"
APP_0098,A0098,Land,Can Tho,98484.88792664115,98484.88792664115,reject,RISKY,"Condition, comps, and features (placeholder)"
APP_0099,A0099,Land,Da Nang,48547.24966978085,48547.24966978085,reject,RISKY,"Condition, comps, and features (placeholder)"
APP_0100,A0100,House,Hanoi,521578.00701926975,521578.00701926975,review,RISKY,"Condition, comps, and features (placeholder)"
APP_0101,A0101,Factory,HCMC,1422381.0468596937,1422381.0468596937,review,RISKY,"Condition, comps, and features (placeholder)"
APP_0102,A0102,House,Hanoi,634545.8730765077,634545.8730765077,review,RISKY,"Condition, comps, and features (placeholder)"
APP_0103,A0103,Factory,Hanoi,419245.1790778447,419245.1790778447,review,RISKY,"Condition, comps, and features (placeholder)"
APP_0104,A0104,House,HCMC,1181047.5741863814,1181047.5741863814,review,RISKY,"Condition, comps, and features (placeholder)"
APP_0105,A0105,Land,Da Nang,285246.2154065894,285246.2154065894,reject,RISKY,"Condition, comps, and features (placeholder)"
APP_0106,A0106,Land,Hue,647366.9620677262,647366.9620677262,review,RISKY,"Condition, comps, and features (placeholder)"
APP_0107,A0107,Land,Hanoi,134006.7898594137,134006.7898594137,reject,RISKY,"Condition, comps, and features (placeholder)"
APP_0108,A0108,Land,Can Tho,214675.8876157512,214675.8876157512,review,RISKY,"Condition, comps, and features (placeholder)"
APP_0109,A0109,Car,HCMC,1388176.116000706,1388176.116000706,review,RISKY,"Condition, comps, and features (placeholder)"
APP_0110,A0110,Land,Hanoi,23402.889129125964,23402.889129125964,reject,RISKY,"Condition, comps, and features (placeholder)"
APP_0111,A0111,Apartment,Hue,33138.23238013335,33138.23238013335,reject,RISKY,"Condition, comps, and features (placeholder)"
APP_0112,A0112,Land,Hue,364863.3462109233,364863.3462109233,review,RISKY,"Condition, comps, and features (placeholder)"
APP_0113,A0113,Car,Hue,327758.71661460504,327758.71661460504,review,RISKY,"Condition, comps, and features (placeholder)"
APP_0114,A0114,Car,Hanoi,28095.730502829567,28095.730502829567,reject,RISKY,"Condition, comps, and features (placeholder)"
APP_0115,A0115,Car,Hanoi,7070.130807764875,7070.130807764875,reject,RISKY,"Condition, comps, and features (placeholder)"
APP_0116,A0116,Car,HCMC,621969.2270809021,621969.2270809021,review,RISKY,"Condition, comps, and features (placeholder)"
APP_0117,A0117,House,Da Nang,553813.7439636637,553813.7439636637,reject,RISKY,"Condition, comps, and features (placeholder)"
APP_0118,A0118,House,Can Tho,135339.51492331357,135339.51492331357,review,RISKY,"Condition, comps, and features (placeholder)"
APP_0119,A0119,Apartment,HCMC,179407.92522405088,179407.92522405088,reject,RISKY,"Condition, comps, and features (placeholder)"
APP_0120,A0120,House,Hanoi,288378.8568800519,288378.8568800519,reject,RISKY,"Condition, comps, and features (placeholder)"
APP_0121,A0121,Car,Can Tho,768476.9312089371,768476.9312089371,review,RISKY,"Condition, comps, and features (placeholder)"
APP_0122,A0122,Land,Hanoi,1058524.2881831946,1058524.2881831946,review,RISKY,"Condition, comps, and features (placeholder)"
APP_0123,A0123,Land,Hanoi,837750.1706485827,837750.1706485827,review,RISKY,"Condition, comps, and features (placeholder)"
APP_0124,A0124,Car,Da Nang,184974.707038748,184974.707038748,reject,RISKY,"Condition, comps, and features (placeholder)"
APP_0125,A0125,Factory,Da Nang,223474.68209538492,223474.68209538492,reject,RISKY,"Condition, comps, and features (placeholder)"
APP_0126,A0126,Car,Hue,141323.98990294378,141323.98990294378,reject,RISKY,"Condition, comps, and features (placeholder)"
APP_0127,A0127,House,Can Tho,643390.8491771489,643390.8491771489,reject,RISKY,"Condition, comps, and features (placeholder)"
APP_0128,A0128,Land,Can Tho,219185.12916145613,219185.12916145613,reject,RISKY,"Condition, comps, and features (placeholder)"
APP_0129,A0129,Car,HCMC,77555.8459637287,77555.8459637287,reject,RISKY,"Condition, comps, and features (placeholder)"
APP_0130,A0130,Land,Can Tho,1091917.6248879093,1091917.6248879093,review,RISKY,"Condition, comps, and features (placeholder)"
APP_0131,A0131,Car,Hue,132479.52435563982,132479.52435563982,reject,RISKY,"Condition, comps, and features (placeholder)"
APP_0132,A0132,Car,Hanoi,534278.4875339854,534278.4875339854,reject,RISKY,"Condition, comps, and features (placeholder)"
APP_0133,A0133,House,Can Tho,601670.8137082389,601670.8137082389,reject,RISKY,"Condition, comps, and features (placeholder)"
APP_0134,A0134,Car,Hanoi,104539.53936686993,104539.53936686993,reject,RISKY,"Condition, comps, and features (placeholder)"
APP_0135,A0135,Land,Da Nang,350683.64178147,350683.64178147,reject,RISKY,"Condition, comps, and features (placeholder)"
APP_0136,A0136,Apartment,Hue,24321.622877161044,24321.622877161044,reject,RISKY,"Condition, comps, and features (placeholder)"
APP_0137,A0137,Land,HCMC,937117.0586577128,937117.0586577128,review,RISKY,"Condition, comps, and features (placeholder)"
APP_0138,A0138,House,HCMC,691184.209858107,691184.209858107,reject,RISKY,"Condition, comps, and features (placeholder)"
APP_0139,A0139,Apartment,Da Nang,97279.19076602296,97279.19076602296,reject,RISKY,"Condition, comps, and features (placeholder)"
APP_0140,A0140,Car,Can Tho,296023.92816651275,296023.92816651275,reject,RISKY,"Condition, comps, and features (placeholder)"
APP_0141,A0141,Factory,HCMC,258997.42837703085,258997.42837703085,reject,RISKY,"Condition, comps, and features (placeholder)"
APP_0142,A0142,Apartment,Hue,407056.0845583725,407056.0845583725,review,RISKY,"Condition, comps, and features (placeholder)"
APP_0143,A0143,Apartment,Da Nang,39904.64504940585,39904.64504940585,reject,RISKY,"Condition, comps, and features (placeholder)"
APP_0144,A0144,Car,Hanoi,508081.0885915869,508081.0885915869,review,RISKY,"Condition, comps, and features (placeholder)"
APP_0145,A0145,Factory,Hue,395071.7570869036,395071.7570869036,reject,RISKY,"Condition, comps, and features (placeholder)"
APP_0146,A0146,Factory,Can Tho,501057.8508130991,501057.8508130991,reject,RISKY,"Condition, comps, and features (placeholder)"
APP_0147,A0147,House,Da Nang,61733.09519778701,61733.09519778701,reject,RISKY,"Condition, comps, and features (placeholder)"
APP_0148,A0148,Apartment,Hanoi,498101.49814391526,498101.49814391526,reject,RISKY,"Condition, comps, and features (placeholder)"
APP_0149,A0149,Factory,Hanoi,441916.10040684114,441916.10040684114,review,RISKY,"Condition, comps, and features (placeholder)"
APP_0150,A0150,House,Da Nang,327932.1445575084,327932.1445575084,review,RISKY,"Condition, comps, and features (placeholder)"
